session_id,face_presence_percent,maximum_faces_detected,longest_face_absence_sec,multiple_face_duration_sec,looking_away_events,looking_center_percent,looking_left_percent,looking_right_percent,activity_label
S00001,100.0,1,0.0,0.0,1,33.17,49.85,16.98,LOOKING_LEFT
S00002,100.0,2,0.0,242.34,5,53.19,13.44,33.37,MULTIPLE_FACES
S00003,99.8,1,1.13,0.0,4,67.78,19.68,12.54,NORMAL
S00004,99.56,2,4.04,191.61,2,92.03,2.25,5.72,MULTIPLE_FACES
S00005,99.92,2,0.39,1.86,4,71.4,12.96,15.64,MULTIPLE_FACES
S00006,100.0,1,0.0,0.0,1,62.99,36.3,0.71,LOOKING_LEFT
S00007,100.0,1,0.0,0.0,1,90.09,9.33,0.58,NORMAL
S00008,100.0,2,0.0,172.06,4,66.22,15.92,17.86,MULTIPLE_FACES
S00009,100.0,1,0.0,0.0,0,67.89,26.21,5.9,LOOKING_LEFT
S00010,99.9,1,0.98,0.0,3,95.14,2.54,2.32,NORMAL
S00011,64.86,1,178.4,0.0,1,87.62,3.18,9.2,NO_FACE
S00012,100.0,1,0.0,0.0,3,67.53,5.81,26.66,LOOKING_RIGHT
S00013,99.75,4,4.34,378.48,1,88.72,9.97,1.31,MULTIPLE_FACES
S00014,99.81,1,0.63,0.0,7,64.47,33.86,1.67,LOOKING_LEFT
S00015,49.75,1,194.5,0.0,1,63.05,18.53,18.42,NO_FACE
S00016,98.66,1,1.39,0.0,6,0.0,64.73,35.27,LOOKING_LEFT
S00017,99.83,1,1.52,0.0,4,85.91,12.11,1.98,NORMAL
S00018,100.0,1,0.0,0.0,3,45.28,20.69,34.03,LOOKING_AWAY
S00019,100.0,1,0.0,0.0,3,32.01,11.12,56.87,LOOKING_RIGHT
S00020,100.0,1,0.0,0.0,3,30.85,24.52,44.63,LOOKING_RIGHT
S00021,99.81,1,0.25,0.0,11,43.54,39.27,17.19,LOOKING_AWAY
S00022,100.0,1,0.0,0.0,4,71.73,17.97,10.3,NORMAL
S00023,100.0,2,0.0,1.54,2,48.83,27.3,23.87,MULTIPLE_FACES
S00024,99.98,1,0.14,0.0,11,37.88,36.7,25.42,LOOKING_AWAY
S00025,76.93,2,62.6,69.17,7,41.97,23.08,34.95,MULTIPLE_FACES
S00026,100.0,1,0.0,0.0,16,19.96,49.92,30.12,LOOKING_AWAY
S00027,100.0,1,0.0,0.0,2,93.02,2.35,4.63,NORMAL
S00028,100.0,1,0.0,0.0,2,65.22,4.94,29.84,LOOKING_RIGHT
S00029,99.1,1,9.52,0.0,6,19.53,75.43,5.04,LOOKING_LEFT
S00030,95.36,1,11.28,0.0,6,50.16,28.74,21.1,LOOKING_AWAY
S00031,99.96,1,0.56,0.0,6,64.63,15.53,19.84,NORMAL
S00032,11.11,1,656.6,0.0,1,94.26,4.79,0.95,NO_FACE
S00033,97.81,2,3.12,74.06,7,85.79,11.1,3.11,MULTIPLE_FACES
S00034,99.85,2,2.4,479.46,1,69.16,19.37,11.47,MULTIPLE_FACES
S00035,100.0,1,0.0,0.0,3,40.21,15.83,43.96,LOOKING_RIGHT
S00036,15.85,1,577.89,0.0,2,68.31,15.98,15.71,NO_FACE
S00037,100.0,1,0.0,0.0,7,51.53,30.3,18.17,LOOKING_LEFT
S00038,100.0,1,0.02,0.0,2,58.19,14.64,27.17,NORMAL
S00039,83.18,1,89.45,0.0,7,48.6,31.05,20.35,NO_FACE
S00040,100.0,1,0.0,0.0,3,63.44,29.18,7.38,LOOKING_LEFT
S00041,99.74,1,0.62,0.0,5,52.25,44.52,3.23,LOOKING_LEFT
S00042,99.46,1,7.64,0.0,3,63.93,20.77,15.3,NORMAL
S00043,100.0,1,0.0,0.0,3,60.53,11.75,27.72,LOOKING_RIGHT
S00044,100.0,2,0.0,0.99,1,94.51,5.45,0.04,NORMAL
S00045,99.62,1,2.14,0.0,8,17.85,21.63,60.52,LOOKING_AWAY
S00046,98.07,1,4.29,0.0,6,62.54,19.76,17.7,NORMAL
S00047,100.0,2,0.0,39.74,3,71.44,22.49,6.07,MULTIPLE_FACES
S00048,25.95,1,549.36,0.0,4,28.58,5.42,66.0,NO_FACE
S00049,100.0,1,0.0,0.0,4,64.34,17.37,18.29,NORMAL
S00050,93.25,1,7.0,0.0,2,63.84,10.43,25.73,NORMAL
S00051,0.0,0,169.99,0.0,0,100.0,0.0,0.0,NO_FACE
S00052,100.0,1,0.0,0.0,4,17.62,16.04,66.34,LOOKING_RIGHT
S00053,99.88,3,1.04,51.98,2,75.09,4.53,20.38,MULTIPLE_FACES
S00054,99.7,1,0.49,0.0,10,25.19,10.32,64.49,LOOKING_RIGHT
S00055,67.09,1,111.85,0.0,1,74.26,20.36,5.38,NO_FACE
S00056,100.0,1,0.0,0.0,0,39.4,12.8,47.8,LOOKING_RIGHT
S00057,22.3,1,480.06,0.0,7,25.34,34.46,40.2,NO_FACE
S00058,98.97,2,2.25,1.04,10,18.57,31.11,50.32,LOOKING_AWAY
S00059,30.97,1,22.65,0.0,4,80.26,14.3,5.44,NO_FACE
S00060,0.0,0,1403.16,0.0,0,100.0,0.0,0.0,NO_FACE
S00061,99.4,1,0.99,0.0,4,60.98,11.58,27.44,NORMAL
S00062,100.0,1,0.0,0.0,4,49.02,8.15,42.83,LOOKING_RIGHT
S00063,99.9,1,1.27,0.0,0,17.05,65.34,17.61,LOOKING_LEFT
S00064,100.0,1,0.0,0.0,0,93.44,3.62,2.94,NORMAL
S00065,99.92,1,0.28,0.0,0,84.94,8.94,6.12,NORMAL
S00066,99.91,1,0.92,0.0,5,23.85,21.0,55.15,LOOKING_RIGHT
S00067,26.53,1,63.36,0.0,2,54.57,29.53,15.9,NO_FACE
S00068,100.0,1,0.0,0.0,5,49.41,23.15,27.44,LOOKING_AWAY
S00069,99.03,1,4.83,0.0,5,54.08,27.77,18.15,LOOKING_LEFT
S00070,26.06,1,397.02,0.0,1,76.38,10.86,12.76,NO_FACE
S00071,99.86,2,0.96,150.11,2,75.4,17.68,6.92,MULTIPLE_FACES
S00072,99.79,1,2.71,0.0,0,96.42,2.58,1.0,NORMAL
S00073,73.03,1,51.31,0.0,3,63.87,21.97,14.16,NO_FACE
S00074,80.04,1,135.29,0.0,6,40.42,31.66,27.92,NO_FACE
S00075,49.3,1,199.9,0.0,4,52.53,29.24,18.23,NO_FACE
S00076,100.0,1,0.0,0.0,3,33.75,23.44,42.81,LOOKING_RIGHT
S00077,100.0,2,0.0,0.44,4,78.3,13.56,8.14,NORMAL
S00078,99.94,1,0.71,0.0,5,0.0,75.87,24.13,LOOKING_LEFT
S00079,100.0,1,0.0,0.0,13,34.98,21.06,43.96,LOOKING_AWAY
S00080,100.0,1,0.0,0.0,3,77.7,10.44,11.86,NORMAL
S00081,100.0,1,0.0,0.0,11,22.85,44.29,32.86,LOOKING_AWAY
S00082,99.8,1,1.92,0.0,3,57.34,12.13,30.53,NORMAL
S00083,99.77,3,1.0,65.94,1,92.96,1.87,5.17,MULTIPLE_FACES
S00084,73.03,1,109.93,0.0,1,74.28,15.59,10.13,NO_FACE
S00085,99.9,1,1.41,0.0,2,23.27,64.58,12.15,LOOKING_LEFT
S00086,77.2,1,217.64,0.0,1,87.66,5.57,6.77,NO_FACE
S00087,72.26,1,66.07,0.0,2,49.1,20.91,29.99,NO_FACE
S00088,55.4,1,252.75,0.0,4,79.66,5.33,15.01,NO_FACE
S00089,100.0,1,0.0,0.0,10,42.53,41.48,15.99,LOOKING_AWAY
S00090,97.2,1,8.05,0.0,6,51.63,14.4,33.97,LOOKING_RIGHT
S00091,100.0,1,0.0,0.0,6,42.41,5.96,51.63,LOOKING_RIGHT
S00092,100.0,1,0.0,0.0,2,69.93,8.07,22.0,LOOKING_RIGHT
S00093,100.0,1,0.0,0.0,7,53.41,27.48,19.11,LOOKING_AWAY
S00094,100.0,1,0.0,0.0,6,83.01,9.81,7.18,NORMAL
S00095,69.36,1,422.58,0.0,3,92.91,0.61,6.48,NO_FACE
S00096,81.96,1,59.79,0.0,1,86.07,7.46,6.47,NO_FACE
S00097,99.73,1,0.95,0.0,5,47.02,41.9,11.08,LOOKING_AWAY
S00098,100.0,1,0.0,0.0,3,52.81,11.39,35.8,LOOKING_RIGHT
S00099,99.75,1,2.08,0.0,4,28.24,23.28,48.48,LOOKING_RIGHT
S00100,99.97,1,0.27,0.0,2,38.78,6.72,54.5,LOOKING_RIGHT
S00101,99.55,1,2.24,0.0,0,87.53,10.67,1.8,NORMAL
S00102,100.0,2,0.0,76.78,1,88.86,4.25,6.89,MULTIPLE_FACES
S00103,98.16,2,12.92,2.58,5,50.63,30.34,19.03,MULTIPLE_FACES
S00104,99.91,1,1.36,0.0,3,52.01,6.68,41.31,LOOKING_RIGHT
S00105,99.34,1,10.62,0.0,7,26.23,51.83,21.94,LOOKING_LEFT
S00106,100.0,1,0.0,0.0,4,78.72,8.46,12.82,NORMAL
S00107,98.49,1,21.86,0.0,4,58.08,20.67,21.25,NORMAL
S00108,99.05,1,0.85,0.0,5,59.14,6.36,34.5,LOOKING_RIGHT
S00109,100.0,1,0.0,0.0,8,37.45,30.34,32.21,LOOKING_AWAY
S00110,100.0,1,0.0,0.0,5,57.53,9.17,33.3,NORMAL
S00111,100.0,1,0.0,0.0,3,12.31,62.72,24.97,LOOKING_LEFT
S00112,99.26,1,2.91,0.0,4,0.0,62.51,37.49,LOOKING_LEFT
S00113,99.96,3,0.2,146.45,5,80.95,3.13,15.92,MULTIPLE_FACES
S00114,99.17,1,10.3,0.0,4,70.8,13.36,15.84,NORMAL
S00115,99.99,1,0.04,0.0,5,34.25,37.19,28.56,LOOKING_AWAY
S00116,100.0,3,0.0,213.19,2,90.89,2.03,7.08,MULTIPLE_FACES
S00117,100.0,1,0.0,0.0,2,37.02,19.76,43.22,LOOKING_RIGHT
S00118,99.85,1,0.27,0.0,1,62.86,9.67,27.47,NORMAL
S00119,99.9,1,0.97,0.0,3,66.71,13.24,20.05,NORMAL
S00120,60.72,2,243.56,224.67,6,78.05,6.12,15.83,MULTIPLE_FACES
S00121,100.0,1,0.0,0.0,6,40.6,6.39,53.01,LOOKING_RIGHT
S00122,77.55,2,74.05,80.73,5,86.94,11.03,2.03,MULTIPLE_FACES
S00123,98.81,1,4.88,0.0,2,50.04,20.68,29.28,LOOKING_RIGHT
S00124,100.0,1,0.0,0.0,5,28.02,67.35,4.63,LOOKING_LEFT
S00125,8.17,1,365.15,0.0,3,55.05,28.49,16.46,NO_FACE
S00126,100.0,2,0.0,296.06,4,82.43,5.54,12.03,MULTIPLE_FACES
S00127,78.45,1,82.44,0.0,1,84.99,2.66,12.35,NO_FACE
S00128,63.95,2,82.77,370.58,2,91.09,5.6,3.31,MULTIPLE_FACES
S00129,100.0,1,0.0,0.0,12,21.92,38.5,39.58,LOOKING_AWAY
S00130,100.0,1,0.0,0.0,1,70.76,1.95,27.29,NORMAL
S00131,99.89,1,0.8,0.0,4,47.15,35.28,17.57,LOOKING_LEFT
S00132,87.94,1,105.11,0.0,4,68.65,8.4,22.95,NO_FACE
S00133,99.89,1,0.82,0.0,1,77.12,19.58,3.3,NORMAL
S00134,99.22,1,6.64,0.0,2,36.7,48.4,14.9,LOOKING_LEFT
S00135,100.0,1,0.0,0.0,1,25.55,28.39,46.06,LOOKING_RIGHT
S00136,99.75,1,1.21,0.0,5,35.61,41.05,23.34,LOOKING_AWAY
S00137,100.0,1,0.0,0.0,2,86.49,8.61,4.9,NORMAL
S00138,100.0,1,0.0,0.0,5,49.64,41.7,8.66,LOOKING_LEFT
S00139,100.0,1,0.0,0.0,1,82.76,13.73,3.51,NORMAL
S00140,100.0,1,0.0,0.0,12,44.94,9.45,45.61,LOOKING_AWAY
S00141,100.0,1,0.0,0.0,3,78.0,12.28,9.72,NORMAL
S00142,98.76,1,15.19,0.0,5,54.1,3.44,42.46,LOOKING_RIGHT
S00143,100.0,1,0.0,0.0,5,38.09,60.2,1.71,LOOKING_LEFT
S00144,99.84,1,1.06,0.0,1,81.98,11.77,6.25,NORMAL
S00145,99.99,1,0.03,0.0,4,1.55,18.4,80.05,LOOKING_RIGHT
S00146,98.84,1,1.1,0.0,6,12.73,49.65,37.62,LOOKING_LEFT
S00147,97.32,4,7.95,188.23,5,73.92,6.04,20.04,MULTIPLE_FACES
S00148,100.0,1,0.0,0.0,3,82.77,6.36,10.87,NORMAL
S00149,100.0,1,0.0,0.0,2,76.69,12.69,10.62,NORMAL
S00150,99.18,2,1.18,80.28,4,61.31,20.34,18.35,MULTIPLE_FACES
S00151,100.0,1,0.0,0.0,4,49.86,37.19,12.95,LOOKING_LEFT
S00152,99.86,1,0.16,0.0,7,18.12,72.33,9.55,LOOKING_LEFT
S00153,88.95,1,60.54,0.0,0,85.73,8.03,6.24,NO_FACE
S00154,100.0,1,0.0,0.0,3,53.77,6.16,40.07,LOOKING_RIGHT
S00155,66.29,2,62.87,202.77,2,84.96,1.37,13.67,MULTIPLE_FACES
S00156,100.0,1,0.0,0.0,3,0.74,51.13,48.13,LOOKING_LEFT
S00157,100.0,2,0.0,2.36,3,87.12,10.3,2.58,MULTIPLE_FACES
S00158,99.86,1,0.33,0.0,3,60.51,30.81,8.68,NORMAL
S00159,100.0,1,0.0,0.0,3,24.64,56.62,18.74,LOOKING_LEFT
S00160,62.82,2,111.3,98.38,6,41.55,38.21,20.24,MULTIPLE_FACES
S00161,99.9,1,1.09,0.0,1,78.64,10.63,10.73,NORMAL
S00162,100.0,2,0.0,50.26,1,81.96,9.11,8.93,MULTIPLE_FACES
S00163,100.0,1,0.0,0.0,3,41.46,6.91,51.63,LOOKING_RIGHT
S00164,99.41,1,2.57,0.0,8,67.0,14.81,18.19,NORMAL
S00165,98.67,1,16.85,0.0,2,81.27,11.57,7.16,NORMAL
S00166,100.0,1,0.0,0.0,8,61.31,13.22,25.47,NORMAL
S00167,100.0,2,0.0,0.95,7,39.76,20.36,39.88,LOOKING_AWAY
S00168,100.0,1,0.0,0.0,10,39.5,21.87,38.63,LOOKING_AWAY
S00169,99.96,1,0.1,0.0,7,15.5,12.04,72.46,LOOKING_RIGHT
S00170,100.0,1,0.0,0.0,4,91.52,8.14,0.34,NORMAL
S00171,99.95,1,0.49,0.0,0,81.34,12.15,6.51,NORMAL
S00172,100.0,1,0.0,0.0,10,19.92,42.3,37.78,LOOKING_AWAY
S00173,99.95,1,0.14,0.0,4,26.96,12.77,60.27,LOOKING_RIGHT
S00174,99.44,1,4.79,0.0,4,27.31,65.5,7.19,LOOKING_LEFT
S00175,100.0,1,0.0,0.0,2,73.73,6.5,19.77,NORMAL
S00176,100.0,1,0.0,0.0,2,91.8,6.42,1.78,NORMAL
S00177,27.97,1,226.18,0.0,0,74.03,20.33,5.64,NO_FACE
S00178,99.81,1,1.4,0.0,12,3.15,53.67,43.18,LOOKING_AWAY
S00179,99.7,2,0.88,185.72,4,57.51,14.95,27.54,MULTIPLE_FACES
S00180,100.0,1,0.0,0.0,9,0.0,77.8,22.2,LOOKING_LEFT
S00181,100.0,1,0.0,0.0,0,48.71,20.71,30.58,LOOKING_RIGHT
S00182,13.01,1,474.86,0.0,1,58.67,26.36,14.97,NO_FACE
S00183,100.0,1,0.0,0.0,8,17.08,70.65,12.27,LOOKING_LEFT
S00184,0.0,0,1188.99,0.0,0,100.0,0.0,0.0,NO_FACE
S00185,100.0,2,0.0,236.12,4,71.5,1.59,26.91,MULTIPLE_FACES
S00186,99.93,1,0.54,0.0,5,20.88,12.29,66.83,LOOKING_RIGHT
S00187,99.66,1,0.89,0.0,2,63.27,24.7,12.03,NORMAL
S00188,99.97,1,0.34,0.0,4,32.31,2.44,65.25,LOOKING_RIGHT
S00189,100.0,1,0.0,0.0,1,63.74,18.55,17.71,NORMAL
S00190,99.86,1,0.99,0.0,1,87.84,3.47,8.69,NORMAL
S00191,99.75,1,0.43,0.0,0,65.64,7.45,26.91,LOOKING_RIGHT
S00192,5.37,1,64.99,0.0,2,71.56,16.38,12.06,NO_FACE
S00193,62.84,2,159.19,163.48,5,48.16,24.15,27.69,MULTIPLE_FACES
S00194,12.95,1,487.49,0.0,2,66.71,18.47,14.82,NO_FACE
S00195,99.54,1,3.29,0.0,3,36.79,7.79,55.42,LOOKING_RIGHT
S00196,99.98,3,0.37,203.06,5,75.97,22.58,1.45,MULTIPLE_FACES
S00197,100.0,1,0.0,0.0,2,84.92,4.3,10.78,NORMAL
S00198,66.02,1,91.98,0.0,5,26.67,38.44,34.89,NO_FACE
S00199,100.0,1,0.0,0.0,2,68.84,12.23,18.93,NORMAL
S00200,67.27,1,47.78,0.0,1,86.65,0.75,12.6,NO_FACE
S00201,100.0,2,0.0,1.68,1,81.29,0.96,17.75,MULTIPLE_FACES
S00202,99.65,1,1.06,0.0,14,13.81,54.13,32.06,LOOKING_AWAY
S00203,100.0,1,0.0,0.0,4,68.16,18.63,13.21,NORMAL
S00204,40.85,1,279.18,0.0,2,89.02,1.5,9.48,NO_FACE
S00205,99.77,1,2.18,0.0,8,43.15,37.11,19.74,LOOKING_AWAY
S00206,98.52,1,2.07,0.0,0,79.47,6.55,13.98,NORMAL
S00207,98.9,1,11.73,0.0,8,47.83,15.79,36.38,LOOKING_RIGHT
S00208,98.01,1,1.54,0.0,2,70.46,5.28,24.26,NORMAL
S00209,98.59,1,7.56,0.0,6,27.24,14.66,58.1,LOOKING_RIGHT
S00210,99.65,1,3.75,0.0,3,77.29,15.91,6.8,NORMAL
S00211,60.14,1,174.15,0.0,0,73.68,15.28,11.04,NO_FACE
S00212,99.84,1,2.09,0.0,0,59.0,19.0,22.0,LOOKING_RIGHT
S00213,98.82,1,1.75,0.0,3,58.76,10.76,30.48,LOOKING_RIGHT
S00214,100.0,1,0.0,0.0,6,9.42,66.89,23.69,LOOKING_AWAY
S00215,75.19,2,202.34,1.45,2,76.15,11.32,12.53,MULTIPLE_FACES
S00216,100.0,1,0.0,0.0,6,35.92,10.56,53.52,LOOKING_RIGHT
S00217,99.64,1,4.16,0.0,3,24.03,59.71,16.26,LOOKING_LEFT
S00218,100.0,1,0.0,0.0,0,67.6,22.0,10.4,LOOKING_LEFT
S00219,99.96,1,0.27,0.0,4,47.02,7.24,45.74,LOOKING_RIGHT
S00220,28.84,1,153.08,0.0,0,73.32,17.54,9.14,NO_FACE
S00221,100.0,1,0.0,0.0,3,19.52,21.3,59.18,LOOKING_RIGHT
S00222,100.0,1,0.0,0.0,3,47.86,49.64,2.5,LOOKING_LEFT
S00223,99.97,1,0.3,0.0,1,38.74,11.56,49.7,LOOKING_RIGHT
S00224,98.59,1,8.6,0.0,3,81.77,14.23,4.0,NORMAL
S00225,100.0,1,0.0,0.0,7,28.75,37.85,33.4,LOOKING_AWAY
S00226,99.77,2,2.31,1.06,5,63.83,16.69,19.48,MULTIPLE_FACES
S00227,100.0,1,0.0,0.0,2,66.49,3.02,30.49,LOOKING_RIGHT
S00228,100.0,1,0.0,0.0,3,21.55,12.45,66.0,LOOKING_RIGHT
S00229,23.42,1,282.19,0.0,4,45.02,14.7,40.28,NO_FACE
S00230,100.0,2,0.0,109.16,5,74.24,14.92,10.84,MULTIPLE_FACES
S00231,99.74,1,2.58,0.0,1,73.15,1.94,24.91,NORMAL
S00232,100.0,1,0.0,0.0,4,85.64,6.79,7.57,NORMAL
S00233,100.0,1,0.0,0.0,2,60.65,37.8,1.55,LOOKING_LEFT
S00234,100.0,1,0.0,0.0,2,16.06,51.93,32.01,LOOKING_LEFT
S00235,100.0,2,0.0,167.72,3,76.93,19.92,3.15,MULTIPLE_FACES
S00236,99.7,2,1.14,104.33,5,61.11,3.02,35.87,MULTIPLE_FACES
S00237,97.51,1,23.63,0.0,5,61.8,6.37,31.83,NORMAL
S00238,25.02,1,749.52,0.0,6,14.85,37.45,47.7,NO_FACE
S00239,99.91,1,0.36,0.0,2,43.58,37.39,19.03,LOOKING_LEFT
S00240,100.0,1,0.0,0.0,10,44.36,30.61,25.03,LOOKING_AWAY
S00241,99.88,1,0.87,0.0,4,36.9,9.58,53.52,LOOKING_RIGHT
S00242,9.55,1,262.1,0.0,7,11.74,51.59,36.67,NO_FACE
S00243,99.73,1,4.23,0.0,1,91.59,1.14,7.27,NORMAL
S00244,99.91,2,0.75,81.5,1,84.44,10.69,4.87,MULTIPLE_FACES
S00245,99.92,1,0.57,0.0,5,81.0,2.32,16.68,NORMAL
S00246,99.95,1,0.19,0.0,3,73.36,7.27,19.37,NORMAL
S00247,99.77,1,1.61,0.0,3,18.4,63.07,18.53,LOOKING_LEFT
S00248,62.35,1,148.23,0.0,0,95.93,1.51,2.56,NO_FACE
S00249,28.15,1,424.85,0.0,1,83.4,4.3,12.3,NO_FACE
S00250,75.22,2,77.83,1.11,2,79.03,2.45,18.52,MULTIPLE_FACES
S00251,100.0,1,0.0,0.0,8,11.16,18.3,70.54,LOOKING_RIGHT
S00252,98.6,1,0.94,0.0,5,85.49,14.22,0.29,NORMAL
S00253,91.65,1,11.44,0.0,13,33.38,13.7,52.92,LOOKING_AWAY
S00254,99.68,1,0.68,0.0,3,75.94,22.0,2.06,LOOKING_LEFT
S00255,99.92,2,0.59,117.99,5,48.79,32.37,18.84,MULTIPLE_FACES
S00256,100.0,1,0.0,0.0,7,26.45,31.32,42.23,LOOKING_RIGHT
S00257,71.46,1,44.31,0.0,2,58.73,20.52,20.75,NO_FACE
S00258,99.94,1,0.39,0.0,10,62.0,28.3,9.7,LOOKING_AWAY
S00259,63.79,2,103.43,70.1,8,51.93,18.7,29.37,MULTIPLE_FACES
S00260,80.81,1,33.29,0.0,2,67.81,25.02,7.17,NO_FACE
S00261,99.86,4,0.41,1.42,5,64.87,8.01,27.12,MULTIPLE_FACES
S00262,99.98,2,0.19,1.3,5,14.01,26.14,59.85,LOOKING_RIGHT
S00263,99.63,1,1.93,0.0,10,43.35,41.8,14.85,LOOKING_AWAY
S00264,99.87,1,0.75,0.0,3,50.86,9.27,39.87,NORMAL
S00265,100.0,1,0.0,0.0,3,75.9,9.25,14.85,NORMAL
S00266,100.0,1,0.0,0.0,8,10.2,77.0,12.8,LOOKING_LEFT
S00267,96.79,1,11.74,0.0,3,38.58,8.87,52.55,LOOKING_RIGHT
S00268,100.0,2,0.0,275.28,5,71.88,15.22,12.9,MULTIPLE_FACES
S00269,89.61,1,29.88,0.0,3,63.38,11.28,25.34,NO_FACE
S00270,99.95,1,0.36,0.0,1,84.55,3.81,11.64,NORMAL
S00271,73.07,2,61.66,71.45,1,73.94,10.61,15.45,MULTIPLE_FACES
S00272,100.0,1,0.0,0.0,8,30.3,31.74,37.96,LOOKING_AWAY
S00273,99.7,1,2.91,0.0,7,32.3,28.7,39.0,LOOKING_AWAY
S00274,99.87,1,0.97,0.0,10,11.05,49.39,39.56,LOOKING_AWAY
S00275,99.79,1,0.19,0.0,2,45.0,34.24,20.76,NORMAL
S00276,99.97,1,0.21,0.0,0,27.15,39.5,33.35,LOOKING_LEFT
S00277,100.0,1,0.0,0.0,4,37.16,12.59,50.25,LOOKING_RIGHT
S00278,99.95,1,0.46,0.0,2,66.28,14.38,19.34,NORMAL
S00279,100.0,1,0.0,0.0,5,33.02,10.99,55.99,LOOKING_RIGHT
S00280,96.7,2,14.37,14.6,4,81.07,1.9,17.03,MULTIPLE_FACES
S00281,99.94,1,0.79,0.0,5,25.4,2.95,71.65,LOOKING_RIGHT
S00282,99.89,1,0.25,0.0,9,45.0,29.0,26.0,NORMAL
S00283,99.96,1,0.08,0.0,7,3.92,33.64,62.44,LOOKING_AWAY
S00284,100.0,1,0.0,0.0,6,41.81,51.96,6.23,LOOKING_AWAY
S00285,99.91,1,0.53,0.0,6,41.01,44.28,14.71,LOOKING_AWAY
S00286,100.0,1,0.0,0.0,1,51.06,34.36,14.58,LOOKING_LEFT
S00287,19.23,1,19.9,0.0,1,87.65,4.27,8.08,NO_FACE
S00288,96.95,1,5.62,0.0,3,68.45,15.96,15.59,NORMAL
S00289,5.11,1,1209.46,0.0,5,55.6,23.17,21.23,NO_FACE
S00290,100.0,2,0.0,278.5,8,34.0,36.28,29.72,MULTIPLE_FACES
S00291,100.0,1,0.0,0.0,2,39.31,59.23,1.46,LOOKING_LEFT
S00292,99.93,1,0.4,0.0,4,35.37,13.81,50.82,LOOKING_RIGHT
S00293,100.0,1,0.0,0.0,6,51.17,17.18,31.65,LOOKING_RIGHT
S00294,100.0,1,0.0,0.0,4,51.81,25.07,23.12,NORMAL
S00295,100.0,1,0.0,0.0,3,41.16,2.94,55.9,LOOKING_RIGHT
S00296,100.0,1,0.0,0.0,8,12.27,66.77,20.96,LOOKING_LEFT
S00297,100.0,1,0.01,0.0,6,33.9,8.97,57.13,LOOKING_RIGHT
S00298,99.84,1,0.25,0.0,4,59.0,22.0,19.0,LOOKING_LEFT
S00299,99.93,1,1.16,0.0,2,64.51,34.62,0.87,NORMAL
S00300,99.97,1,0.13,0.0,4,9.48,42.93,47.59,LOOKING_RIGHT
S00301,100.0,1,0.0,0.0,0,45.02,25.58,29.4,LOOKING_RIGHT
S00302,93.84,1,17.24,0.0,3,60.79,28.78,10.43,NORMAL
S00303,99.37,1,4.53,0.0,6,13.84,44.58,41.58,LOOKING_LEFT
S00304,84.15,1,28.34,0.0,3,18.82,24.77,56.41,NO_FACE
S00305,100.0,1,0.0,0.0,1,86.8,6.13,7.07,NORMAL
S00306,100.0,1,0.0,0.0,3,52.93,45.06,2.01,LOOKING_LEFT
S00307,100.0,1,0.0,0.0,2,10.62,37.3,52.08,LOOKING_RIGHT
S00308,100.0,1,0.0,0.0,2,42.28,47.06,10.66,LOOKING_LEFT
S00309,99.99,1,0.09,0.0,3,76.64,5.14,18.22,NORMAL
S00310,100.0,1,0.0,0.0,3,43.98,55.53,0.49,LOOKING_LEFT
S00311,100.0,1,0.0,0.0,5,39.7,21.09,39.21,LOOKING_AWAY
S00312,99.75,1,1.4,0.0,2,59.47,16.19,24.34,LOOKING_RIGHT
S00313,100.0,1,0.0,0.0,7,23.79,23.25,52.96,LOOKING_AWAY
S00314,100.0,1,0.0,0.0,1,24.28,71.2,4.52,LOOKING_LEFT
S00315,99.69,1,2.29,0.0,4,56.55,15.37,28.08,NORMAL
S00316,99.74,1,0.98,0.0,2,61.22,22.0,16.78,LOOKING_LEFT
S00317,99.79,3,1.51,308.74,5,95.51,1.81,2.68,MULTIPLE_FACES
S00318,100.0,1,0.0,0.0,8,59.17,27.04,13.79,LOOKING_LEFT
S00319,98.16,1,3.94,0.0,3,66.73,7.33,25.94,LOOKING_RIGHT
S00320,100.0,1,0.0,0.0,7,27.61,69.55,2.84,LOOKING_LEFT
S00321,99.86,1,0.88,0.0,4,12.03,20.96,67.01,LOOKING_RIGHT
S00322,100.0,2,0.0,1.75,0,90.68,4.57,4.75,MULTIPLE_FACES
S00323,98.79,1,1.42,0.0,0,33.92,61.95,4.13,LOOKING_LEFT
S00324,99.51,1,6.31,0.0,10,31.84,32.37,35.79,LOOKING_AWAY
S00325,99.64,1,2.22,0.0,2,60.42,36.85,2.73,LOOKING_LEFT
S00326,99.97,1,0.4,0.0,6,10.67,66.46,22.87,LOOKING_LEFT
S00327,100.0,2,0.0,362.06,7,78.27,7.18,14.55,MULTIPLE_FACES
S00328,100.0,1,0.0,0.0,7,7.54,4.96,87.5,LOOKING_RIGHT
S00329,100.0,1,0.0,0.0,3,31.99,7.36,60.65,LOOKING_RIGHT
S00330,100.0,2,0.0,89.16,3,64.54,18.08,17.38,MULTIPLE_FACES
S00331,94.42,1,12.44,0.0,2,82.92,11.16,5.92,NORMAL
S00332,97.71,2,20.44,208.64,3,73.65,6.08,20.27,MULTIPLE_FACES
S00333,99.79,1,0.52,0.0,0,85.88,7.42,6.7,NORMAL
S00334,99.93,1,0.18,0.0,1,89.62,4.67,5.71,NORMAL
S00335,100.0,1,0.0,0.0,9,27.39,29.0,43.61,LOOKING_AWAY
S00336,100.0,2,0.0,102.44,6,57.77,7.39,34.84,MULTIPLE_FACES
S00337,0.0,0,216.15,0.0,0,100.0,0.0,0.0,NO_FACE
S00338,99.61,1,0.4,0.0,6,16.29,4.62,79.09,LOOKING_RIGHT
S00339,100.0,1,0.0,0.0,1,75.43,22.0,2.57,LOOKING_LEFT
S00340,100.0,2,0.0,42.77,7,68.13,4.31,27.56,MULTIPLE_FACES
S00341,99.77,3,0.68,2.33,6,77.51,5.39,17.1,MULTIPLE_FACES
S00342,98.6,1,19.52,0.0,6,26.89,29.33,43.78,LOOKING_RIGHT
S00343,100.0,3,0.0,83.14,2,68.56,19.72,11.72,MULTIPLE_FACES
S00344,100.0,1,0.0,0.0,2,23.2,14.15,62.65,LOOKING_RIGHT
S00345,100.0,1,0.0,0.0,3,33.02,21.35,45.63,LOOKING_RIGHT
S00346,100.0,1,0.0,0.0,9,45.0,34.29,20.71,NORMAL
S00347,100.0,2,0.0,327.72,3,81.63,14.47,3.9,MULTIPLE_FACES
S00348,99.99,1,0.07,0.0,6,44.5,15.41,40.09,LOOKING_RIGHT
S00349,98.92,1,13.79,0.0,2,55.03,28.25,16.72,LOOKING_LEFT
S00350,99.41,1,1.3,0.0,8,23.71,68.24,8.05,LOOKING_LEFT
S00351,100.0,1,0.0,0.0,4,28.79,3.99,67.22,LOOKING_RIGHT
S00352,48.76,1,229.76,0.0,2,82.85,13.81,3.34,NO_FACE
S00353,99.98,1,0.15,0.0,3,82.82,11.43,5.75,NORMAL
S00354,99.92,1,0.71,0.0,7,70.9,9.82,19.28,NORMAL
S00355,99.29,1,6.77,0.0,3,8.59,69.31,22.1,LOOKING_AWAY
S00356,99.76,2,3.09,406.75,2,73.92,5.03,21.05,MULTIPLE_FACES
S00357,99.93,1,0.65,0.0,6,23.27,45.0,31.73,LOOKING_LEFT
S00358,81.69,1,110.18,0.0,4,79.05,16.21,4.74,NO_FACE
S00359,99.89,1,1.17,0.0,3,44.72,19.49,35.79,LOOKING_AWAY
S00360,99.7,2,1.08,1.24,2,80.4,11.07,8.53,NORMAL
S00361,54.0,1,201.26,0.0,2,98.99,0.4,0.61,NO_FACE
S00362,99.93,2,1.06,443.02,1,72.04,18.23,9.73,MULTIPLE_FACES
S00363,64.19,2,161.15,287.22,10,58.0,31.42,10.58,MULTIPLE_FACES
S00364,99.92,1,0.34,0.0,6,31.58,12.85,55.57,LOOKING_RIGHT
S00365,100.0,3,0.0,1.92,4,91.33,3.19,5.48,MULTIPLE_FACES
S00366,100.0,1,0.0,0.0,2,57.8,8.89,33.31,LOOKING_RIGHT
S00367,99.99,1,0.11,0.0,4,41.41,18.51,40.08,LOOKING_RIGHT
S00368,100.0,2,0.0,1.84,7,30.84,27.39,41.77,LOOKING_AWAY
S00369,100.0,2,0.0,155.36,2,73.76,4.92,21.32,MULTIPLE_FACES
S00370,100.0,1,0.0,0.0,1,82.91,5.13,11.96,NORMAL
S00371,0.0,0,861.89,0.0,0,100.0,0.0,0.0,NO_FACE
S00372,99.72,1,0.55,0.0,2,13.55,33.38,53.07,LOOKING_RIGHT
S00373,0.0,0,220.21,0.0,0,100.0,0.0,0.0,NO_FACE
S00374,99.55,1,2.03,0.0,0,94.88,2.49,2.63,NORMAL
S00375,74.13,1,113.92,0.0,4,81.36,7.7,10.94,NO_FACE
S00376,99.91,1,0.49,0.0,3,40.89,11.53,47.58,LOOKING_RIGHT
S00377,99.96,1,0.24,0.0,4,15.8,7.31,76.89,LOOKING_RIGHT
S00378,81.75,1,90.07,0.0,2,96.83,2.76,0.41,NO_FACE
S00379,97.63,1,11.32,0.0,0,91.93,4.05,4.02,NORMAL
S00380,99.72,1,3.02,0.0,1,90.95,2.67,6.38,NORMAL
S00381,100.0,1,0.0,0.0,6,41.25,53.3,5.45,LOOKING_LEFT
S00382,100.0,1,0.0,0.0,6,12.14,67.23,20.63,LOOKING_LEFT
S00383,99.12,1,0.65,0.0,3,81.75,15.54,2.71,NORMAL
S00384,69.08,1,106.8,0.0,2,81.48,11.92,6.6,NO_FACE
S00385,99.89,1,1.2,0.0,3,74.93,19.52,5.55,NORMAL
S00386,100.0,1,0.0,0.0,6,28.82,44.0,27.18,LOOKING_LEFT
S00387,99.07,1,14.59,0.0,16,26.18,25.18,48.64,LOOKING_AWAY
S00388,86.8,2,18.84,1.3,0,92.3,5.81,1.89,NO_FACE
S00389,100.0,2,0.0,454.12,7,54.28,31.03,14.69,MULTIPLE_FACES
S00390,35.15,1,80.61,0.0,5,83.9,2.09,14.01,NO_FACE
S00391,99.96,1,0.5,0.0,4,55.57,43.65,0.78,LOOKING_LEFT
S00392,97.76,1,22.76,0.0,6,40.58,2.73,56.69,LOOKING_RIGHT
S00393,99.64,1,3.26,0.0,6,50.91,46.82,2.27,NORMAL
S00394,43.48,1,329.57,0.0,4,53.35,42.77,3.88,NO_FACE
S00395,99.96,2,0.45,381.74,7,61.77,27.31,10.92,MULTIPLE_FACES
S00396,99.77,1,2.18,0.0,10,27.02,55.56,17.42,LOOKING_LEFT
S00397,99.79,1,1.71,0.0,3,38.09,42.73,19.18,LOOKING_LEFT
S00398,100.0,1,0.0,0.0,2,81.23,13.03,5.74,NORMAL
S00399,100.0,1,0.0,0.0,3,82.25,7.28,10.47,NORMAL
S00400,99.84,1,2.53,0.0,2,91.17,3.77,5.06,NORMAL
S00401,0.0,0,300.51,0.0,0,100.0,0.0,0.0,NO_FACE
S00402,100.0,1,0.0,0.0,8,24.83,14.61,60.56,LOOKING_RIGHT
S00403,99.52,1,5.06,0.0,9,39.34,38.09,22.57,LOOKING_AWAY
S00404,100.0,1,0.0,0.0,8,24.41,36.46,39.13,LOOKING_AWAY
S00405,99.84,2,1.28,1.48,0,89.23,0.97,9.8,MULTIPLE_FACES
S00406,100.0,1,0.0,0.0,5,84.87,11.53,3.6,NORMAL
S00407,99.98,2,0.28,72.87,5,73.26,7.31,19.43,MULTIPLE_FACES
S00408,100.0,1,0.0,0.0,7,34.16,17.15,48.69,LOOKING_RIGHT
S00409,68.73,1,175.52,0.0,0,81.33,15.31,3.36,NO_FACE
S00410,100.0,1,0.0,0.0,0,72.26,7.07,20.67,NORMAL
S00411,99.83,1,2.67,0.0,4,0.0,34.76,65.24,LOOKING_RIGHT
S00412,100.0,2,0.0,60.61,3,83.83,11.4,4.77,MULTIPLE_FACES
S00413,71.7,1,221.81,0.0,2,77.38,4.0,18.62,NO_FACE
S00414,100.0,1,0.0,0.0,7,53.4,0.34,46.26,LOOKING_RIGHT
S00415,99.84,1,0.85,0.0,13,12.32,81.24,6.44,LOOKING_AWAY
S00416,100.0,1,0.0,0.0,12,38.96,45.65,15.39,LOOKING_AWAY
S00417,99.97,1,0.35,0.0,2,93.31,3.79,2.9,NORMAL
S00418,65.37,2,151.64,8.22,7,78.58,20.76,0.66,MULTIPLE_FACES
S00419,100.0,1,0.0,0.0,8,25.21,30.73,44.06,LOOKING_AWAY
S00420,99.85,1,0.59,0.0,5,37.69,5.4,56.91,LOOKING_RIGHT
S00421,97.71,1,2.5,0.0,7,18.3,62.24,19.46,LOOKING_LEFT
S00422,100.0,1,0.0,0.0,5,63.51,18.87,17.62,NORMAL
S00423,60.67,2,15.81,2.12,5,88.31,7.78,3.91,MULTIPLE_FACES
S00424,99.92,1,0.41,0.0,4,33.07,3.55,63.38,LOOKING_RIGHT
S00425,100.0,1,0.0,0.0,8,25.32,40.55,34.13,LOOKING_AWAY
S00426,100.0,1,0.0,0.0,4,47.46,10.1,42.44,LOOKING_RIGHT
S00427,99.96,1,0.13,0.0,6,22.08,8.26,69.66,LOOKING_RIGHT
S00428,98.65,1,3.83,0.0,1,74.47,13.69,11.84,NORMAL
S00429,100.0,1,0.0,0.0,10,21.71,48.33,29.96,LOOKING_AWAY
S00430,99.85,1,0.75,0.0,6,40.73,27.04,32.23,LOOKING_AWAY
S00431,83.85,1,27.83,0.0,2,16.12,54.11,29.77,NO_FACE
S00432,100.0,2,0.0,373.11,2,90.14,8.66,1.2,MULTIPLE_FACES
S00433,99.76,1,2.92,0.0,3,86.3,5.93,7.77,NORMAL
S00434,99.12,2,3.83,172.53,4,53.78,11.74,34.48,MULTIPLE_FACES
S00435,99.41,1,0.83,0.0,3,52.56,14.03,33.41,LOOKING_RIGHT
S00436,99.38,2,4.35,130.27,6,80.65,10.34,9.01,MULTIPLE_FACES
S00437,99.89,1,0.7,0.0,4,35.42,45.7,18.88,LOOKING_LEFT
S00438,43.25,1,186.59,0.0,3,56.02,29.77,14.21,NO_FACE
S00439,100.0,1,0.0,0.0,2,86.93,1.57,11.5,NORMAL
S00440,99.48,1,1.67,0.0,3,48.44,47.66,3.9,LOOKING_LEFT
S00441,96.5,4,5.57,46.15,6,68.29,21.13,10.58,MULTIPLE_FACES
S00442,100.0,1,0.0,0.0,4,13.44,74.56,12.0,LOOKING_LEFT
S00443,99.46,1,4.92,0.0,3,30.48,35.39,34.13,LOOKING_AWAY
S00444,100.0,1,0.0,0.0,4,79.5,12.85,7.65,NORMAL
S00445,100.0,1,0.0,0.0,5,70.48,14.49,15.03,NORMAL
S00446,99.67,1,1.57,0.0,5,44.87,44.5,10.63,LOOKING_LEFT
S00447,100.0,1,0.0,0.0,5,33.59,39.86,26.55,LOOKING_LEFT
S00448,100.0,3,0.0,0.69,8,43.6,14.53,41.87,MULTIPLE_FACES
S00449,100.0,1,0.0,0.0,4,59.74,22.86,17.4,NORMAL
S00450,87.92,1,8.05,0.0,1,86.49,8.06,5.45,NO_FACE
S00451,99.76,1,1.32,0.0,3,74.83,16.1,9.07,NORMAL
S00452,99.89,1,0.63,0.0,6,33.68,34.04,32.28,LOOKING_AWAY
S00453,9.2,1,928.64,0.0,2,70.42,12.96,16.62,NO_FACE
S00454,99.91,1,0.88,0.0,1,40.34,15.95,43.71,LOOKING_RIGHT
S00455,100.0,1,0.0,0.0,2,82.31,10.27,7.42,NORMAL
S00456,100.0,1,0.0,0.0,1,90.52,6.88,2.6,NORMAL
S00457,78.54,1,18.39,0.0,1,3.73,48.53,47.74,NO_FACE
S00458,100.0,1,0.0,0.0,6,45.78,20.91,33.31,LOOKING_RIGHT
S00459,100.0,1,0.0,0.0,7,45.0,33.68,21.32,NORMAL
S00460,99.84,1,2.38,0.0,1,62.65,22.59,14.76,NORMAL
S00461,100.0,1,0.0,0.0,6,28.21,58.22,13.57,LOOKING_LEFT
S00462,99.75,1,1.48,0.0,17,11.56,21.43,67.01,LOOKING_AWAY
S00463,100.0,1,0.0,0.0,1,87.69,6.82,5.49,NORMAL
S00464,100.0,1,0.0,0.0,4,60.81,1.32,37.87,LOOKING_RIGHT
S00465,100.0,1,0.0,0.0,3,31.49,22.58,45.93,LOOKING_RIGHT
S00466,99.99,1,0.02,0.0,8,30.39,61.04,8.57,LOOKING_AWAY
S00467,100.0,1,0.0,0.0,2,59.56,10.13,30.31,LOOKING_RIGHT
S00468,100.0,1,0.0,0.0,4,88.54,7.0,4.46,NORMAL
S00469,82.88,1,230.07,0.0,1,54.27,10.71,35.02,NO_FACE
S00470,100.0,1,0.0,0.0,4,60.44,7.39,32.17,NORMAL
S00471,98.54,1,1.07,0.0,1,75.48,7.02,17.5,NORMAL
S00472,99.96,1,0.12,0.0,2,80.04,8.75,11.21,NORMAL
S00473,100.0,4,0.0,181.23,7,51.44,13.24,35.32,MULTIPLE_FACES
S00474,99.85,1,0.86,0.0,3,68.14,4.43,27.43,LOOKING_RIGHT
S00475,100.0,1,0.0,0.0,2,74.69,16.56,8.75,NORMAL
S00476,100.0,2,0.0,2.07,3,84.93,9.57,5.5,MULTIPLE_FACES
S00477,99.43,1,5.98,0.0,5,35.84,45.8,18.36,LOOKING_LEFT
S00478,100.0,1,0.0,0.0,4,58.63,25.18,16.19,LOOKING_AWAY
S00479,99.1,2,9.58,413.93,9,75.11,7.97,16.92,MULTIPLE_FACES
S00480,100.0,1,0.0,0.0,1,66.03,26.58,7.39,LOOKING_LEFT
S00481,0.0,0,789.92,0.0,0,100.0,0.0,0.0,NO_FACE
S00482,100.0,2,0.0,1.62,4,80.88,15.8,3.32,NORMAL
S00483,96.62,1,16.85,0.0,1,90.77,5.72,3.51,NORMAL
S00484,63.01,2,125.81,111.45,8,61.8,5.53,32.67,MULTIPLE_FACES
S00485,100.0,1,0.0,0.0,1,84.63,1.46,13.91,NORMAL
S00486,98.29,1,9.28,0.0,1,31.91,57.98,10.11,LOOKING_LEFT
S00487,99.99,1,0.17,0.0,6,38.9,60.18,0.92,LOOKING_LEFT
S00488,99.91,1,1.24,0.0,0,83.63,7.5,8.87,NORMAL
S00489,99.96,1,0.42,0.0,4,70.79,26.61,2.6,NORMAL
S00490,98.97,1,13.74,0.0,1,83.08,9.07,7.85,NORMAL
S00491,99.93,1,1.01,0.0,3,80.59,11.48,7.93,NORMAL
S00492,99.82,1,0.2,0.0,5,27.97,10.2,61.83,LOOKING_AWAY
S00493,99.87,1,0.81,0.0,2,37.37,13.9,48.73,LOOKING_RIGHT
S00494,98.85,1,7.39,0.0,8,41.88,13.85,44.27,LOOKING_AWAY
S00495,100.0,1,0.0,0.0,4,57.41,35.32,7.27,NORMAL
S00496,99.67,2,0.74,98.94,3,92.15,5.82,2.03,MULTIPLE_FACES
S00497,99.62,1,4.75,0.0,3,49.98,8.67,41.35,LOOKING_RIGHT
S00498,48.36,1,115.75,0.0,1,70.63,10.24,19.13,NO_FACE
S00499,100.0,1,0.0,0.0,1,64.68,31.58,3.74,NORMAL
S00500,99.93,1,0.31,0.0,5,61.17,32.92,5.91,LOOKING_LEFT
S00501,98.78,1,1.37,0.0,3,32.02,56.86,11.12,LOOKING_LEFT
S00502,100.0,1,0.0,0.0,0,68.31,28.73,2.96,LOOKING_LEFT
S00503,100.0,1,0.0,0.0,0,63.48,2.56,33.96,LOOKING_RIGHT
S00504,100.0,1,0.0,0.0,5,33.79,10.6,55.61,LOOKING_RIGHT
S00505,100.0,1,0.0,0.0,2,73.78,13.04,13.18,NORMAL
S00506,99.95,1,0.59,0.0,4,65.89,5.72,28.39,NORMAL
S00507,97.84,1,2.58,0.0,6,31.02,56.12,12.86,LOOKING_LEFT
S00508,100.0,1,0.0,0.0,10,22.47,69.18,8.35,LOOKING_AWAY
S00509,100.0,1,0.0,0.0,3,91.09,4.74,4.17,NORMAL
S00510,99.49,1,0.84,0.0,2,94.94,1.5,3.56,NORMAL
S00511,74.58,1,85.37,0.0,3,19.85,47.57,32.58,NO_FACE
S00512,71.43,1,36.42,0.0,2,82.0,9.34,8.66,NO_FACE
S00513,100.0,1,0.0,0.0,5,46.93,22.29,30.78,LOOKING_RIGHT
S00514,91.98,1,17.61,0.0,3,62.72,3.97,33.31,LOOKING_RIGHT
S00515,99.82,1,2.34,0.0,3,27.53,67.97,4.5,LOOKING_LEFT
S00516,60.25,2,403.22,2.84,5,70.34,8.67,20.99,MULTIPLE_FACES
S00517,99.86,2,0.49,91.01,3,87.99,9.2,2.81,MULTIPLE_FACES
S00518,100.0,2,0.0,69.4,4,59.49,29.61,10.9,MULTIPLE_FACES
S00519,100.0,2,0.0,133.5,4,55.89,18.21,25.9,MULTIPLE_FACES
S00520,100.0,1,0.0,0.0,6,52.38,33.29,14.33,LOOKING_LEFT
S00521,99.78,1,1.77,0.0,2,62.74,34.1,3.16,LOOKING_LEFT
S00522,100.0,2,0.0,150.58,3,63.25,4.73,32.02,MULTIPLE_FACES
S00523,100.0,1,0.0,0.0,0,91.8,7.79,0.41,NORMAL
S00524,78.85,2,154.94,430.22,3,87.98,6.56,5.46,MULTIPLE_FACES
S00525,99.94,2,0.67,209.37,5,65.53,25.24,9.23,MULTIPLE_FACES
S00526,94.96,2,15.81,38.27,1,63.41,31.76,4.83,MULTIPLE_FACES
S00527,8.11,1,509.82,0.0,4,71.41,19.08,9.51,NO_FACE
S00528,98.61,1,9.48,0.0,2,38.58,17.18,44.24,LOOKING_RIGHT
S00529,100.0,1,0.0,0.0,3,76.36,4.73,18.91,NORMAL
S00530,99.83,2,1.02,281.44,6,86.53,8.05,5.42,MULTIPLE_FACES
S00531,69.91,1,46.57,0.0,3,81.03,13.25,5.72,NO_FACE
S00532,99.58,1,3.46,0.0,4,40.06,22.37,37.57,LOOKING_RIGHT
S00533,99.76,1,0.28,0.0,3,82.89,12.87,4.24,NORMAL
S00534,99.79,1,1.9,0.0,9,12.8,47.43,39.77,LOOKING_AWAY
S00535,66.96,1,66.26,0.0,5,76.39,10.96,12.65,NO_FACE
S00536,100.0,1,0.0,0.0,10,36.02,41.86,22.12,LOOKING_AWAY
S00537,90.31,2,8.9,1.4,2,22.23,19.0,58.77,LOOKING_RIGHT
S00538,100.0,1,0.0,0.0,4,58.51,20.57,20.92,NORMAL
S00539,99.67,1,0.5,0.0,1,83.03,6.19,10.78,NORMAL
S00540,99.92,1,0.98,0.0,10,27.79,30.53,41.68,LOOKING_AWAY
S00541,99.96,1,0.13,0.0,7,0.0,20.5,79.5,LOOKING_RIGHT
S00542,26.79,1,564.22,0.0,2,69.26,4.02,26.72,NO_FACE
S00543,99.2,1,1.31,0.0,14,29.36,56.03,14.61,LOOKING_AWAY
S00544,96.23,2,17.53,19.64,1,73.29,6.97,19.74,MULTIPLE_FACES
S00545,99.95,1,0.51,0.0,4,44.79,13.96,41.25,LOOKING_RIGHT
S00546,100.0,1,0.0,0.0,9,28.7,19.92,51.38,LOOKING_AWAY
S00547,100.0,2,0.0,2.75,1,94.81,2.58,2.61,MULTIPLE_FACES
S00548,99.74,1,1.51,0.0,6,47.46,50.68,1.86,LOOKING_AWAY
S00549,99.85,1,1.67,0.0,2,52.93,14.0,33.07,LOOKING_AWAY
S00550,99.94,1,0.59,0.0,4,83.68,11.14,5.18,NORMAL
S00551,80.44,1,17.5,0.0,3,82.91,4.6,12.49,NO_FACE
S00552,99.96,1,0.35,0.0,2,44.94,14.57,40.49,LOOKING_RIGHT
S00553,100.0,1,0.0,0.0,12,58.5,15.8,25.7,NORMAL
S00554,100.0,2,0.0,405.04,1,81.88,12.99,5.13,MULTIPLE_FACES
S00555,99.72,1,0.52,0.0,14,25.94,30.4,43.66,LOOKING_AWAY
S00556,99.88,1,2.01,0.0,8,6.59,3.11,90.3,LOOKING_RIGHT
S00557,99.99,2,0.08,299.45,8,71.36,13.83,14.81,MULTIPLE_FACES
S00558,99.83,1,2.19,0.0,3,49.05,30.17,20.78,LOOKING_AWAY
S00559,99.93,1,1.18,0.0,6,35.0,33.5,31.5,LOOKING_AWAY
S00560,99.95,2,0.4,2.32,0,63.98,20.37,15.65,MULTIPLE_FACES
S00561,100.0,1,0.0,0.0,17,26.98,33.37,39.65,LOOKING_AWAY
S00562,100.0,1,0.0,0.0,5,22.87,8.77,68.36,LOOKING_RIGHT
S00563,32.27,1,313.73,0.0,2,53.94,26.46,19.6,NO_FACE
S00564,100.0,1,0.0,0.0,14,17.97,37.56,44.47,LOOKING_AWAY
S00565,99.86,1,1.04,0.0,10,18.58,69.68,11.74,LOOKING_AWAY
S00566,99.98,1,0.25,0.0,2,86.8,1.23,11.97,NORMAL
S00567,100.0,3,0.0,333.72,0,85.89,10.05,4.06,MULTIPLE_FACES
S00568,100.0,1,0.0,0.0,5,39.75,55.05,5.2,LOOKING_LEFT
S00569,100.0,1,0.0,0.0,1,89.3,4.04,6.66,NORMAL
S00570,99.78,1,2.73,0.0,5,63.77,18.03,18.2,NORMAL
S00571,100.0,2,0.0,360.0,6,63.37,0.83,35.8,MULTIPLE_FACES
S00572,99.8,1,1.38,0.0,7,9.19,9.66,81.15,LOOKING_RIGHT
S00573,99.73,1,3.2,0.0,10,26.79,54.17,19.04,LOOKING_AWAY
S00574,99.14,2,2.87,101.85,5,74.15,10.17,15.68,MULTIPLE_FACES
S00575,100.0,1,0.0,0.0,8,16.37,13.23,70.4,LOOKING_AWAY
S00576,99.46,1,1.54,0.0,9,56.57,13.35,30.08,LOOKING_RIGHT
S00577,99.97,1,0.36,0.0,14,7.22,30.73,62.05,LOOKING_AWAY
S00578,100.0,1,0.0,0.0,4,48.82,36.21,14.97,LOOKING_AWAY
S00579,99.99,1,0.04,0.0,5,37.27,61.55,1.18,LOOKING_LEFT
S00580,100.0,1,0.0,0.0,13,32.84,46.04,21.12,LOOKING_AWAY
S00581,99.77,1,0.92,0.0,2,69.06,22.99,7.95,LOOKING_LEFT
S00582,44.57,1,47.45,0.0,1,62.74,19.87,17.39,NO_FACE
S00583,99.84,1,0.88,0.0,4,37.3,15.14,47.56,LOOKING_RIGHT
S00584,25.24,1,156.99,0.0,1,48.47,23.42,28.11,NO_FACE
S00585,100.0,1,0.0,0.0,2,91.75,3.56,4.69,NORMAL
S00586,100.0,2,0.0,96.04,6,76.37,13.86,9.77,MULTIPLE_FACES
S00587,98.42,1,10.32,0.0,5,36.31,42.75,20.94,LOOKING_LEFT
S00588,100.0,2,0.0,2.72,0,95.58,2.94,1.48,MULTIPLE_FACES
S00589,61.05,2,208.15,198.04,4,68.33,10.85,20.82,MULTIPLE_FACES
S00590,99.82,1,1.48,0.0,2,77.72,7.41,14.87,NORMAL
S00591,100.0,1,0.0,0.0,3,75.63,14.21,10.16,NORMAL
S00592,100.0,1,0.0,0.0,8,48.2,51.56,0.24,LOOKING_LEFT
S00593,100.0,1,0.0,0.0,1,49.22,33.48,17.3,LOOKING_LEFT
S00594,99.72,1,0.52,0.0,10,15.92,55.58,28.5,LOOKING_AWAY
S00595,72.36,2,70.09,61.99,4,90.52,7.39,2.09,MULTIPLE_FACES
S00596,99.96,1,0.53,0.0,8,37.41,39.97,22.62,LOOKING_AWAY
S00597,99.41,2,2.76,256.02,4,74.36,3.94,21.7,MULTIPLE_FACES
S00598,100.0,1,0.0,0.0,5,66.88,24.41,8.71,NORMAL
S00599,100.0,1,0.0,0.0,1,88.27,3.2,8.53,NORMAL
S00600,99.54,1,0.48,0.0,2,95.53,0.85,3.62,NORMAL
S00601,100.0,1,0.0,0.0,2,75.97,4.07,19.96,NORMAL
S00602,100.0,1,0.0,0.0,3,40.89,38.18,20.93,LOOKING_LEFT
S00603,98.3,1,21.05,0.0,10,39.61,42.01,18.38,LOOKING_AWAY
S00604,0.0,0,1066.89,0.0,0,100.0,0.0,0.0,NO_FACE
S00605,65.22,1,107.61,0.0,1,75.06,22.17,2.77,NO_FACE
S00606,100.0,1,0.0,0.0,2,78.71,18.32,2.97,NORMAL
S00607,50.47,1,285.83,0.0,2,85.23,9.07,5.7,NO_FACE
S00608,99.98,1,0.32,0.0,9,51.41,3.24,45.35,LOOKING_RIGHT
S00609,99.96,1,0.28,0.0,5,14.42,45.32,40.26,LOOKING_AWAY
S00610,100.0,1,0.0,0.0,1,53.81,8.27,37.92,LOOKING_RIGHT
S00611,99.53,1,3.85,0.0,4,56.27,40.03,3.7,LOOKING_LEFT
S00612,38.53,1,62.82,0.0,2,65.16,26.95,7.89,NO_FACE
S00613,100.0,1,0.0,0.0,5,53.57,15.15,31.28,NORMAL
S00614,27.06,1,562.55,0.0,4,56.84,31.3,11.86,NO_FACE
S00615,100.0,1,0.0,0.0,3,85.88,7.13,6.99,NORMAL
S00616,99.44,1,6.44,0.0,3,72.32,25.52,2.16,LOOKING_LEFT
S00617,99.68,2,0.88,21.71,1,88.61,5.62,5.77,MULTIPLE_FACES
S00618,99.39,4,2.66,34.39,4,94.44,4.17,1.39,MULTIPLE_FACES
S00619,99.92,1,1.41,0.0,2,62.53,31.02,6.45,LOOKING_LEFT
S00620,99.93,1,0.22,0.0,3,81.02,16.83,2.15,NORMAL
S00621,65.84,2,27.45,13.77,8,58.06,11.8,30.14,MULTIPLE_FACES
S00622,100.0,1,0.0,0.0,4,63.92,24.05,12.03,NORMAL
S00623,100.0,1,0.0,0.0,5,29.47,17.93,52.6,LOOKING_RIGHT
S00624,100.0,2,0.0,189.76,5,53.55,26.1,20.35,MULTIPLE_FACES
S00625,100.0,1,0.0,0.0,6,84.66,12.77,2.57,NORMAL
S00626,99.48,1,6.11,0.0,8,38.22,24.31,37.47,LOOKING_AWAY
S00627,40.55,1,325.28,0.0,1,75.91,10.51,13.58,NO_FACE
S00628,24.74,1,926.97,0.0,2,85.46,10.14,4.4,NO_FACE
S00629,43.79,1,311.02,0.0,4,34.85,41.58,23.57,NO_FACE
S00630,99.8,1,0.85,0.0,2,36.25,52.0,11.75,LOOKING_LEFT
S00631,99.85,1,1.65,0.0,1,90.77,6.06,3.17,NORMAL
S00632,100.0,1,0.0,0.0,2,86.41,9.28,4.31,NORMAL
S00633,100.0,1,0.0,0.0,1,65.44,3.02,31.54,LOOKING_RIGHT
S00634,5.16,1,149.7,0.0,4,36.31,32.34,31.35,NO_FACE
S00635,99.58,1,1.33,0.0,11,31.88,16.12,52.0,LOOKING_AWAY
S00636,100.0,1,0.0,0.0,12,22.24,54.27,23.49,LOOKING_AWAY
S00637,88.07,1,78.54,0.0,3,73.51,7.17,19.32,NO_FACE
S00638,100.0,2,0.0,0.73,3,78.59,1.87,19.54,MULTIPLE_FACES
S00639,100.0,1,0.0,0.0,2,66.02,22.0,11.98,LOOKING_LEFT
S00640,99.6,2,2.54,0.8,4,70.16,19.98,9.86,NORMAL
S00641,99.24,1,5.56,0.0,2,84.71,10.94,4.35,NORMAL
S00642,100.0,2,0.0,515.82,4,65.18,22.0,12.82,MULTIPLE_FACES
S00643,100.0,1,0.0,0.0,3,0.0,30.58,69.42,LOOKING_RIGHT
S00644,30.47,1,670.11,0.0,0,91.66,4.13,4.21,NO_FACE
S00645,100.0,1,0.0,0.0,4,77.97,9.67,12.36,NORMAL
S00646,99.51,1,1.05,0.0,7,18.5,4.23,77.27,LOOKING_RIGHT
S00647,99.97,1,0.21,0.0,3,64.69,4.78,30.53,LOOKING_RIGHT
S00648,82.05,1,19.89,0.0,1,36.62,54.39,8.99,NO_FACE
S00649,99.83,2,0.59,126.08,8,34.0,21.19,44.81,MULTIPLE_FACES
S00650,77.92,2,90.49,113.71,1,71.04,9.7,19.26,MULTIPLE_FACES
S00651,98.61,1,0.91,0.0,3,54.63,12.57,32.8,NORMAL
S00652,96.05,1,11.16,0.0,8,57.62,0.53,41.85,LOOKING_RIGHT
S00653,100.0,1,0.0,0.0,8,64.36,10.76,24.88,NORMAL
S00654,98.31,1,16.36,0.0,1,94.12,0.73,5.15,NORMAL
S00655,98.68,1,12.26,0.0,12,26.3,33.31,40.39,LOOKING_AWAY
S00656,99.25,1,1.22,0.0,8,31.95,38.59,29.46,LOOKING_AWAY
S00657,100.0,1,0.0,0.0,8,45.0,23.71,31.29,NORMAL
S00658,100.0,1,0.0,0.0,3,47.64,16.72,35.64,LOOKING_RIGHT
S00659,100.0,1,0.0,0.0,6,26.36,15.98,57.66,LOOKING_RIGHT
S00660,100.0,1,0.0,0.0,4,79.36,3.57,17.07,NORMAL
S00661,99.85,1,1.14,0.0,0,82.79,6.31,10.9,NORMAL
S00662,99.84,1,2.36,0.0,4,65.73,31.41,2.86,LOOKING_LEFT
S00663,100.0,1,0.0,0.0,1,92.63,3.21,4.16,NORMAL
S00664,99.94,1,0.4,0.0,3,94.08,1.3,4.62,NORMAL
S00665,99.51,3,0.87,32.36,3,73.81,14.21,11.98,MULTIPLE_FACES
S00666,99.61,1,1.24,0.0,5,81.2,8.22,10.58,NORMAL
S00667,100.0,1,0.0,0.0,4,39.69,10.71,49.6,LOOKING_RIGHT
S00668,99.82,1,1.34,0.0,3,83.77,12.74,3.49,NORMAL
S00669,100.0,1,0.0,0.0,3,82.35,12.19,5.46,NORMAL
S00670,99.8,1,0.44,0.0,1,30.92,59.77,9.31,LOOKING_LEFT
S00671,99.57,1,4.41,0.0,9,25.53,21.93,52.54,LOOKING_AWAY
S00672,99.9,1,1.24,0.0,3,75.15,2.85,22.0,LOOKING_RIGHT
S00673,99.9,1,0.91,0.0,9,37.49,1.54,60.97,LOOKING_RIGHT
S00674,100.0,1,0.0,0.0,5,31.91,50.47,17.62,LOOKING_LEFT
S00675,100.0,1,0.0,0.0,12,24.57,46.93,28.5,LOOKING_AWAY
S00676,98.42,1,7.41,0.0,6,37.51,38.58,23.91,LOOKING_AWAY
S00677,100.0,1,0.0,0.0,3,79.76,7.66,12.58,NORMAL
S00678,99.11,3,1.68,12.85,2,73.57,17.28,9.15,MULTIPLE_FACES
S00679,85.17,1,32.47,0.0,3,9.38,27.85,62.77,NO_FACE
S00680,7.48,1,110.96,0.0,2,79.23,3.95,16.82,NO_FACE
S00681,100.0,2,0.0,1.75,3,80.16,2.89,16.95,NORMAL
S00682,90.75,1,12.74,0.0,0,72.23,27.26,0.51,NORMAL
S00683,100.0,1,0.0,0.0,7,19.54,70.02,10.44,LOOKING_LEFT
S00684,100.0,1,0.0,0.0,2,55.86,37.96,6.18,LOOKING_LEFT
S00685,99.67,2,3.52,163.95,1,95.55,3.36,1.09,MULTIPLE_FACES
S00686,99.92,1,1.08,0.0,6,49.16,6.33,44.51,LOOKING_AWAY
S00687,99.67,1,0.52,0.0,4,55.78,37.89,6.33,LOOKING_LEFT
S00688,100.0,1,0.0,0.0,2,78.18,5.71,16.11,NORMAL
S00689,99.86,1,0.36,0.0,7,28.68,27.29,44.03,LOOKING_AWAY
S00690,99.12,1,6.12,0.0,4,76.31,5.8,17.89,NORMAL
S00691,100.0,1,0.0,0.0,15,28.09,31.65,40.26,LOOKING_AWAY
S00692,100.0,2,0.0,2.59,1,60.27,15.73,24.0,MULTIPLE_FACES
S00693,95.58,1,17.2,0.0,3,62.97,29.72,7.31,NORMAL
S00694,99.51,1,2.23,0.0,3,52.82,22.09,25.09,LOOKING_RIGHT
S00695,99.54,1,4.93,0.0,2,38.16,12.88,48.96,LOOKING_AWAY
S00696,16.8,1,208.14,0.0,4,16.52,69.61,13.87,NO_FACE
S00697,100.0,2,0.0,279.02,8,53.24,31.4,15.36,MULTIPLE_FACES
S00698,21.29,1,91.41,0.0,0,94.78,2.98,2.24,NO_FACE
S00699,100.0,1,0.0,0.0,6,7.76,16.15,76.09,LOOKING_AWAY
S00700,99.13,1,15.17,0.0,2,83.19,8.42,8.39,NORMAL
S00701,99.76,1,1.67,0.0,4,35.18,50.23,14.59,LOOKING_LEFT
S00702,99.33,1,6.61,0.0,9,26.29,65.91,7.8,LOOKING_AWAY
S00703,100.0,1,0.0,0.0,2,69.95,7.21,22.84,LOOKING_RIGHT
S00704,100.0,1,0.0,0.0,7,59.04,10.71,30.25,LOOKING_RIGHT
S00705,99.81,2,2.14,272.96,5,78.64,15.8,5.56,MULTIPLE_FACES
S00706,99.74,1,1.89,0.0,11,11.86,60.48,27.66,LOOKING_AWAY
S00707,100.0,2,0.0,1.03,10,12.89,78.8,8.31,LOOKING_LEFT
S00708,99.91,1,0.42,0.0,6,35.75,54.64,9.61,LOOKING_LEFT
S00709,99.69,1,1.31,0.0,3,82.59,3.41,14.0,NORMAL
S00710,100.0,1,0.0,0.0,3,43.46,12.96,43.58,LOOKING_RIGHT
S00711,99.89,1,0.91,0.0,17,27.82,28.03,44.15,LOOKING_AWAY
S00712,100.0,1,0.0,0.0,5,72.41,11.96,15.63,NORMAL
S00713,99.7,1,3.8,0.0,4,0.0,17.9,82.1,LOOKING_RIGHT
S00714,99.61,1,3.75,0.0,0,86.12,9.87,4.01,NORMAL
S00715,100.0,1,0.0,0.0,6,44.33,1.1,54.57,LOOKING_RIGHT
S00716,100.0,1,0.0,0.0,6,42.82,4.55,52.63,LOOKING_RIGHT
S00717,96.09,2,11.12,114.73,7,65.8,28.01,6.19,MULTIPLE_FACES
S00718,100.0,1,0.0,0.0,4,30.64,58.29,11.07,LOOKING_LEFT
S00719,100.0,1,0.0,0.0,2,60.66,16.53,22.81,LOOKING_RIGHT
S00720,99.87,1,1.33,0.0,12,2.0,68.67,29.33,LOOKING_AWAY
S00721,99.99,1,0.1,0.0,6,17.59,24.32,58.09,LOOKING_RIGHT
S00722,98.77,1,13.16,0.0,6,34.43,49.16,16.41,LOOKING_LEFT
S00723,100.0,1,0.0,0.0,2,30.38,36.31,33.31,LOOKING_LEFT
S00724,99.97,2,0.27,0.22,0,84.38,1.8,13.82,NORMAL
S00725,99.51,1,0.48,0.0,5,35.37,59.32,5.31,LOOKING_AWAY
S00726,100.0,2,0.0,0.52,7,46.22,24.43,29.35,MULTIPLE_FACES
S00727,100.0,1,0.0,0.0,2,45.26,4.28,50.46,LOOKING_RIGHT
S00728,100.0,2,0.0,164.47,2,87.86,9.9,2.24,MULTIPLE_FACES
S00729,42.01,1,263.24,0.0,1,91.8,4.9,3.3,NO_FACE
S00730,100.0,2,0.0,2.72,6,90.05,4.82,5.13,MULTIPLE_FACES
S00731,100.0,1,0.0,0.0,12,41.63,4.07,54.3,LOOKING_AWAY
S00732,100.0,1,0.0,0.0,2,64.73,4.27,31.0,LOOKING_RIGHT
S00733,99.47,1,1.78,0.0,5,67.75,19.27,12.98,NORMAL
S00734,100.0,1,0.0,0.0,9,37.91,23.91,38.18,LOOKING_AWAY
S00735,75.23,3,29.43,88.52,1,77.94,14.21,7.85,MULTIPLE_FACES
S00736,100.0,1,0.0,0.0,0,76.37,13.44,10.19,NORMAL
S00737,99.33,1,3.88,0.0,5,76.56,11.79,11.65,NORMAL
S00738,75.34,1,209.05,0.0,1,16.28,66.6,17.12,NO_FACE
S00739,33.21,1,711.01,0.0,6,77.15,11.02,11.83,NO_FACE
S00740,99.73,1,1.59,0.0,3,31.33,4.45,64.22,LOOKING_RIGHT
S00741,98.76,1,15.96,0.0,5,40.33,54.22,5.45,LOOKING_LEFT
S00742,99.8,1,1.35,0.0,2,87.07,9.14,3.79,NORMAL
S00743,100.0,1,0.0,0.0,6,76.51,0.68,22.81,NORMAL
S00744,48.4,1,281.41,0.0,3,87.38,2.05,10.57,NO_FACE
S00745,100.0,1,0.0,0.0,0,68.41,14.89,16.7,NORMAL
S00746,99.87,1,0.37,0.0,1,91.99,1.57,6.44,NORMAL
S00747,100.0,2,0.0,112.63,3,87.66,8.2,4.14,MULTIPLE_FACES
S00748,76.57,1,85.08,0.0,1,84.11,1.88,14.01,NO_FACE
S00749,60.88,1,145.09,0.0,1,96.01,1.25,2.74,NO_FACE
S00750,100.0,1,0.0,0.0,7,36.98,47.64,15.38,LOOKING_AWAY
S00751,98.2,1,19.16,0.0,8,22.45,40.25,37.3,LOOKING_AWAY
S00752,99.76,1,0.49,0.0,4,72.41,11.93,15.66,NORMAL
S00753,100.0,1,0.0,0.0,3,39.24,45.22,15.54,LOOKING_LEFT
S00754,100.0,1,0.0,0.0,8,18.17,39.51,42.32,LOOKING_AWAY
S00755,34.75,1,9.97,0.0,1,81.22,7.62,11.16,NO_FACE
S00756,99.93,1,0.41,0.0,4,36.18,59.23,4.59,LOOKING_LEFT
S00757,99.89,1,0.83,0.0,4,61.01,29.26,9.73,NORMAL
S00758,100.0,1,0.0,0.0,5,0.0,84.77,15.23,LOOKING_LEFT
S00759,99.59,1,2.12,0.0,3,95.63,0.49,3.88,NORMAL
S00760,100.0,1,0.0,0.0,10,49.09,29.41,21.5,LOOKING_AWAY
S00761,42.54,1,629.7,0.0,0,65.44,5.02,29.54,NO_FACE
S00762,0.0,0,991.73,0.0,0,100.0,0.0,0.0,NO_FACE
S00763,46.1,1,349.91,0.0,4,9.84,78.14,12.02,NO_FACE
S00764,100.0,1,0.0,0.0,5,12.5,57.16,30.34,LOOKING_LEFT
S00765,99.95,1,0.08,0.0,5,74.14,13.6,12.26,NORMAL
S00766,98.97,1,2.67,0.0,7,47.7,11.41,40.89,LOOKING_AWAY
S00767,100.0,1,0.0,0.0,3,93.01,1.45,5.54,NORMAL
S00768,99.98,1,0.12,0.0,6,18.34,20.36,61.3,LOOKING_RIGHT
S00769,29.27,1,529.83,0.0,5,0.29,90.69,9.02,NO_FACE
S00770,99.79,2,1.24,77.68,4,84.15,4.59,11.26,MULTIPLE_FACES
S00771,100.0,1,0.0,0.0,6,35.19,48.91,15.9,LOOKING_AWAY
S00772,99.98,4,0.13,2.58,6,57.33,39.74,2.93,MULTIPLE_FACES
S00773,100.0,1,0.0,0.0,5,42.0,35.06,22.94,LOOKING_AWAY
S00774,99.76,1,1.32,0.0,0,81.43,9.52,9.05,NORMAL
S00775,99.48,2,4.93,413.76,2,86.99,4.79,8.22,MULTIPLE_FACES
S00776,99.98,1,0.3,0.0,6,17.18,54.26,28.56,LOOKING_LEFT
S00777,0.0,0,1243.82,0.0,0,100.0,0.0,0.0,NO_FACE
S00778,16.39,1,53.1,0.0,5,64.48,21.92,13.6,NO_FACE
S00779,99.86,1,1.17,0.0,8,31.67,50.97,17.36,LOOKING_AWAY
S00780,100.0,1,0.0,0.0,3,29.18,7.54,63.28,LOOKING_RIGHT
S00781,46.55,1,408.74,0.0,2,83.07,11.57,5.36,NO_FACE
S00782,100.0,1,0.0,0.0,5,25.54,8.22,66.24,LOOKING_RIGHT
S00783,98.95,1,7.18,0.0,8,44.65,37.22,18.13,LOOKING_AWAY
S00784,100.0,1,0.0,0.0,7,57.95,36.22,5.83,LOOKING_LEFT
S00785,100.0,1,0.0,0.0,11,33.11,23.82,43.07,LOOKING_AWAY
S00786,100.0,1,0.0,0.0,5,11.41,87.17,1.42,LOOKING_LEFT
S00787,99.95,1,0.4,0.0,10,20.54,12.53,66.93,LOOKING_AWAY
S00788,100.0,1,0.0,0.0,6,22.51,74.14,3.35,LOOKING_LEFT
S00789,100.0,1,0.0,0.0,2,85.52,4.35,10.13,NORMAL
S00790,99.93,2,1.08,483.25,6,67.45,16.42,16.13,MULTIPLE_FACES
S00791,99.85,1,0.74,0.0,4,30.31,4.06,65.63,LOOKING_RIGHT
S00792,99.95,1,0.13,0.0,8,5.16,14.6,80.24,LOOKING_AWAY
S00793,99.96,1,0.29,0.0,5,47.15,13.8,39.05,LOOKING_RIGHT
S00794,99.76,1,0.88,0.0,3,48.1,16.03,35.87,NORMAL
S00795,100.0,1,0.0,0.0,1,60.88,11.73,27.39,NORMAL
S00796,37.23,1,348.83,0.0,0,64.29,5.72,29.99,NO_FACE
S00797,99.68,1,1.16,0.0,2,0.0,8.0,92.0,LOOKING_RIGHT
S00798,99.75,1,3.32,0.0,6,24.17,48.03,27.8,LOOKING_AWAY
S00799,99.88,1,0.78,0.0,3,83.57,2.09,14.34,NORMAL
S00800,97.65,1,3.59,0.0,0,94.72,3.83,1.45,NORMAL
S00801,99.99,1,0.13,0.0,3,2.87,91.65,5.48,LOOKING_LEFT
S00802,99.45,1,4.68,0.0,11,2.0,47.87,50.13,LOOKING_AWAY
S00803,100.0,1,0.0,0.0,5,40.01,1.22,58.77,LOOKING_RIGHT
S00804,84.07,1,64.23,0.0,2,75.03,12.72,12.25,NO_FACE
S00805,100.0,2,0.0,1.9,5,90.54,6.64,2.82,MULTIPLE_FACES
S00806,58.06,1,466.29,0.0,1,59.17,25.36,15.47,NO_FACE
S00807,32.46,1,262.67,0.0,2,86.99,6.97,6.04,NO_FACE
S00808,99.92,1,0.92,0.0,3,66.48,2.57,30.95,LOOKING_RIGHT
S00809,100.0,1,0.0,0.0,4,64.7,30.09,5.21,LOOKING_LEFT
S00810,98.38,1,2.14,0.0,3,85.98,2.11,11.91,NORMAL
S00811,97.83,1,8.21,0.0,0,86.35,4.92,8.73,NORMAL
S00812,98.78,1,8.91,0.0,3,78.17,17.9,3.93,NORMAL
S00813,99.59,1,0.88,0.0,3,73.54,4.83,21.63,NORMAL
S00814,98.83,1,8.99,0.0,5,23.11,52.08,24.81,LOOKING_AWAY
S00815,99.78,1,1.05,0.0,7,23.31,43.74,32.95,LOOKING_AWAY
S00816,100.0,2,0.0,1.94,4,55.03,19.08,25.89,NORMAL
S00817,99.31,1,1.06,0.0,11,38.17,60.08,1.75,LOOKING_LEFT
S00818,100.0,1,0.0,0.0,3,31.38,42.08,26.54,LOOKING_LEFT
S00819,99.86,1,0.8,0.0,8,23.9,13.85,62.25,LOOKING_AWAY
S00820,99.82,1,1.45,0.0,2,78.15,18.37,3.48,NORMAL
S00821,100.0,1,0.0,0.0,1,79.5,9.6,10.9,NORMAL
S00822,99.57,1,2.05,0.0,8,54.04,41.05,4.91,LOOKING_LEFT
S00823,99.07,1,12.84,0.0,8,17.24,11.73,71.03,LOOKING_AWAY
S00824,100.0,4,0.0,2.87,1,87.11,12.22,0.67,MULTIPLE_FACES
S00825,100.0,1,0.0,0.0,5,22.3,63.76,13.94,LOOKING_LEFT
S00826,100.0,1,0.0,0.0,4,29.2,45.15,25.65,LOOKING_AWAY
S00827,99.87,1,0.94,0.0,5,45.1,45.17,9.73,LOOKING_LEFT
S00828,99.69,1,4.41,0.0,2,49.66,26.67,23.67,LOOKING_LEFT
S00829,100.0,1,0.0,0.0,4,66.24,9.14,24.62,NORMAL
S00830,100.0,1,0.0,0.0,9,46.96,5.23,47.81,LOOKING_AWAY
S00831,100.0,2,0.0,0.52,2,41.36,15.0,43.64,LOOKING_RIGHT
S00832,99.83,1,0.86,0.0,5,79.98,9.73,10.29,NORMAL
S00833,99.83,1,0.21,0.0,3,44.26,35.62,20.12,LOOKING_LEFT
S00834,100.0,2,0.0,44.26,0,83.99,3.81,12.2,MULTIPLE_FACES
S00835,67.48,1,67.65,0.0,3,76.82,16.68,6.5,NO_FACE
S00836,99.8,2,0.44,81.84,3,60.5,7.41,32.09,MULTIPLE_FACES
S00837,99.96,1,0.38,0.0,3,40.52,55.71,3.77,LOOKING_LEFT
S00838,100.0,1,0.0,0.0,2,41.06,30.97,27.97,LOOKING_LEFT
S00839,99.62,1,1.06,0.0,1,37.26,21.0,41.74,LOOKING_RIGHT
S00840,100.0,1,0.0,0.0,1,36.93,42.28,20.79,LOOKING_LEFT
S00841,99.9,1,0.89,0.0,7,51.04,14.99,33.97,LOOKING_AWAY
S00842,99.36,1,4.81,0.0,3,29.62,22.55,47.83,LOOKING_RIGHT
S00843,99.7,1,2.43,0.0,4,53.34,26.22,20.44,LOOKING_LEFT
S00844,99.94,1,0.14,0.0,1,76.88,10.58,12.54,NORMAL
S00845,99.99,1,0.03,0.0,10,22.18,57.89,19.93,LOOKING_AWAY
S00846,100.0,1,0.0,0.0,4,29.36,4.78,65.86,LOOKING_RIGHT
S00847,25.28,1,1097.87,0.0,2,74.82,6.66,18.52,NO_FACE
S00848,100.0,1,0.0,0.0,9,56.13,30.82,13.05,LOOKING_AWAY
S00849,100.0,1,0.0,0.0,8,33.29,51.23,15.48,LOOKING_AWAY
S00850,99.39,1,0.5,0.0,1,5.88,64.43,29.69,LOOKING_LEFT
S00851,40.19,1,85.13,0.0,0,76.92,9.98,13.1,NO_FACE
S00852,99.98,1,0.21,0.0,4,26.06,15.25,58.69,LOOKING_RIGHT
S00853,99.79,1,1.02,0.0,0,90.73,7.19,2.08,NORMAL
S00854,100.0,1,0.0,0.0,3,87.75,5.85,6.4,NORMAL
S00855,100.0,1,0.0,0.0,5,15.62,76.87,7.51,LOOKING_LEFT
S00856,100.0,1,0.0,0.0,1,79.1,7.03,13.87,NORMAL
S00857,100.0,1,0.0,0.0,1,84.19,12.95,2.86,NORMAL
S00858,100.0,1,0.0,0.0,4,25.5,52.16,22.34,LOOKING_LEFT
S00859,99.94,1,0.47,0.0,6,61.09,20.93,17.98,NORMAL
S00860,99.48,1,4.17,0.0,6,41.09,56.56,2.35,LOOKING_LEFT
S00861,100.0,1,0.0,0.0,7,15.94,66.46,17.6,LOOKING_AWAY
S00862,100.0,1,0.0,0.0,1,92.8,5.61,1.59,NORMAL
S00863,99.78,1,1.34,0.0,4,25.58,17.25,57.17,LOOKING_RIGHT
S00864,100.0,2,0.0,0.64,6,51.21,35.86,12.93,LOOKING_LEFT
S00865,76.6,2,177.94,1.03,6,68.78,9.02,22.2,MULTIPLE_FACES
S00866,29.4,1,269.74,0.0,0,90.49,2.83,6.68,NO_FACE
S00867,99.82,1,1.24,0.0,6,25.4,47.79,26.81,LOOKING_AWAY
S00868,100.0,1,0.0,0.0,0,79.42,15.05,5.53,NORMAL
S00869,98.13,1,1.97,0.0,4,71.11,13.51,15.38,NORMAL
S00870,29.15,1,326.42,0.0,0,78.07,10.29,11.64,NO_FACE
S00871,99.86,1,0.18,0.0,1,55.45,5.02,39.53,LOOKING_RIGHT
S00872,99.84,1,1.33,0.0,2,88.34,5.2,6.46,NORMAL
S00873,97.47,1,17.38,0.0,2,50.5,36.78,12.72,NORMAL
S00874,99.98,1,0.14,0.0,2,40.25,54.9,4.85,LOOKING_LEFT
S00875,99.79,1,1.96,0.0,4,44.16,0.17,55.67,LOOKING_RIGHT
S00876,100.0,1,0.0,0.0,6,48.13,11.9,39.97,LOOKING_RIGHT
S00877,100.0,1,0.0,0.0,0,95.37,3.75,0.88,NORMAL
S00878,100.0,1,0.0,0.0,10,60.33,11.96,27.71,LOOKING_RIGHT
S00879,99.77,1,1.38,0.0,4,53.39,3.73,42.88,LOOKING_RIGHT
S00880,100.0,1,0.0,0.0,6,63.7,18.86,17.44,NORMAL
S00881,99.47,3,4.89,40.2,4,81.48,8.15,10.37,MULTIPLE_FACES
S00882,100.0,1,0.0,0.0,5,45.96,47.13,6.91,LOOKING_LEFT
S00883,100.0,1,0.0,0.0,5,87.16,7.81,5.03,NORMAL
S00884,99.88,1,0.33,0.0,1,81.13,13.35,5.52,NORMAL
S00885,100.0,2,0.0,306.35,6,37.38,25.35,37.27,MULTIPLE_FACES
S00886,100.0,1,0.0,0.0,7,18.67,28.77,52.56,LOOKING_RIGHT
S00887,99.1,2,1.87,0.32,3,47.06,34.83,18.11,LOOKING_LEFT
S00888,100.0,1,0.0,0.0,4,72.87,24.04,3.09,NORMAL
S00889,100.0,1,0.0,0.0,4,55.22,31.47,13.31,NORMAL
S00890,100.0,3,0.0,101.92,1,81.97,15.1,2.93,MULTIPLE_FACES
S00891,97.61,1,1.62,0.0,7,40.1,2.77,57.13,LOOKING_RIGHT
S00892,12.43,1,52.97,0.0,2,81.42,9.02,9.56,NO_FACE
S00893,100.0,1,0.0,0.0,1,66.29,4.42,29.29,LOOKING_RIGHT
S00894,100.0,1,0.0,0.0,3,82.73,3.22,14.05,NORMAL
S00895,100.0,1,0.0,0.0,7,7.38,62.01,30.61,LOOKING_LEFT
S00896,99.94,1,0.35,0.0,9,35.44,38.0,26.56,LOOKING_AWAY
S00897,100.0,2,0.0,70.59,3,86.6,11.94,1.46,MULTIPLE_FACES
S00898,100.0,1,0.0,0.0,1,78.38,5.78,15.84,NORMAL
S00899,99.74,1,1.16,0.0,3,80.91,12.79,6.3,NORMAL
S00900,99.74,1,0.85,0.0,7,68.68,6.29,25.03,NORMAL
S00901,99.91,3,0.27,151.82,3,79.85,8.2,11.95,MULTIPLE_FACES
S00902,100.0,1,0.0,0.0,0,88.55,4.98,6.47,NORMAL
S00903,99.97,1,0.28,0.0,2,70.12,8.23,21.65,NORMAL
S00904,100.0,1,0.0,0.0,1,54.64,27.51,17.85,NORMAL
S00905,99.31,1,3.37,0.0,5,58.56,4.13,37.31,LOOKING_RIGHT
S00906,71.62,1,189.36,0.0,1,62.6,26.55,10.85,NO_FACE
S00907,98.93,1,5.55,0.0,5,66.64,30.26,3.1,LOOKING_LEFT
S00908,100.0,4,0.0,200.36,1,81.68,15.61,2.71,MULTIPLE_FACES
S00909,99.28,1,1.88,0.0,5,64.5,17.33,18.17,NORMAL
S00910,99.75,1,1.07,0.0,0,78.33,18.91,2.76,NORMAL
S00911,99.9,1,0.17,0.0,5,33.46,19.05,47.49,LOOKING_AWAY
S00912,100.0,1,0.0,0.0,2,58.73,36.77,4.5,LOOKING_LEFT
S00913,99.96,1,0.33,0.0,7,35.21,56.86,7.93,LOOKING_LEFT
S00914,99.62,1,2.19,0.0,5,19.53,18.21,62.26,LOOKING_RIGHT
S00915,100.0,1,0.0,0.0,3,63.24,19.92,16.84,NORMAL
S00916,100.0,2,0.0,496.91,3,69.51,11.67,18.82,MULTIPLE_FACES
S00917,100.0,1,0.0,0.0,1,77.49,17.36,5.15,NORMAL
S00918,99.86,1,0.64,0.0,1,26.36,68.8,4.84,LOOKING_LEFT
S00919,99.93,1,0.72,0.0,3,75.78,2.36,21.86,NORMAL
S00920,99.14,1,12.0,0.0,3,51.94,5.37,42.69,LOOKING_RIGHT
S00921,99.87,1,1.25,0.0,8,67.93,18.37,13.7,NORMAL
S00922,100.0,1,0.0,0.0,5,73.94,6.83,19.23,NORMAL
S00923,99.66,1,1.94,0.0,1,80.5,9.04,10.46,NORMAL
S00924,99.34,1,9.49,0.0,3,68.16,6.2,25.64,LOOKING_RIGHT
S00925,100.0,1,0.0,0.0,7,27.64,44.59,27.77,LOOKING_LEFT
S00926,99.84,2,1.47,238.43,1,63.09,3.28,33.63,MULTIPLE_FACES
S00927,99.99,1,0.05,0.0,4,67.97,23.29,8.74,NORMAL
S00928,32.07,1,48.58,0.0,1,76.55,2.72,20.73,NO_FACE
S00929,99.92,1,0.49,0.0,8,18.98,54.31,26.71,LOOKING_LEFT
S00930,33.38,1,401.83,0.0,7,76.71,7.67,15.62,NO_FACE
S00931,100.0,1,0.0,0.0,6,23.78,13.57,62.65,LOOKING_RIGHT
S00932,77.73,2,112.79,294.81,1,94.13,4.18,1.69,MULTIPLE_FACES
S00933,98.63,1,3.39,0.0,8,33.15,21.96,44.89,LOOKING_AWAY
S00934,99.89,1,0.83,0.0,3,75.96,8.54,15.5,NORMAL
S00935,99.81,1,1.03,0.0,6,22.33,11.32,66.35,LOOKING_RIGHT
S00936,99.76,2,1.78,1.24,9,44.58,27.89,27.53,LOOKING_AWAY
S00937,100.0,1,0.0,0.0,7,30.43,11.94,57.63,LOOKING_RIGHT
S00938,99.87,1,0.86,0.0,0,76.94,11.14,11.92,NORMAL
S00939,99.76,1,0.42,0.0,4,26.64,70.64,2.72,LOOKING_LEFT
S00940,98.46,2,13.09,2.58,8,42.37,31.22,26.41,MULTIPLE_FACES
S00941,0.0,0,1186.35,0.0,0,100.0,0.0,0.0,NO_FACE
S00942,99.66,1,1.08,0.0,1,68.05,15.23,16.72,NORMAL
S00943,51.8,1,363.67,0.0,3,64.86,22.48,12.66,NO_FACE
S00944,99.93,1,0.33,0.0,9,45.0,27.1,27.9,NORMAL
S00945,74.06,2,7.69,34.44,2,86.19,6.93,6.88,MULTIPLE_FACES
S00946,99.32,2,6.53,524.43,5,46.91,28.72,24.37,MULTIPLE_FACES
S00947,99.83,1,2.42,0.0,4,82.84,15.58,1.58,NORMAL
S00948,99.73,1,1.78,0.0,3,64.7,30.95,4.35,LOOKING_LEFT
S00949,98.06,1,8.69,0.0,5,62.87,2.47,34.66,LOOKING_RIGHT
S00950,99.94,2,0.38,232.0,6,61.06,14.0,24.94,MULTIPLE_FACES
S00951,99.96,1,0.5,0.0,17,34.24,27.82,37.94,LOOKING_AWAY
S00952,100.0,1,0.0,0.0,2,79.94,8.97,11.09,NORMAL
S00953,99.91,1,0.49,0.0,5,77.8,3.32,18.88,NORMAL
S00954,100.0,2,0.0,72.98,2,91.79,8.09,0.12,MULTIPLE_FACES
S00955,99.86,1,1.14,0.0,3,69.08,15.41,15.51,NORMAL
S00956,100.0,1,0.0,0.0,7,0.0,80.16,19.84,LOOKING_LEFT
S00957,99.18,1,1.09,0.0,1,75.9,18.06,6.04,NORMAL
S00958,100.0,1,0.0,0.0,2,50.76,26.12,23.12,LOOKING_LEFT
S00959,99.93,1,0.44,0.0,1,93.19,1.89,4.92,NORMAL
S00960,100.0,1,0.0,0.0,1,89.87,7.69,2.44,NORMAL
S00961,100.0,1,0.03,0.0,4,78.09,15.71,6.2,NORMAL
S00962,74.36,1,131.47,0.0,6,61.33,2.0,36.67,NO_FACE
S00963,99.59,1,0.84,0.0,2,84.98,0.44,14.58,NORMAL
S00964,99.85,1,1.72,0.0,3,56.23,40.81,2.96,LOOKING_LEFT
S00965,99.99,1,0.07,0.0,9,34.37,36.33,29.3,LOOKING_AWAY
S00966,100.0,1,0.0,0.0,6,23.41,69.61,6.98,LOOKING_LEFT
S00967,99.87,2,1.5,1.7,3,66.24,23.58,10.18,MULTIPLE_FACES
S00968,100.0,1,0.0,0.0,5,33.27,25.02,41.71,LOOKING_RIGHT
S00969,98.91,1,3.91,0.0,4,30.49,41.39,28.12,LOOKING_AWAY
S00970,99.85,1,0.48,0.0,8,32.03,3.63,64.34,LOOKING_RIGHT
S00971,100.0,1,0.0,0.0,10,17.57,21.48,60.95,LOOKING_AWAY
S00972,100.0,1,0.0,0.0,8,40.43,31.05,28.52,LOOKING_AWAY
S00973,99.87,1,0.78,0.0,2,88.78,7.07,4.15,NORMAL
S00974,99.53,1,5.21,0.0,5,83.67,5.59,10.74,NORMAL
S00975,100.0,1,0.0,0.0,4,40.75,15.24,44.01,LOOKING_RIGHT
S00976,98.58,1,8.44,0.0,4,73.07,15.87,11.06,NORMAL
S00977,93.71,1,14.82,0.0,0,94.72,1.55,3.73,NORMAL
S00978,62.96,2,310.9,262.53,8,56.87,30.43,12.7,MULTIPLE_FACES
S00979,100.0,2,0.0,2.77,6,55.9,7.36,36.74,MULTIPLE_FACES
S00980,97.92,1,7.23,0.0,0,94.12,4.32,1.56,NORMAL
S00981,100.0,1,0.0,0.0,5,0.4,20.66,78.94,LOOKING_RIGHT
S00982,99.92,2,0.55,2.96,4,78.53,13.91,7.56,MULTIPLE_FACES
S00983,100.0,1,0.0,0.0,6,49.45,15.79,34.76,LOOKING_RIGHT
S00984,99.97,1,0.17,0.0,18,22.76,26.38,50.86,LOOKING_AWAY
S00985,99.4,1,5.82,0.0,2,55.52,2.85,41.63,LOOKING_RIGHT
S00986,99.72,1,1.86,0.0,0,89.7,5.51,4.79,NORMAL
S00987,99.85,1,0.47,0.0,9,20.02,59.26,20.72,LOOKING_AWAY
S00988,99.98,1,0.08,0.0,1,93.79,4.2,2.01,NORMAL
S00989,5.84,1,307.51,0.0,4,78.89,18.34,2.77,NO_FACE
S00990,100.0,1,0.0,0.0,10,2.0,30.12,67.88,LOOKING_AWAY
S00991,99.71,1,3.24,0.0,11,34.36,61.5,4.14,LOOKING_AWAY
S00992,99.98,1,0.19,0.0,6,44.32,21.37,34.31,LOOKING_AWAY
S00993,100.0,1,0.0,0.0,3,26.32,30.82,42.86,LOOKING_RIGHT
S00994,100.0,1,0.0,0.0,1,90.85,8.88,0.27,NORMAL
S00995,15.81,1,67.28,0.0,1,76.52,3.07,20.41,NO_FACE
S00996,82.68,1,157.15,0.0,3,49.87,20.42,29.71,NO_FACE
S00997,99.91,1,1.17,0.0,3,32.76,35.12,32.12,LOOKING_LEFT
S00998,12.53,1,243.27,0.0,8,41.35,8.04,50.61,NO_FACE
S00999,100.0,1,0.0,0.0,2,67.63,16.34,16.03,NORMAL
S01000,100.0,1,0.0,0.0,4,47.8,7.63,44.57,LOOKING_RIGHT
S01001,100.0,2,0.0,69.65,0,88.68,0.54,10.78,MULTIPLE_FACES
S01002,98.96,2,5.93,13.6,4,69.34,28.45,2.21,MULTIPLE_FACES
S01003,100.0,1,0.0,0.0,2,85.35,6.91,7.74,NORMAL
S01004,98.56,1,17.35,0.0,2,75.09,1.7,23.21,NORMAL
S01005,100.0,2,0.0,0.98,8,21.68,59.59,18.73,LOOKING_AWAY
S01006,99.64,1,2.11,0.0,10,37.72,22.42,39.86,LOOKING_AWAY
S01007,100.0,1,0.0,0.0,4,30.78,10.88,58.34,LOOKING_RIGHT
S01008,100.0,1,0.0,0.0,1,51.96,16.02,32.02,LOOKING_RIGHT
S01009,0.0,0,1147.1,0.0,0,100.0,0.0,0.0,NO_FACE
S01010,99.8,1,0.49,0.0,3,39.78,40.73,19.49,LOOKING_LEFT
S01011,100.0,1,0.0,0.0,0,75.41,17.29,7.3,NORMAL
S01012,0.0,0,789.68,0.0,0,100.0,0.0,0.0,NO_FACE
S01013,18.07,1,126.28,0.0,3,31.03,57.84,11.13,NO_FACE
S01014,99.99,1,0.08,0.0,1,73.27,12.18,14.55,NORMAL
S01015,70.85,2,100.34,11.53,4,81.78,7.37,10.85,MULTIPLE_FACES
S01016,99.79,1,1.71,0.0,13,21.51,29.49,49.0,LOOKING_AWAY
S01017,100.0,1,0.0,0.0,1,80.11,11.1,8.79,NORMAL
S01018,99.67,2,1.52,97.77,5,81.61,13.29,5.1,MULTIPLE_FACES
S01019,69.53,3,40.19,109.2,6,86.92,8.37,4.71,MULTIPLE_FACES
S01020,99.59,1,2.05,0.0,2,77.99,2.66,19.35,NORMAL
S01021,100.0,1,0.0,0.0,4,42.59,53.92,3.49,LOOKING_LEFT
S01022,99.77,1,0.75,0.0,9,16.13,51.12,32.75,LOOKING_AWAY
S01023,100.0,1,0.0,0.0,3,89.33,1.65,9.02,NORMAL
S01024,100.0,1,0.0,0.0,2,80.15,6.94,12.91,NORMAL
S01025,99.82,1,0.9,0.0,10,36.67,33.59,29.74,LOOKING_AWAY
S01026,100.0,1,0.0,0.0,12,31.19,39.15,29.66,LOOKING_AWAY
S01027,100.0,1,0.0,0.0,8,1.0,72.8,26.2,LOOKING_LEFT
S01028,99.88,2,0.85,0.46,3,58.81,31.04,10.15,LOOKING_LEFT
S01029,99.89,1,0.77,0.0,3,73.41,4.56,22.03,NORMAL
S01030,67.5,2,81.94,25.42,3,76.23,6.36,17.41,MULTIPLE_FACES
S01031,89.49,1,18.7,0.0,4,75.66,6.51,17.83,NO_FACE
S01032,99.88,1,0.27,0.0,1,86.37,10.41,3.22,NORMAL
S01033,100.0,2,0.0,38.8,4,81.12,7.59,11.29,MULTIPLE_FACES
S01034,99.57,2,2.37,341.17,3,80.2,9.69,10.11,MULTIPLE_FACES
S01035,99.97,1,0.36,0.0,7,35.99,17.81,46.2,LOOKING_AWAY
S01036,63.39,2,130.12,18.27,5,63.31,13.28,23.41,MULTIPLE_FACES
S01037,56.79,1,99.27,0.0,3,24.71,70.97,4.32,NO_FACE
S01038,100.0,1,0.0,0.0,1,83.9,4.77,11.33,NORMAL
S01039,100.0,1,0.0,0.0,3,87.46,2.45,10.09,NORMAL
S01040,100.0,1,0.0,0.0,10,35.32,23.42,41.26,LOOKING_AWAY
S01041,99.72,1,1.71,0.0,2,76.46,21.9,1.64,NORMAL
S01042,100.0,1,0.0,0.0,2,47.27,41.37,11.36,LOOKING_LEFT
S01043,100.0,1,0.0,0.0,4,5.93,37.77,56.3,LOOKING_RIGHT
S01044,99.97,1,0.3,0.0,9,20.73,63.04,16.23,LOOKING_AWAY
S01045,100.0,1,0.0,0.0,2,88.43,7.57,4.0,NORMAL
S01046,100.0,2,0.0,110.71,7,67.94,25.64,6.42,MULTIPLE_FACES
S01047,100.0,3,0.0,131.3,5,53.93,2.12,43.95,MULTIPLE_FACES
S01048,99.89,1,0.61,0.0,1,48.42,24.29,27.29,LOOKING_RIGHT
S01049,99.96,1,0.41,0.0,3,84.82,4.93,10.25,NORMAL
S01050,64.65,1,97.67,0.0,2,89.81,8.78,1.41,NO_FACE
S01051,100.0,1,0.0,0.0,3,27.63,50.79,21.58,LOOKING_LEFT
S01052,99.34,3,1.21,2.47,6,56.08,24.12,19.8,MULTIPLE_FACES
S01053,99.97,1,0.27,0.0,1,80.7,5.52,13.78,NORMAL
S01054,98.66,1,0.88,0.0,6,71.82,14.82,13.36,NORMAL
S01055,99.19,1,5.33,0.0,3,60.43,15.24,24.33,NORMAL
S01056,100.0,1,0.0,0.0,1,73.01,10.49,16.5,NORMAL
S01057,100.0,2,0.0,54.72,4,56.95,17.56,25.49,MULTIPLE_FACES
S01058,99.4,1,1.98,0.0,6,26.8,64.06,9.14,LOOKING_LEFT
S01059,100.0,1,0.0,0.0,1,65.24,4.41,30.35,LOOKING_RIGHT
S01060,99.94,1,0.54,0.0,2,44.98,3.34,51.68,LOOKING_RIGHT
S01061,100.0,1,0.0,0.0,0,87.69,3.45,8.86,NORMAL
S01062,99.71,2,0.36,58.05,2,63.85,18.93,17.22,MULTIPLE_FACES
S01063,15.51,1,103.19,0.0,1,68.75,28.32,2.93,NO_FACE
S01064,100.0,1,0.0,0.0,8,38.47,7.0,54.53,LOOKING_AWAY
S01065,100.0,1,0.0,0.0,3,93.44,3.82,2.74,NORMAL
S01066,100.0,2,0.0,0.59,1,85.21,6.19,8.6,MULTIPLE_FACES
S01067,99.94,1,0.41,0.0,2,64.83,27.77,7.4,NORMAL
S01068,100.0,1,0.0,0.0,1,67.21,5.97,26.82,LOOKING_RIGHT
S01069,99.96,2,0.31,89.89,5,83.05,14.87,2.08,MULTIPLE_FACES
S01070,99.95,1,0.32,0.0,4,45.78,39.72,14.5,LOOKING_LEFT
S01071,98.49,1,3.54,0.0,1,92.71,1.42,5.87,NORMAL
S01072,43.74,1,89.74,0.0,4,68.92,16.25,14.83,NO_FACE
S01073,100.0,1,0.0,0.0,7,16.8,40.28,42.92,LOOKING_AWAY
S01074,70.54,1,1.57,0.0,2,81.45,13.16,5.39,NO_FACE
S01075,23.71,1,537.0,0.0,1,76.11,20.45,3.44,NO_FACE
S01076,100.0,1,0.0,0.0,2,87.72,6.28,6.0,NORMAL
S01077,96.52,1,13.44,0.0,10,13.68,34.71,51.61,LOOKING_AWAY
S01078,32.42,1,43.58,0.0,2,67.49,16.59,15.92,NO_FACE
S01079,99.92,1,0.94,0.0,3,24.23,49.28,26.49,LOOKING_LEFT
S01080,100.0,2,0.0,88.05,1,84.34,9.58,6.08,MULTIPLE_FACES
S01081,77.27,2,45.55,68.17,3,56.98,8.21,34.81,MULTIPLE_FACES
S01082,100.0,2,0.0,180.37,2,69.33,3.86,26.81,MULTIPLE_FACES
S01083,99.87,1,0.12,0.0,4,56.68,30.89,12.43,NORMAL
S01084,100.0,1,0.0,0.0,2,43.68,12.24,44.08,LOOKING_RIGHT
S01085,99.85,2,0.56,1.84,2,63.43,1.74,34.83,LOOKING_RIGHT
S01086,99.02,1,6.45,0.0,4,53.02,40.91,6.07,LOOKING_LEFT
S01087,12.63,1,73.21,0.0,2,86.11,1.33,12.56,NO_FACE
S01088,100.0,1,0.0,0.0,3,45.68,52.38,1.94,LOOKING_LEFT
S01089,34.84,1,345.9,0.0,3,72.73,5.31,21.96,NO_FACE
S01090,97.84,1,2.35,0.0,4,73.15,18.95,7.9,NORMAL
S01091,100.0,1,0.0,0.0,1,12.2,45.4,42.4,LOOKING_LEFT
S01092,98.45,1,0.97,0.0,0,94.23,4.45,1.32,NORMAL
S01093,98.45,1,8.66,0.0,2,80.77,11.69,7.54,NORMAL
S01094,97.33,1,9.98,0.0,13,18.02,40.34,41.64,LOOKING_AWAY
S01095,99.24,1,2.26,0.0,7,38.32,42.71,18.97,LOOKING_AWAY
S01096,87.33,1,72.3,0.0,3,39.09,27.91,33.0,NO_FACE
S01097,100.0,1,0.0,0.0,9,33.65,26.82,39.53,LOOKING_AWAY
S01098,0.0,0,1234.77,0.0,0,100.0,0.0,0.0,NO_FACE
S01099,99.78,3,1.56,2.34,2,79.98,3.44,16.58,MULTIPLE_FACES
S01100,99.95,1,0.36,0.0,3,92.39,2.04,5.57,NORMAL
S01101,100.0,3,0.0,339.03,6,80.08,9.01,10.91,MULTIPLE_FACES
S01102,54.78,1,621.93,0.0,5,10.85,55.6,33.55,NO_FACE
S01103,100.0,1,0.0,0.0,6,10.58,13.16,76.26,LOOKING_RIGHT
S01104,99.88,1,0.38,0.0,12,1.39,15.67,82.94,LOOKING_RIGHT
S01105,99.79,2,0.7,75.59,1,90.33,7.87,1.8,MULTIPLE_FACES
S01106,13.93,1,446.92,0.0,3,74.61,17.28,8.11,NO_FACE
S01107,99.99,2,0.07,32.12,7,74.24,0.94,24.82,MULTIPLE_FACES
S01108,34.07,1,737.77,0.0,3,63.72,13.56,22.72,NO_FACE
S01109,99.51,1,6.82,0.0,6,33.52,11.25,55.23,LOOKING_RIGHT
S01110,99.54,1,0.63,0.0,3,9.24,56.43,34.33,LOOKING_LEFT
S01111,100.0,4,0.0,69.32,0,80.96,10.33,8.71,MULTIPLE_FACES
S01112,99.93,1,0.39,0.0,3,68.88,22.0,9.12,LOOKING_LEFT
S01113,100.0,1,0.0,0.0,5,39.51,22.22,38.27,LOOKING_AWAY
S01114,6.96,1,522.79,0.0,3,82.64,8.63,8.73,NO_FACE
S01115,100.0,1,0.0,0.0,3,70.42,6.36,23.22,NORMAL
S01116,20.82,1,40.79,0.0,3,64.73,18.85,16.42,NO_FACE
S01117,100.0,1,0.0,0.0,10,5.13,13.04,81.83,LOOKING_RIGHT
S01118,7.53,1,769.3,0.0,6,68.34,7.22,24.44,NO_FACE
S01119,96.82,1,6.77,0.0,13,20.47,19.45,60.08,LOOKING_AWAY
S01120,73.26,1,170.34,0.0,6,10.67,41.48,47.85,NO_FACE
S01121,100.0,1,0.0,0.0,1,39.84,56.94,3.22,LOOKING_LEFT
S01122,99.45,2,6.3,360.79,3,73.26,4.71,22.03,MULTIPLE_FACES
S01123,97.52,1,6.59,0.0,2,37.6,53.99,8.41,LOOKING_LEFT
S01124,19.37,1,466.82,0.0,3,61.26,15.87,22.87,NO_FACE
S01125,100.0,1,0.0,0.0,7,34.22,52.8,12.98,LOOKING_LEFT
S01126,100.0,1,0.0,0.0,6,60.59,33.51,5.9,LOOKING_LEFT
S01127,98.19,1,8.46,0.0,4,60.12,37.66,2.22,LOOKING_LEFT
S01128,100.0,1,0.0,0.0,2,81.65,17.01,1.34,NORMAL
S01129,7.33,1,543.67,0.0,3,77.58,22.24,0.18,NO_FACE
S01130,98.32,1,1.95,0.0,5,46.54,12.67,40.79,LOOKING_RIGHT
S01131,71.52,1,143.95,0.0,0,85.75,6.16,8.09,NO_FACE
S01132,14.06,1,60.45,0.0,1,64.1,24.52,11.38,NO_FACE
S01133,100.0,2,0.0,1.26,6,21.78,70.17,8.05,LOOKING_LEFT
S01134,99.79,1,1.02,0.0,6,22.6,18.61,58.79,LOOKING_AWAY
S01135,21.66,1,591.25,0.0,3,12.57,67.37,20.06,NO_FACE
S01136,37.59,1,501.01,0.0,1,16.12,28.82,55.06,NO_FACE
S01137,99.98,3,0.14,122.24,5,67.12,14.75,18.13,MULTIPLE_FACES
S01138,53.16,1,133.61,0.0,7,14.01,32.33,53.66,NO_FACE
S01139,100.0,1,0.0,0.0,2,10.48,32.11,57.41,LOOKING_RIGHT
S01140,100.0,1,0.0,0.0,6,15.61,67.66,16.73,LOOKING_LEFT
S01141,100.0,1,0.0,0.0,6,44.71,41.19,14.1,LOOKING_AWAY
S01142,100.0,2,0.0,35.46,5,53.23,27.27,19.5,MULTIPLE_FACES
S01143,97.69,1,11.03,0.0,5,6.63,11.1,82.27,LOOKING_RIGHT
S01144,100.0,1,0.0,0.0,8,11.46,74.77,13.77,LOOKING_LEFT
S01145,100.0,2,0.0,61.31,0,93.03,0.33,6.64,MULTIPLE_FACES
S01146,99.6,2,2.94,96.78,6,69.91,7.28,22.81,MULTIPLE_FACES
S01147,99.2,1,1.51,0.0,4,79.88,4.7,15.42,NORMAL
S01148,100.0,1,0.0,0.0,8,13.42,22.4,64.18,LOOKING_AWAY
S01149,99.96,1,0.29,0.0,17,34.59,42.7,22.71,LOOKING_AWAY
S01150,100.0,1,0.0,0.0,2,44.8,5.5,49.7,LOOKING_RIGHT
S01151,100.0,1,0.0,0.0,3,71.89,2.57,25.54,NORMAL
S01152,100.0,1,0.0,0.0,6,37.08,8.79,54.13,LOOKING_RIGHT
S01153,97.32,1,20.18,0.0,0,86.45,7.01,6.54,NORMAL
S01154,57.93,1,179.66,0.0,0,81.46,15.55,2.99,NO_FACE
S01155,100.0,1,0.0,0.0,9,41.5,12.89,45.61,LOOKING_RIGHT
S01156,99.97,1,0.33,0.0,1,94.51,1.53,3.96,NORMAL
S01157,61.52,2,47.98,77.83,3,55.48,32.61,11.91,MULTIPLE_FACES
S01158,100.0,1,0.0,0.0,10,13.98,63.96,22.06,LOOKING_AWAY
S01159,99.68,1,0.82,0.0,6,21.92,16.96,61.12,LOOKING_RIGHT
S01160,64.17,2,264.94,142.54,7,91.18,3.14,5.68,MULTIPLE_FACES
S01161,100.0,1,0.0,0.0,2,89.55,9.52,0.93,NORMAL
S01162,99.86,1,0.81,0.0,2,72.77,16.91,10.32,NORMAL
S01163,100.0,1,0.0,0.0,9,25.51,53.5,20.99,LOOKING_AWAY
S01164,61.51,2,55.79,214.04,5,78.52,13.58,7.9,MULTIPLE_FACES
S01165,99.99,1,0.22,0.0,0,85.59,2.82,11.59,NORMAL
S01166,99.83,1,0.36,0.0,5,12.3,19.28,68.42,LOOKING_RIGHT
S01167,50.06,1,103.25,0.0,2,68.68,26.9,4.42,NO_FACE
S01168,99.99,1,0.09,0.0,2,74.21,8.44,17.35,NORMAL
S01169,100.0,1,0.0,0.0,8,27.16,15.85,56.99,LOOKING_AWAY
S01170,100.0,1,0.0,0.0,3,69.01,29.53,1.46,NORMAL
S01171,100.0,2,0.0,87.97,4,78.54,11.18,10.28,MULTIPLE_FACES
S01172,100.0,1,0.0,0.0,3,39.16,31.92,28.92,LOOKING_LEFT
S01173,99.9,1,1.09,0.0,4,45.72,6.06,48.22,LOOKING_RIGHT
S01174,32.91,1,7.49,0.0,4,74.03,21.83,4.14,NO_FACE
S01175,84.13,1,172.89,0.0,2,63.9,4.6,31.5,NO_FACE
S01176,99.85,2,0.31,60.11,5,87.92,8.58,3.5,MULTIPLE_FACES
S01177,99.94,2,0.13,102.4,0,86.56,4.14,9.3,MULTIPLE_FACES
S01178,97.55,1,4.65,0.0,9,29.05,9.32,61.63,LOOKING_AWAY
S01179,100.0,1,0.0,0.0,3,35.49,15.64,48.87,LOOKING_RIGHT
S01180,16.73,1,724.3,0.0,2,14.01,44.0,41.99,NO_FACE
S01181,60.44,1,61.88,0.0,3,20.77,50.21,29.02,NO_FACE
S01182,99.06,1,1.7,0.0,1,80.27,10.47,9.26,NORMAL
S01183,99.94,1,0.4,0.0,6,29.76,32.98,37.26,LOOKING_AWAY
S01184,99.75,1,1.89,0.0,5,39.71,52.42,7.87,LOOKING_LEFT
S01185,48.12,1,228.01,0.0,2,91.42,6.87,1.71,NO_FACE
S01186,100.0,1,0.0,0.0,2,76.59,2.1,21.31,NORMAL
S01187,99.14,1,4.55,0.0,1,88.87,8.48,2.65,NORMAL
S01188,75.01,1,51.59,0.0,6,31.54,13.33,55.13,NO_FACE
S01189,99.91,2,0.59,235.35,3,51.81,11.51,36.68,MULTIPLE_FACES
S01190,100.0,1,0.0,0.0,4,65.66,11.43,22.91,LOOKING_RIGHT
S01191,100.0,1,0.0,0.0,6,46.57,48.82,4.61,LOOKING_LEFT
S01192,100.0,2,0.0,88.74,6,48.66,28.23,23.11,MULTIPLE_FACES
S01193,100.0,1,0.0,0.0,17,27.52,22.9,49.58,LOOKING_AWAY
S01194,99.93,1,0.43,0.0,1,64.7,4.34,30.96,NORMAL
S01195,99.9,1,0.39,0.0,0,38.77,2.31,58.92,LOOKING_RIGHT
S01196,99.74,1,0.28,0.0,8,70.19,20.9,8.91,NORMAL
S01197,100.0,1,0.0,0.0,2,89.86,8.79,1.35,NORMAL
S01198,99.5,1,6.46,0.0,5,72.04,3.96,24.0,NORMAL
S01199,100.0,1,0.0,0.0,5,30.45,7.5,62.05,LOOKING_RIGHT
S01200,99.97,1,0.38,0.0,3,0.0,24.74,75.26,LOOKING_RIGHT
S01201,99.95,1,0.8,0.0,3,81.92,10.12,7.96,NORMAL
S01202,100.0,1,0.0,0.0,6,48.3,13.2,38.5,NORMAL
S01203,99.92,1,0.23,0.0,5,84.97,9.64,5.39,NORMAL
S01204,99.73,1,1.89,0.0,5,63.87,30.32,5.81,LOOKING_LEFT
S01205,99.82,2,1.06,247.76,0,89.23,4.87,5.9,MULTIPLE_FACES
S01206,99.72,1,2.18,0.0,1,41.46,15.5,43.04,LOOKING_RIGHT
S01207,100.0,1,0.0,0.0,4,26.29,17.66,56.05,LOOKING_RIGHT
S01208,38.74,1,680.31,0.0,2,95.18,4.62,0.2,NO_FACE
S01209,52.12,1,201.86,0.0,3,75.07,7.9,17.03,NO_FACE
S01210,100.0,1,0.0,0.0,1,80.61,13.27,6.12,NORMAL
S01211,98.67,1,9.3,0.0,6,5.91,41.13,52.96,LOOKING_AWAY
S01212,99.99,1,0.03,0.0,4,32.43,64.73,2.84,LOOKING_LEFT
S01213,98.14,1,5.14,0.0,6,40.14,36.51,23.35,LOOKING_LEFT
S01214,99.73,1,2.03,0.0,4,92.77,2.84,4.39,NORMAL
S01215,10.29,1,260.02,0.0,6,80.54,4.19,15.27,NO_FACE
S01216,100.0,1,0.0,0.0,1,70.81,3.79,25.4,NORMAL
S01217,100.0,1,0.0,0.0,4,33.98,36.49,29.53,LOOKING_LEFT
S01218,99.75,1,0.83,0.0,10,13.76,30.19,56.05,LOOKING_AWAY
S01219,98.88,1,7.69,0.0,2,82.01,11.78,6.21,NORMAL
S01220,99.94,1,0.41,0.0,6,31.04,41.27,27.69,LOOKING_LEFT
S01221,99.97,1,0.19,0.0,8,19.63,53.47,26.9,LOOKING_AWAY
S01222,100.0,1,0.0,0.0,11,29.87,31.48,38.65,LOOKING_AWAY
S01223,100.0,1,0.0,0.0,2,82.93,14.65,2.42,NORMAL
S01224,99.87,1,0.79,0.0,4,86.89,4.83,8.28,NORMAL
S01225,62.36,1,178.58,0.0,1,66.85,18.0,15.15,NO_FACE
S01226,100.0,1,0.0,0.0,4,81.46,5.28,13.26,NORMAL
S01227,98.44,1,15.38,0.0,13,29.04,41.09,29.87,LOOKING_AWAY
S01228,100.0,1,0.0,0.0,5,42.44,21.26,36.3,LOOKING_RIGHT
S01229,100.0,3,0.0,162.04,3,79.22,15.35,5.43,MULTIPLE_FACES
S01230,99.98,1,0.12,0.0,1,52.14,46.25,1.61,LOOKING_LEFT
S01231,66.46,1,188.0,0.0,0,87.09,10.28,2.63,NO_FACE
S01232,100.0,1,0.0,0.0,2,44.72,7.69,47.59,LOOKING_RIGHT
S01233,100.0,1,0.0,0.0,7,52.13,35.76,12.11,LOOKING_AWAY
S01234,99.89,1,0.07,0.0,0,85.61,8.7,5.69,NORMAL
S01235,100.0,1,0.0,0.0,6,27.85,42.24,29.91,LOOKING_AWAY
S01236,100.0,1,0.0,0.0,3,77.75,21.16,1.09,NORMAL
S01237,99.32,1,1.91,0.0,0,91.32,1.82,6.86,NORMAL
S01238,99.24,1,4.98,0.0,2,54.83,2.34,42.83,LOOKING_RIGHT
S01239,100.0,1,0.0,0.0,1,31.45,48.29,20.26,LOOKING_LEFT
S01240,100.0,1,0.0,0.0,3,34.29,58.85,6.86,LOOKING_LEFT
S01241,98.95,1,5.73,0.0,3,92.93,2.55,4.52,NORMAL
S01242,48.71,1,65.9,0.0,1,84.75,13.95,1.3,NO_FACE
S01243,99.97,1,0.16,0.0,6,9.04,65.56,25.4,LOOKING_AWAY
S01244,99.95,1,0.54,0.0,2,26.66,0.42,72.92,LOOKING_RIGHT
S01245,99.16,1,6.39,0.0,3,0.0,26.37,73.63,LOOKING_RIGHT
S01246,70.95,1,75.74,0.0,2,79.55,12.97,7.48,NO_FACE
S01247,99.95,1,0.36,0.0,2,54.57,37.63,7.8,LOOKING_LEFT
S01248,99.84,2,0.57,1.53,2,91.26,1.9,6.84,MULTIPLE_FACES
S01249,100.0,1,0.0,0.0,5,59.64,21.4,18.96,LOOKING_AWAY
S01250,100.0,1,0.0,0.0,1,81.41,10.29,8.3,NORMAL
S01251,100.0,1,0.0,0.0,4,78.53,11.84,9.63,NORMAL
S01252,12.98,1,236.24,0.0,0,82.22,3.98,13.8,NO_FACE
S01253,100.0,1,0.0,0.0,11,22.3,69.48,8.22,LOOKING_LEFT
S01254,65.54,2,138.02,131.77,8,48.02,31.37,20.61,MULTIPLE_FACES
S01255,94.46,1,20.78,0.0,3,25.92,9.18,64.9,LOOKING_RIGHT
S01256,100.0,1,0.0,0.0,3,54.14,28.93,16.93,NORMAL
S01257,100.0,1,0.03,0.0,6,40.25,40.11,19.64,LOOKING_LEFT
S01258,98.78,1,16.7,0.0,8,18.56,18.2,63.24,LOOKING_AWAY
S01259,99.65,3,2.79,110.85,4,62.84,17.93,19.23,MULTIPLE_FACES
S01260,99.96,3,0.41,400.41,7,57.41,29.73,12.86,MULTIPLE_FACES
S01261,100.0,2,0.0,114.75,4,70.67,26.54,2.79,MULTIPLE_FACES
S01262,99.33,1,9.07,0.0,5,57.23,24.09,18.68,NORMAL
S01263,98.33,1,18.17,0.0,3,36.54,40.67,22.79,LOOKING_LEFT
S01264,87.15,1,94.64,0.0,1,76.01,21.3,2.69,NO_FACE
S01265,0.0,0,399.24,0.0,0,100.0,0.0,0.0,NO_FACE
S01266,58.82,1,522.52,0.0,3,68.84,19.72,11.44,NO_FACE
S01267,97.58,1,11.09,0.0,3,55.41,6.85,37.74,NORMAL
S01268,98.89,1,9.95,0.0,3,48.4,24.3,27.3,LOOKING_RIGHT
S01269,99.45,1,1.27,0.0,11,25.05,15.95,59.0,LOOKING_AWAY
S01270,100.0,1,0.0,0.0,8,54.22,13.27,32.51,LOOKING_AWAY
S01271,100.0,2,0.0,238.28,5,80.18,1.83,17.99,MULTIPLE_FACES
S01272,99.44,1,1.25,0.0,0,79.21,0.87,19.92,NORMAL
S01273,60.0,1,71.62,0.0,3,66.09,16.77,17.14,NO_FACE
S01274,98.0,1,20.13,0.0,7,18.82,10.37,70.81,LOOKING_RIGHT
S01275,99.56,1,1.4,0.0,2,27.34,25.23,47.43,LOOKING_RIGHT
S01276,99.91,1,0.34,0.0,4,75.47,6.82,17.71,NORMAL
S01277,6.96,1,108.76,0.0,2,71.21,7.22,21.57,NO_FACE
S01278,98.37,2,1.19,37.99,6,75.93,14.86,9.21,MULTIPLE_FACES
S01279,100.0,1,0.0,0.0,3,86.63,9.32,4.05,NORMAL
S01280,99.4,1,2.81,0.0,3,21.45,74.23,4.32,LOOKING_LEFT
S01281,99.62,1,1.93,0.0,2,87.83,6.92,5.25,NORMAL
S01282,99.69,1,0.46,0.0,3,74.91,3.25,21.84,NORMAL
S01283,100.0,1,0.0,0.0,2,29.61,63.47,6.92,LOOKING_LEFT
S01284,99.91,1,0.63,0.0,7,7.06,49.25,43.69,LOOKING_LEFT
S01285,100.0,1,0.0,0.0,2,59.0,22.0,19.0,LOOKING_LEFT
S01286,29.16,1,502.98,0.0,4,38.32,5.79,55.89,NO_FACE
S01287,100.0,1,0.0,0.0,2,77.03,8.06,14.91,NORMAL
S01288,99.74,1,1.33,0.0,8,34.24,28.84,36.92,LOOKING_RIGHT
S01289,100.0,1,0.0,0.0,0,73.38,8.76,17.86,NORMAL
S01290,98.78,2,1.1,19.11,7,63.7,2.21,34.09,MULTIPLE_FACES
S01291,64.22,1,181.28,0.0,6,1.1,15.43,83.47,NO_FACE
S01292,99.34,1,7.27,0.0,8,62.0,11.42,26.58,LOOKING_AWAY
S01293,86.53,1,100.41,0.0,3,78.77,9.91,11.32,NO_FACE
S01294,99.78,1,1.3,0.0,3,79.03,8.34,12.63,NORMAL
S01295,98.78,1,19.44,0.0,3,87.81,11.59,0.6,NORMAL
S01296,19.92,1,302.9,0.0,3,84.3,3.83,11.87,NO_FACE
S01297,99.91,1,0.53,0.0,6,57.14,4.0,38.86,LOOKING_RIGHT
S01298,100.0,1,0.0,0.0,5,63.1,14.9,22.0,LOOKING_RIGHT
S01299,100.0,1,0.0,0.0,3,52.2,34.45,13.35,LOOKING_LEFT
S01300,99.94,1,0.68,0.0,6,0.61,16.6,82.79,LOOKING_RIGHT
S01301,100.0,2,0.0,111.81,8,75.13,15.17,9.7,MULTIPLE_FACES
S01302,100.0,2,0.0,194.61,1,83.77,8.96,7.27,MULTIPLE_FACES
S01303,100.0,1,0.0,0.0,12,8.9,3.77,87.33,LOOKING_AWAY
S01304,66.03,1,14.84,0.0,10,11.35,87.37,1.28,NO_FACE
S01305,100.0,1,0.0,0.0,2,53.57,34.67,11.76,LOOKING_LEFT
S01306,99.59,1,3.41,0.0,0,91.35,4.63,4.02,NORMAL
S01307,5.71,1,1019.68,0.0,3,81.23,6.89,11.88,NO_FACE
S01308,99.38,1,1.74,0.0,5,82.27,11.04,6.69,NORMAL
S01309,24.13,1,126.15,0.0,2,79.22,19.13,1.65,NO_FACE
S01310,51.73,1,31.87,0.0,7,11.28,27.17,61.55,NO_FACE
S01311,97.79,1,16.15,0.0,3,76.86,4.95,18.19,NORMAL
S01312,98.91,1,2.3,0.0,4,34.57,40.79,24.64,LOOKING_LEFT
S01313,100.0,1,0.0,0.0,3,21.97,46.38,31.65,LOOKING_LEFT
S01314,61.76,1,150.51,0.0,1,66.07,19.61,14.32,NO_FACE
S01315,100.0,1,0.0,0.0,3,77.03,13.16,9.81,NORMAL
S01316,99.4,1,1.39,0.0,7,36.23,59.24,4.53,LOOKING_LEFT
S01317,93.61,1,14.17,0.0,4,28.41,56.16,15.43,LOOKING_AWAY
S01318,77.44,1,249.9,0.0,5,71.1,2.6,26.3,NO_FACE
S01319,100.0,2,0.0,0.55,1,60.13,36.41,3.46,LOOKING_LEFT
S01320,100.0,1,0.0,0.0,1,93.78,5.65,0.57,NORMAL
S01321,32.27,1,679.2,0.0,2,85.18,9.85,4.97,NO_FACE
S01322,99.47,1,4.3,0.0,8,37.1,57.35,5.55,LOOKING_LEFT
S01323,99.99,1,0.12,0.0,1,92.27,7.0,0.73,NORMAL
S01324,99.7,1,1.27,0.0,3,45.27,47.4,7.33,LOOKING_LEFT
S01325,99.97,1,0.05,0.0,7,53.29,18.28,28.43,NORMAL
S01326,99.8,1,2.31,0.0,3,75.13,6.46,18.41,NORMAL
S01327,100.0,1,0.0,0.0,6,32.9,53.2,13.9,LOOKING_AWAY
S01328,95.37,1,4.15,0.0,6,4.92,89.54,5.54,LOOKING_LEFT
S01329,99.92,1,0.69,0.0,4,77.3,3.5,19.2,NORMAL
S01330,99.5,1,4.23,0.0,2,32.16,39.71,28.13,LOOKING_AWAY
S01331,99.7,1,2.57,0.0,4,63.39,22.0,14.61,LOOKING_LEFT
S01332,0.0,0,1258.56,0.0,0,100.0,0.0,0.0,NO_FACE
S01333,99.65,2,1.41,24.96,5,39.08,55.35,5.57,MULTIPLE_FACES
S01334,98.3,1,4.24,0.0,3,75.79,0.67,23.54,NORMAL
S01335,100.0,1,0.0,0.0,6,82.58,5.67,11.75,NORMAL
S01336,0.0,0,1386.22,0.0,0,100.0,0.0,0.0,NO_FACE
S01337,99.95,1,0.33,0.0,4,15.31,22.94,61.75,LOOKING_RIGHT
S01338,100.0,1,0.0,0.0,1,21.27,65.28,13.45,LOOKING_LEFT
S01339,99.75,1,0.84,0.0,12,2.0,11.61,86.39,LOOKING_AWAY
S01340,99.64,2,2.78,1.84,4,17.3,15.21,67.49,LOOKING_RIGHT
S01341,100.0,1,0.0,0.0,4,26.09,7.86,66.05,LOOKING_RIGHT
S01342,100.0,1,0.0,0.0,4,43.48,6.59,49.93,LOOKING_RIGHT
S01343,100.0,1,0.0,0.0,5,55.38,38.1,6.52,LOOKING_LEFT
S01344,88.54,1,85.46,0.0,2,27.98,35.63,36.39,NO_FACE
S01345,96.32,2,10.43,78.87,3,62.29,10.84,26.87,MULTIPLE_FACES
S01346,100.0,1,0.0,0.0,6,15.68,71.86,12.46,LOOKING_LEFT
S01347,99.87,2,1.3,76.79,2,88.99,4.82,6.19,MULTIPLE_FACES
S01348,100.0,1,0.0,0.0,4,87.8,5.14,7.06,NORMAL
S01349,100.0,1,0.0,0.0,3,54.69,37.76,7.55,LOOKING_LEFT
S01350,100.0,1,0.0,0.0,8,55.7,9.66,34.64,LOOKING_AWAY
S01351,99.93,1,0.12,0.0,3,47.0,10.11,42.89,LOOKING_RIGHT
S01352,100.0,1,0.0,0.0,11,32.73,46.6,20.67,LOOKING_AWAY
S01353,100.0,1,0.0,0.0,4,78.6,9.0,12.4,NORMAL
S01354,100.0,1,0.0,0.0,7,62.0,7.91,30.09,LOOKING_AWAY
S01355,99.03,1,8.93,0.0,4,70.34,27.21,2.45,NORMAL
S01356,98.36,1,9.1,0.0,11,4.18,50.84,44.98,LOOKING_AWAY
S01357,100.0,1,0.0,0.0,3,29.69,62.77,7.54,LOOKING_LEFT
S01358,66.87,3,198.46,79.29,7,62.52,30.91,6.57,MULTIPLE_FACES
S01359,97.89,1,13.14,0.0,5,62.32,23.63,14.05,NORMAL
S01360,75.47,1,20.86,0.0,8,9.28,56.56,34.16,NO_FACE
S01361,100.0,2,0.0,49.08,3,91.09,4.61,4.3,MULTIPLE_FACES
S01362,69.21,2,56.44,125.06,1,90.51,8.74,0.75,MULTIPLE_FACES
S01363,98.83,1,1.04,0.0,10,29.93,9.69,60.38,LOOKING_AWAY
S01364,100.0,1,0.0,0.0,2,55.34,12.68,31.98,LOOKING_RIGHT
S01365,99.89,1,0.15,0.0,1,24.09,7.33,68.58,LOOKING_RIGHT
S01366,100.0,1,0.0,0.0,2,67.3,28.89,3.81,NORMAL
S01367,99.82,1,2.39,0.0,9,33.46,37.86,28.68,LOOKING_AWAY
S01368,100.0,1,0.0,0.0,6,42.02,54.9,3.08,LOOKING_LEFT
S01369,96.3,1,4.76,0.0,1,81.09,7.17,11.74,NORMAL
S01370,100.0,1,0.0,0.0,6,76.45,4.83,18.72,NORMAL
S01371,99.12,2,0.97,41.07,4,77.3,8.94,13.76,MULTIPLE_FACES
S01372,100.0,1,0.0,0.0,5,23.33,66.67,10.0,LOOKING_LEFT
S01373,82.0,1,23.75,0.0,1,74.27,16.63,9.1,NO_FACE
S01374,99.64,1,1.24,0.0,7,45.0,12.35,42.65,NORMAL
S01375,100.0,1,0.0,0.0,2,59.76,15.15,25.09,LOOKING_RIGHT
S01376,100.0,1,0.0,0.0,3,67.25,6.77,25.98,NORMAL
S01377,100.0,2,0.0,305.66,1,86.1,5.16,8.74,MULTIPLE_FACES
S01378,100.0,1,0.0,0.0,9,14.65,71.47,13.88,LOOKING_LEFT
S01379,98.57,1,4.33,0.0,3,90.17,7.49,2.34,NORMAL
S01380,99.03,1,2.0,0.0,1,46.04,42.28,11.68,LOOKING_LEFT
S01381,100.0,1,0.0,0.0,2,39.04,36.17,24.79,LOOKING_LEFT
S01382,100.0,1,0.0,0.0,3,48.43,10.94,40.63,LOOKING_RIGHT
S01383,99.11,1,4.16,0.0,1,69.9,12.08,18.02,NORMAL
S01384,100.0,1,0.0,0.0,3,69.34,11.23,19.43,NORMAL
S01385,97.01,1,6.34,0.0,3,50.91,3.53,45.56,LOOKING_RIGHT
S01386,98.36,1,13.54,0.0,3,14.46,56.36,29.18,LOOKING_LEFT
S01387,100.0,3,0.0,373.79,5,34.13,39.12,26.75,MULTIPLE_FACES
S01388,95.48,1,5.12,0.0,5,37.95,4.01,58.04,LOOKING_RIGHT
S01389,97.9,1,3.86,0.0,2,86.27,10.82,2.91,NORMAL
S01390,12.04,1,649.03,0.0,3,73.46,9.56,16.98,NO_FACE
S01391,0.0,0,1176.89,0.0,0,100.0,0.0,0.0,NO_FACE
S01392,100.0,1,0.0,0.0,5,37.5,14.24,48.26,LOOKING_AWAY
S01393,96.1,1,13.04,0.0,1,81.95,7.59,10.46,NORMAL
S01394,99.99,1,0.03,0.0,5,42.1,34.8,23.1,LOOKING_LEFT
S01395,99.88,1,0.61,0.0,1,92.12,6.02,1.86,NORMAL
S01396,99.87,1,0.72,0.0,9,19.05,66.27,14.68,LOOKING_AWAY
S01397,98.8,1,12.02,0.0,2,77.84,10.1,12.06,NORMAL
S01398,99.3,2,1.91,0.75,2,70.2,15.49,14.31,MULTIPLE_FACES
S01399,32.72,1,105.5,0.0,3,75.63,5.55,18.82,NO_FACE
S01400,99.92,1,0.26,0.0,5,64.7,33.02,2.28,LOOKING_LEFT
S01401,99.88,1,0.67,0.0,10,27.72,31.13,41.15,LOOKING_AWAY
S01402,100.0,1,0.0,0.0,3,25.8,29.76,44.44,LOOKING_RIGHT
S01403,100.0,1,0.0,0.0,5,80.87,8.18,10.95,NORMAL
S01404,97.01,1,18.08,0.0,2,64.22,18.33,17.45,NORMAL
S01405,69.53,1,48.36,0.0,2,78.91,7.58,13.51,NO_FACE
S01406,100.0,1,0.0,0.0,4,58.23,19.97,21.8,NORMAL
S01407,99.85,3,0.62,32.16,5,96.44,2.15,1.41,MULTIPLE_FACES
S01408,0.0,0,375.44,0.0,0,100.0,0.0,0.0,NO_FACE
S01409,99.56,1,2.96,0.0,6,77.97,3.75,18.28,NORMAL
S01410,100.0,1,0.0,0.0,4,66.18,30.57,3.25,LOOKING_LEFT
S01411,100.0,2,0.0,0.44,2,22.95,21.96,55.09,LOOKING_RIGHT
S01412,100.0,1,0.0,0.0,3,14.46,53.23,32.31,LOOKING_LEFT
S01413,100.0,1,0.0,0.0,7,33.45,64.44,2.11,LOOKING_LEFT
S01414,100.0,1,0.0,0.0,3,75.38,20.93,3.69,NORMAL
S01415,99.63,3,5.86,338.99,3,91.16,2.74,6.1,MULTIPLE_FACES
S01416,100.0,1,0.0,0.0,11,35.86,24.5,39.64,LOOKING_AWAY
S01417,99.29,1,3.4,0.0,5,61.35,2.67,35.98,LOOKING_RIGHT
S01418,99.75,2,1.51,188.67,3,75.54,15.38,9.08,MULTIPLE_FACES
S01419,100.0,1,0.0,0.0,4,78.19,5.94,15.87,NORMAL
S01420,100.0,1,0.0,0.0,2,70.23,28.95,0.82,LOOKING_LEFT
S01421,100.0,1,0.0,0.0,1,69.89,27.37,2.74,NORMAL
S01422,100.0,1,0.0,0.0,4,56.67,2.4,40.93,LOOKING_RIGHT
S01423,99.86,2,0.41,19.55,5,83.87,13.66,2.47,MULTIPLE_FACES
S01424,74.94,1,36.43,0.0,1,69.42,17.07,13.51,NO_FACE
S01425,99.93,1,0.78,0.0,2,26.59,34.14,39.27,LOOKING_RIGHT
S01426,97.76,1,4.7,0.0,2,74.05,24.39,1.56,NORMAL
S01427,100.0,1,0.0,0.0,6,63.66,21.23,15.11,NORMAL
S01428,100.0,3,0.0,262.82,2,63.67,31.67,4.66,MULTIPLE_FACES
S01429,100.0,1,0.0,0.0,6,38.26,26.19,35.55,LOOKING_RIGHT
S01430,100.0,1,0.0,0.0,5,38.23,27.25,34.52,LOOKING_RIGHT
S01431,99.85,1,0.84,0.0,6,51.77,34.84,13.39,LOOKING_LEFT
S01432,99.87,1,1.79,0.0,10,26.58,30.89,42.53,LOOKING_AWAY
S01433,100.0,1,0.0,0.0,5,8.76,26.44,64.8,LOOKING_RIGHT
S01434,99.92,1,0.33,0.0,4,56.57,42.4,1.03,LOOKING_LEFT
S01435,100.0,1,0.0,0.0,8,40.5,3.85,55.65,LOOKING_RIGHT
S01436,100.0,1,0.0,0.0,4,41.97,38.68,19.35,LOOKING_AWAY
S01437,0.0,0,1128.93,0.0,0,100.0,0.0,0.0,NO_FACE
S01438,100.0,1,0.0,0.0,3,57.22,36.57,6.21,LOOKING_LEFT
S01439,36.78,1,52.49,0.0,1,43.84,35.68,20.48,NO_FACE
S01440,99.99,2,0.04,270.85,3,76.41,13.54,10.05,MULTIPLE_FACES
S01441,99.39,1,4.06,0.0,5,57.13,13.03,29.84,LOOKING_RIGHT
S01442,99.85,1,1.32,0.0,4,63.72,34.26,2.02,LOOKING_LEFT
S01443,100.0,1,0.0,0.0,3,65.76,26.51,7.73,NORMAL
S01444,100.0,1,0.0,0.0,3,85.11,6.47,8.42,NORMAL
S01445,99.97,1,0.26,0.0,1,96.85,1.34,1.81,NORMAL
S01446,99.99,1,0.06,0.0,10,8.3,34.57,57.13,LOOKING_AWAY
S01447,24.74,1,792.66,0.0,6,64.17,23.12,12.71,NO_FACE
S01448,100.0,1,0.0,0.0,8,18.98,36.82,44.2,LOOKING_AWAY
S01449,99.86,1,1.41,0.0,5,7.68,7.14,85.18,LOOKING_RIGHT
S01450,100.0,1,0.0,0.0,8,33.46,27.07,39.47,LOOKING_AWAY
S01451,67.27,1,41.11,0.0,3,81.53,13.5,4.97,NO_FACE
S01452,8.42,1,97.74,0.0,0,84.84,4.93,10.23,NO_FACE
S01453,99.31,2,1.07,45.93,4,67.5,19.81,12.69,MULTIPLE_FACES
S01454,97.93,2,12.07,180.97,5,85.22,8.99,5.79,MULTIPLE_FACES
S01455,62.23,1,124.4,0.0,0,81.39,10.88,7.73,NO_FACE
S01456,98.81,1,1.41,0.0,3,52.65,40.55,6.8,LOOKING_LEFT
S01457,100.0,1,0.0,0.0,8,33.53,59.19,7.28,LOOKING_LEFT
S01458,65.12,1,52.29,0.0,2,19.22,66.98,13.8,NO_FACE
S01459,100.0,1,0.0,0.0,1,83.62,10.39,5.99,NORMAL
S01460,99.76,1,1.07,0.0,13,24.11,42.75,33.14,LOOKING_AWAY
S01461,99.96,1,0.57,0.0,4,76.31,12.88,10.81,NORMAL
S01462,25.73,1,209.27,0.0,2,74.1,21.97,3.93,NO_FACE
S01463,99.82,1,0.76,0.0,6,30.83,50.89,18.28,LOOKING_LEFT
S01464,100.0,1,0.0,0.0,7,40.66,30.93,28.41,LOOKING_AWAY
S01465,99.79,1,2.58,0.0,1,86.2,2.31,11.49,NORMAL
S01466,100.0,1,0.0,0.0,10,27.05,58.23,14.72,LOOKING_AWAY
S01467,99.91,1,0.8,0.0,3,40.85,14.78,44.37,LOOKING_RIGHT
S01468,99.55,1,1.74,0.0,4,65.47,18.28,16.25,NORMAL
S01469,18.95,1,1206.41,0.0,0,89.47,4.15,6.38,NO_FACE
S01470,99.32,1,4.35,0.0,7,2.0,73.58,24.42,LOOKING_AWAY
S01471,5.63,1,915.09,0.0,3,18.36,22.06,59.58,NO_FACE
S01472,99.99,1,0.15,0.0,2,89.38,1.47,9.15,NORMAL
S01473,99.13,1,3.96,0.0,2,82.24,10.24,7.52,NORMAL
S01474,99.59,1,2.69,0.0,5,57.85,20.31,21.84,NORMAL
S01475,98.27,1,10.58,0.0,7,36.4,54.89,8.71,LOOKING_AWAY
S01476,73.54,1,105.84,0.0,3,1.48,64.37,34.15,NO_FACE
S01477,100.0,1,0.0,0.0,7,33.48,29.49,37.03,LOOKING_RIGHT
S01478,85.23,1,89.59,0.0,1,79.66,8.0,12.34,NO_FACE
S01479,66.78,3,48.2,164.2,2,83.4,6.54,10.06,MULTIPLE_FACES
S01480,100.0,1,0.0,0.0,9,28.52,47.35,24.13,LOOKING_AWAY
S01481,100.0,2,0.0,270.78,3,67.81,24.37,7.82,MULTIPLE_FACES
S01482,99.06,2,2.23,111.24,6,69.64,23.03,7.33,MULTIPLE_FACES
S01483,99.5,1,5.31,0.0,7,14.0,70.14,15.86,LOOKING_LEFT
S01484,99.98,1,0.1,0.0,2,90.97,6.17,2.86,NORMAL
S01485,99.93,2,0.36,9.06,3,72.05,8.92,19.03,MULTIPLE_FACES
S01486,99.94,1,0.19,0.0,2,34.54,31.82,33.64,LOOKING_AWAY
S01487,100.0,1,0.0,0.0,7,33.06,47.32,19.62,LOOKING_AWAY
S01488,86.52,1,14.17,0.0,4,86.97,5.92,7.11,NORMAL
S01489,100.0,1,0.0,0.0,7,25.53,45.32,29.15,LOOKING_AWAY
S01490,55.28,1,192.87,0.0,2,56.38,36.23,7.39,NO_FACE
S01491,100.0,1,0.0,0.0,8,45.0,10.39,44.61,NORMAL
S01492,99.81,1,2.22,0.0,2,49.21,38.11,12.68,LOOKING_LEFT
S01493,100.0,1,0.0,0.0,2,86.53,4.57,8.9,NORMAL
S01494,23.52,1,176.25,0.0,2,95.3,3.26,1.44,NO_FACE
S01495,100.0,1,0.0,0.0,4,64.03,9.16,26.81,LOOKING_RIGHT
S01496,99.99,1,0.17,0.0,1,69.35,21.37,9.28,NORMAL
S01497,99.58,1,2.94,0.0,5,39.91,57.22,2.87,LOOKING_LEFT
S01498,100.0,1,0.0,0.0,1,52.98,34.9,12.12,LOOKING_LEFT
S01499,100.0,1,0.0,0.0,4,22.91,68.28,8.81,LOOKING_LEFT
S01500,16.3,1,44.18,0.0,3,89.64,4.64,5.72,NO_FACE
S01501,99.93,1,0.36,0.0,12,29.8,55.07,15.13,LOOKING_AWAY
S01502,52.58,1,259.52,0.0,3,63.83,15.03,21.14,NO_FACE
S01503,100.0,2,0.0,1.47,13,35.02,41.22,23.76,LOOKING_AWAY
S01504,100.0,1,0.0,0.0,8,25.64,65.47,8.89,LOOKING_LEFT
S01505,100.0,2,0.0,1.47,1,68.71,13.96,17.33,NORMAL
S01506,99.99,1,0.09,0.0,4,23.5,17.77,58.73,LOOKING_RIGHT
S01507,100.0,1,0.0,0.0,5,61.47,36.83,1.7,LOOKING_LEFT
S01508,63.8,1,128.36,0.0,0,81.7,9.74,8.56,NO_FACE
S01509,99.47,1,4.14,0.0,10,36.42,46.16,17.42,LOOKING_AWAY
S01510,99.96,1,0.31,0.0,6,12.9,56.32,30.78,LOOKING_LEFT
S01511,100.0,1,0.0,0.0,6,45.0,24.8,30.2,NORMAL
S01512,100.0,1,0.0,0.0,3,21.08,62.6,16.32,LOOKING_LEFT
S01513,96.92,1,6.5,0.0,4,56.44,12.09,31.47,LOOKING_RIGHT
S01514,100.0,1,0.0,0.0,4,58.79,3.34,37.87,NORMAL
S01515,97.83,1,9.7,0.0,5,64.23,17.97,17.8,NORMAL
S01516,73.5,2,156.77,65.88,3,78.56,14.05,7.39,MULTIPLE_FACES
S01517,100.0,1,0.0,0.0,10,62.0,3.69,34.31,LOOKING_AWAY
S01518,100.0,1,0.0,0.0,5,70.36,16.08,13.56,NORMAL
S01519,100.0,2,0.0,28.47,1,88.92,8.15,2.93,MULTIPLE_FACES
S01520,99.54,1,3.08,0.0,15,2.87,10.88,86.25,LOOKING_AWAY
S01521,96.66,1,9.13,0.0,7,36.67,58.75,4.58,LOOKING_LEFT
S01522,100.0,1,0.0,0.0,3,73.57,13.22,13.21,NORMAL
S01523,99.87,1,0.34,0.0,2,39.54,48.36,12.1,LOOKING_LEFT
S01524,99.99,4,0.05,125.21,3,79.02,19.05,1.93,MULTIPLE_FACES
S01525,99.82,1,0.89,0.0,2,78.42,5.59,15.99,NORMAL
S01526,100.0,3,0.0,117.08,6,41.71,28.71,29.58,MULTIPLE_FACES
S01527,99.78,1,1.28,0.0,8,39.71,30.08,30.21,LOOKING_AWAY
S01528,99.84,1,1.14,0.0,4,3.09,48.75,48.16,LOOKING_AWAY
S01529,100.0,1,0.0,0.0,3,60.52,22.5,16.98,LOOKING_LEFT
S01530,99.6,1,0.44,0.0,8,18.48,44.23,37.29,LOOKING_AWAY
S01531,99.79,1,2.19,0.0,3,82.98,5.57,11.45,NORMAL
S01532,98.97,1,14.6,0.0,2,66.84,5.33,27.83,NORMAL
S01533,99.76,2,2.04,148.87,2,82.74,6.69,10.57,MULTIPLE_FACES
S01534,100.0,1,0.0,0.0,5,74.94,2.45,22.61,NORMAL
S01535,99.55,2,5.56,356.6,5,88.85,2.14,9.01,MULTIPLE_FACES
S01536,99.85,1,1.14,0.0,10,12.91,72.49,14.6,LOOKING_LEFT
S01537,100.0,1,0.0,0.0,3,76.1,17.91,5.99,NORMAL
S01538,99.77,2,1.29,132.11,3,87.39,4.47,8.14,MULTIPLE_FACES
S01539,99.16,1,10.82,0.0,7,54.01,11.28,34.71,NORMAL
S01540,54.27,1,36.79,0.0,2,85.41,4.97,9.62,NO_FACE
S01541,99.91,1,0.76,0.0,4,75.99,3.95,20.06,NORMAL
S01542,99.75,1,1.39,0.0,4,79.7,16.73,3.57,NORMAL
S01543,100.0,2,0.0,61.96,4,85.16,4.85,9.99,MULTIPLE_FACES
S01544,100.0,1,0.0,0.0,3,27.51,67.04,5.45,LOOKING_LEFT
S01545,100.0,1,0.0,0.0,2,47.58,24.71,27.71,LOOKING_RIGHT
S01546,65.65,2,75.22,50.79,3,55.61,4.4,39.99,MULTIPLE_FACES
S01547,100.0,3,0.0,591.03,4,70.36,18.53,11.11,MULTIPLE_FACES
S01548,99.72,1,1.32,0.0,4,41.3,48.42,10.28,LOOKING_LEFT
S01549,99.47,1,3.65,0.0,4,68.33,2.1,29.57,NORMAL
S01550,99.89,3,0.52,95.73,1,77.45,10.04,12.51,MULTIPLE_FACES
S01551,100.0,2,0.0,129.06,1,70.79,12.81,16.4,MULTIPLE_FACES
S01552,99.95,1,0.66,0.0,2,46.37,41.35,12.28,LOOKING_LEFT
S01553,100.0,1,0.0,0.0,3,88.66,9.2,2.14,NORMAL
S01554,59.43,1,52.94,0.0,4,62.47,12.46,25.07,NO_FACE
S01555,0.0,0,1035.0,0.0,0,100.0,0.0,0.0,NO_FACE
S01556,99.57,1,1.23,0.0,8,18.2,5.52,76.28,LOOKING_RIGHT
S01557,100.0,1,0.0,0.0,10,27.41,45.62,26.97,LOOKING_AWAY
S01558,0.0,0,1283.74,0.0,0,100.0,0.0,0.0,NO_FACE
S01559,99.88,2,0.88,96.93,4,52.82,29.01,18.17,MULTIPLE_FACES
S01560,80.92,1,189.34,0.0,3,89.37,8.85,1.78,NO_FACE
S01561,100.0,1,0.0,0.0,4,85.58,2.05,12.37,NORMAL
S01562,73.14,1,95.53,0.0,2,15.98,63.22,20.8,NO_FACE
S01563,99.92,1,0.49,0.0,11,15.87,12.12,72.01,LOOKING_RIGHT
S01564,99.42,1,4.88,0.0,0,51.23,45.31,3.46,LOOKING_LEFT
S01565,100.0,3,0.0,104.36,4,71.97,12.47,15.56,MULTIPLE_FACES
S01566,99.84,1,1.31,0.0,1,90.28,6.71,3.01,NORMAL
S01567,100.0,2,0.0,364.02,2,66.78,15.13,18.09,MULTIPLE_FACES
S01568,98.22,2,5.43,115.37,2,84.85,5.25,9.9,MULTIPLE_FACES
S01569,100.0,2,0.0,2.54,2,69.08,18.74,12.18,MULTIPLE_FACES
S01570,99.98,1,0.13,0.0,4,42.12,17.72,40.16,LOOKING_AWAY
S01571,25.08,1,533.98,0.0,9,45.0,32.73,22.27,NO_FACE
S01572,98.61,1,1.73,0.0,6,74.88,10.51,14.61,NORMAL
S01573,93.34,1,9.34,0.0,6,27.98,62.58,9.44,LOOKING_AWAY
S01574,100.0,2,0.0,0.76,0,79.35,5.7,14.95,MULTIPLE_FACES
S01575,99.93,1,0.66,0.0,4,31.76,14.34,53.9,LOOKING_RIGHT
S01576,99.97,1,0.36,0.0,17,25.22,44.69,30.09,LOOKING_AWAY
S01577,99.93,1,0.84,0.0,2,66.37,28.74,4.89,LOOKING_LEFT
S01578,98.9,1,3.43,0.0,9,29.38,49.31,21.31,LOOKING_AWAY
S01579,99.98,1,0.15,0.0,6,1.03,17.01,81.96,LOOKING_RIGHT
S01580,100.0,1,0.0,0.0,2,52.03,30.34,17.63,LOOKING_LEFT
S01581,100.0,1,0.0,0.0,5,78.32,0.89,20.79,NORMAL
S01582,100.0,1,0.0,0.0,13,31.0,15.89,53.11,LOOKING_AWAY
S01583,99.12,1,10.98,0.0,1,86.24,3.57,10.19,NORMAL
S01584,99.89,1,0.14,0.0,2,91.81,6.41,1.78,NORMAL
S01585,20.74,1,803.89,0.0,3,43.36,8.75,47.89,NO_FACE
S01586,99.61,1,1.22,0.0,3,49.78,33.58,16.64,LOOKING_LEFT
S01587,100.0,1,0.0,0.0,1,90.3,3.4,6.3,NORMAL
S01588,99.38,1,4.11,0.0,11,43.31,16.66,40.03,LOOKING_RIGHT
S01589,100.0,1,0.0,0.0,3,29.97,53.9,16.13,LOOKING_LEFT
S01590,100.0,2,0.0,150.67,2,95.67,0.86,3.47,MULTIPLE_FACES
S01591,100.0,1,0.0,0.0,8,62.0,23.15,14.85,LOOKING_AWAY
S01592,100.0,1,0.0,0.0,4,82.79,7.92,9.29,NORMAL
S01593,88.69,1,147.87,0.0,2,77.09,17.02,5.89,NO_FACE
S01594,100.0,2,0.0,20.83,3,72.58,9.18,18.24,MULTIPLE_FACES
S01595,55.96,1,206.05,0.0,2,38.05,33.87,28.08,NO_FACE
S01596,59.33,1,199.24,0.0,0,87.82,8.15,4.03,NO_FACE
S01597,100.0,1,0.0,0.0,2,80.3,8.04,11.66,NORMAL
S01598,99.87,1,0.87,0.0,5,15.67,29.84,54.49,LOOKING_RIGHT
S01599,100.0,2,0.0,118.33,1,37.4,29.23,33.37,MULTIPLE_FACES
S01600,96.57,4,7.29,35.66,0,53.15,29.57,17.28,MULTIPLE_FACES
S01601,100.0,1,0.0,0.0,4,63.1,19.67,17.23,NORMAL
S01602,100.0,3,0.0,389.06,2,78.15,16.03,5.82,MULTIPLE_FACES
S01603,99.81,2,1.02,187.96,3,75.95,19.1,4.95,MULTIPLE_FACES
S01604,100.0,1,0.0,0.0,6,86.05,11.79,2.16,NORMAL
S01605,24.62,1,234.7,0.0,1,76.02,2.93,21.05,NO_FACE
S01606,99.47,4,1.43,35.91,2,58.24,39.26,2.5,MULTIPLE_FACES
S01607,71.32,1,25.81,0.0,4,87.34,11.0,1.66,NO_FACE
S01608,100.0,1,0.0,0.0,7,42.72,52.42,4.86,LOOKING_LEFT
S01609,99.2,2,1.01,44.9,4,71.79,16.98,11.23,MULTIPLE_FACES
S01610,99.33,3,4.92,358.63,9,71.05,10.85,18.1,MULTIPLE_FACES
S01611,100.0,1,0.0,0.0,6,52.53,32.45,15.02,LOOKING_LEFT
S01612,46.0,1,487.96,0.0,1,82.73,11.1,6.17,NO_FACE
S01613,16.78,1,380.96,0.0,3,68.82,8.76,22.42,NO_FACE
S01614,100.0,1,0.0,0.0,5,52.67,10.82,36.51,LOOKING_RIGHT
S01615,99.88,1,0.62,0.0,3,64.78,2.17,33.05,LOOKING_RIGHT
S01616,100.0,1,0.0,0.0,4,67.27,18.84,13.89,NORMAL
S01617,100.0,1,0.0,0.0,6,45.35,48.29,6.36,LOOKING_LEFT
S01618,100.0,1,0.0,0.0,3,68.64,0.71,30.65,LOOKING_RIGHT
S01619,48.26,1,624.23,0.0,9,10.72,3.53,85.75,NO_FACE
S01620,100.0,1,0.0,0.0,1,31.99,61.34,6.67,LOOKING_LEFT
S01621,99.08,1,7.62,0.0,10,32.7,33.6,33.7,LOOKING_AWAY
S01622,100.0,1,0.0,0.0,5,37.53,30.49,31.98,LOOKING_AWAY
S01623,17.74,1,185.79,0.0,3,56.71,11.44,31.85,NO_FACE
S01624,100.0,1,0.0,0.0,4,24.28,30.2,45.52,LOOKING_RIGHT
S01625,38.15,1,29.04,0.0,5,26.55,54.02,19.43,NO_FACE
S01626,100.0,1,0.0,0.0,0,90.76,4.71,4.53,NORMAL
S01627,99.03,1,3.74,0.0,1,72.32,15.13,12.55,NORMAL
S01628,99.98,1,0.17,0.0,5,16.33,77.4,6.27,LOOKING_LEFT
S01629,99.92,1,1.05,0.0,6,55.07,31.35,13.58,LOOKING_AWAY
S01630,100.0,1,0.0,0.0,0,89.71,4.59,5.7,NORMAL
S01631,99.79,2,1.0,35.38,4,48.62,41.41,9.97,MULTIPLE_FACES
S01632,100.0,1,0.0,0.0,3,68.67,10.27,21.06,NORMAL
S01633,31.77,1,34.65,0.0,2,75.32,17.85,6.83,NO_FACE
S01634,100.0,1,0.0,0.0,2,74.24,20.23,5.53,NORMAL
S01635,100.0,1,0.0,0.0,3,45.0,47.95,7.05,NORMAL
S01636,100.0,1,0.0,0.0,3,75.16,13.84,11.0,NORMAL
S01637,99.96,1,0.23,0.0,3,64.44,34.92,0.64,LOOKING_LEFT
S01638,100.0,1,0.0,0.0,4,33.02,34.99,31.99,LOOKING_LEFT
S01639,98.64,2,7.3,59.71,5,79.57,7.96,12.47,MULTIPLE_FACES
S01640,99.88,1,1.85,0.0,2,92.98,4.41,2.61,NORMAL
S01641,99.54,1,1.65,0.0,1,78.65,7.67,13.68,NORMAL
S01642,96.23,1,8.41,0.0,4,48.44,24.28,27.28,LOOKING_RIGHT
S01643,99.88,1,1.05,0.0,3,9.94,58.49,31.57,LOOKING_LEFT
S01644,100.0,1,0.0,0.0,2,70.73,26.87,2.4,NORMAL
S01645,99.96,2,0.16,0.24,4,68.56,26.55,4.89,NORMAL
S01646,73.5,1,119.67,0.0,3,69.77,21.48,8.75,NO_FACE
S01647,100.0,1,0.0,0.0,4,69.02,2.52,28.46,LOOKING_RIGHT
S01648,100.0,1,0.0,0.0,11,17.74,37.72,44.54,LOOKING_AWAY
S01649,100.0,2,0.0,1.12,6,58.57,14.85,26.58,NORMAL
S01650,100.0,1,0.0,0.0,14,0.0,77.43,22.57,LOOKING_LEFT
S01651,100.0,1,0.0,0.0,0,90.8,4.69,4.51,NORMAL
S01652,100.0,1,0.0,0.0,4,17.21,60.05,22.74,LOOKING_LEFT
S01653,99.98,1,0.07,0.0,2,38.14,56.28,5.58,LOOKING_LEFT
S01654,99.87,1,0.86,0.0,1,62.88,29.45,7.67,LOOKING_LEFT
S01655,5.67,1,44.29,0.0,7,16.79,15.06,68.15,NO_FACE
S01656,81.96,1,28.12,0.0,5,45.13,25.86,29.01,NO_FACE
S01657,27.68,1,129.44,0.0,2,73.49,7.5,19.01,NO_FACE
S01658,100.0,2,0.0,152.16,7,52.29,29.48,18.23,MULTIPLE_FACES
S01659,54.89,1,330.73,0.0,4,89.92,6.35,3.73,NO_FACE
S01660,98.62,1,18.33,0.0,0,89.25,4.48,6.27,NORMAL
S01661,100.0,1,0.0,0.0,4,17.6,45.45,36.95,LOOKING_LEFT
S01662,100.0,1,0.0,0.0,4,6.46,54.35,39.19,LOOKING_LEFT
S01663,100.0,1,0.0,0.0,2,24.88,23.63,51.49,LOOKING_RIGHT
S01664,99.96,1,0.32,0.0,1,86.21,7.47,6.32,NORMAL
S01665,69.26,1,91.9,0.0,5,95.72,2.63,1.65,NO_FACE
S01666,100.0,1,0.0,0.0,12,41.32,41.26,17.42,LOOKING_AWAY
S01667,100.0,2,0.0,89.59,1,76.61,4.17,19.22,MULTIPLE_FACES
S01668,94.67,1,19.29,0.0,2,78.57,14.48,6.95,NORMAL
S01669,100.0,1,0.0,0.0,2,88.86,3.51,7.63,NORMAL
S01670,99.4,1,1.91,0.0,9,28.19,17.69,54.12,LOOKING_AWAY
S01671,99.76,1,1.58,0.0,4,66.98,27.19,5.83,LOOKING_LEFT
S01672,99.95,1,0.54,0.0,3,76.85,16.3,6.85,NORMAL
S01673,99.95,1,0.27,0.0,3,23.01,46.37,30.62,LOOKING_LEFT
S01674,98.02,1,1.0,0.0,12,44.93,21.62,33.45,LOOKING_AWAY
S01675,99.76,1,1.08,0.0,9,9.78,41.35,48.87,LOOKING_AWAY
S01676,100.0,1,0.0,0.0,4,61.25,3.33,35.42,LOOKING_RIGHT
S01677,99.98,1,0.13,0.0,6,51.31,33.65,15.04,LOOKING_AWAY
S01678,99.76,1,1.28,0.0,7,33.15,23.75,43.1,LOOKING_RIGHT
S01679,98.81,1,9.2,0.0,11,30.85,46.75,22.4,LOOKING_AWAY
S01680,99.78,1,1.31,0.0,5,68.65,1.77,29.58,LOOKING_RIGHT
S01681,100.0,1,0.0,0.0,10,63.73,32.41,3.86,NORMAL
S01682,35.34,1,292.65,0.0,2,55.23,31.45,13.32,NO_FACE
S01683,100.0,1,0.0,0.0,6,2.55,31.29,66.16,LOOKING_RIGHT
S01684,100.0,1,0.0,0.0,1,84.89,12.43,2.68,NORMAL
S01685,99.98,1,0.12,0.0,0,72.7,5.3,22.0,LOOKING_RIGHT
S01686,99.97,1,0.39,0.0,0,78.1,6.93,14.97,NORMAL
S01687,28.8,1,83.6,0.0,5,16.27,57.69,26.04,NO_FACE
S01688,99.92,1,0.94,0.0,6,27.85,10.39,61.76,LOOKING_AWAY
S01689,98.89,1,10.08,0.0,3,83.24,13.35,3.41,NORMAL
S01690,100.0,2,0.0,55.66,3,70.7,20.94,8.36,MULTIPLE_FACES
S01691,100.0,1,0.0,0.0,6,26.66,52.17,21.17,LOOKING_LEFT
S01692,100.0,1,0.0,0.0,2,83.47,9.55,6.98,NORMAL
S01693,99.85,3,0.95,215.01,5,34.99,22.61,42.4,MULTIPLE_FACES
S01694,99.98,1,0.33,0.0,2,30.32,48.15,21.53,LOOKING_LEFT
S01695,99.91,1,0.2,0.0,13,2.35,79.74,17.91,LOOKING_AWAY
S01696,100.0,1,0.0,0.0,3,8.84,23.46,67.7,LOOKING_RIGHT
S01697,99.95,1,0.41,0.0,4,49.89,6.55,43.56,LOOKING_RIGHT
S01698,100.0,1,0.0,0.0,4,27.07,65.9,7.03,LOOKING_LEFT
S01699,100.0,1,0.0,0.0,0,96.3,2.1,1.6,NORMAL
S01700,99.3,1,4.47,0.0,1,90.07,1.16,8.77,NORMAL
S01701,11.47,1,564.17,0.0,0,73.17,8.61,18.22,NO_FACE
S01702,99.88,1,1.3,0.0,14,27.51,28.12,44.37,LOOKING_AWAY
S01703,100.0,2,0.0,0.36,7,13.01,49.97,37.02,LOOKING_AWAY
S01704,99.99,1,0.04,0.0,4,51.24,1.73,47.03,LOOKING_RIGHT
S01705,9.03,1,87.65,0.0,2,81.41,8.93,9.66,NO_FACE
S01706,83.24,1,83.91,0.0,6,14.28,45.08,40.64,NO_FACE
S01707,13.68,1,476.98,0.0,2,55.42,7.34,37.24,NO_FACE
S01708,0.0,0,558.08,0.0,0,100.0,0.0,0.0,NO_FACE
S01709,99.3,1,5.84,0.0,12,37.94,10.82,51.24,LOOKING_AWAY
S01710,99.52,2,4.35,277.89,5,85.68,6.39,7.93,MULTIPLE_FACES
S01711,99.46,1,4.92,0.0,4,73.3,2.74,23.96,NORMAL
S01712,99.74,1,4.2,0.0,12,21.56,35.56,42.88,LOOKING_AWAY
S01713,99.93,1,0.93,0.0,5,58.72,33.49,7.79,NORMAL
S01714,100.0,1,0.03,0.0,3,40.34,37.07,22.59,LOOKING_LEFT
S01715,100.0,1,0.0,0.0,4,68.99,29.72,1.29,NORMAL
S01716,36.77,1,18.25,0.0,3,72.27,17.15,10.58,NO_FACE
S01717,100.0,2,0.0,68.41,5,60.96,24.95,14.09,MULTIPLE_FACES
S01718,88.07,1,28.34,0.0,2,82.48,3.89,13.63,NO_FACE
S01719,100.0,1,0.0,0.0,3,8.56,69.48,21.96,LOOKING_LEFT
S01720,100.0,1,0.0,0.0,6,80.06,15.34,4.6,NORMAL
S01721,93.26,1,11.99,0.0,10,37.83,58.05,4.12,LOOKING_LEFT
S01722,93.98,1,9.0,0.0,1,79.07,15.37,5.56,NORMAL
S01723,100.0,4,0.0,101.05,2,72.66,18.47,8.87,MULTIPLE_FACES
S01724,100.0,1,0.0,0.0,5,7.59,60.06,32.35,LOOKING_LEFT
S01725,100.0,1,0.0,0.0,11,10.69,65.14,24.17,LOOKING_AWAY
S01726,100.0,1,0.0,0.0,3,70.76,14.18,15.06,NORMAL
S01727,99.53,1,3.98,0.0,1,82.08,7.73,10.19,NORMAL
S01728,100.0,1,0.0,0.0,0,91.15,1.48,7.37,NORMAL
S01729,99.74,2,2.4,132.21,9,66.27,13.84,19.89,MULTIPLE_FACES
S01730,9.93,1,160.04,0.0,6,13.34,24.45,62.21,NO_FACE
S01731,100.0,1,0.0,0.0,5,62.0,18.63,19.37,LOOKING_AWAY
S01732,99.48,2,2.57,311.1,8,54.47,9.22,36.31,MULTIPLE_FACES
S01733,100.0,1,0.0,0.0,5,47.79,31.05,21.16,NORMAL
S01734,100.0,1,0.0,0.0,3,79.66,4.18,16.16,NORMAL
S01735,99.36,3,2.81,26.06,4,76.57,21.36,2.07,MULTIPLE_FACES
S01736,48.39,1,402.59,0.0,3,67.86,17.76,14.38,NO_FACE
S01737,99.57,1,3.92,0.0,8,47.3,49.37,3.33,LOOKING_LEFT
S01738,100.0,1,0.0,0.0,11,53.09,8.28,38.63,LOOKING_AWAY
S01739,100.0,1,0.0,0.0,3,83.97,15.19,0.84,NORMAL
S01740,100.0,1,0.0,0.0,5,46.57,15.75,37.68,LOOKING_RIGHT
S01741,100.0,1,0.0,0.0,7,45.46,16.6,37.94,LOOKING_AWAY
S01742,100.0,1,0.0,0.0,2,46.47,4.72,48.81,LOOKING_RIGHT
S01743,99.95,1,0.11,0.0,8,45.51,38.81,15.68,LOOKING_AWAY
S01744,100.0,1,0.0,0.0,3,75.48,12.58,11.94,NORMAL
S01745,100.0,1,0.0,0.0,5,83.64,2.73,13.63,NORMAL
S01746,99.36,1,2.16,0.0,2,76.34,21.05,2.61,NORMAL
S01747,99.54,1,4.31,0.0,7,21.23,18.81,59.96,LOOKING_RIGHT
S01748,0.0,0,154.04,0.0,0,100.0,0.0,0.0,NO_FACE
S01749,99.82,1,1.24,0.0,4,73.36,18.19,8.45,NORMAL
S01750,100.0,1,0.0,0.0,1,82.52,14.87,2.61,NORMAL
S01751,92.53,1,19.96,0.0,6,39.34,53.8,6.86,LOOKING_AWAY
S01752,99.52,1,0.51,0.0,4,21.88,51.9,26.22,LOOKING_LEFT
S01753,99.96,1,0.27,0.0,3,70.94,21.46,7.6,NORMAL
S01754,100.0,1,0.0,0.0,1,95.8,3.57,0.63,NORMAL
S01755,98.07,1,1.57,0.0,8,54.68,4.93,40.39,LOOKING_RIGHT
S01756,98.84,1,11.31,0.0,8,14.09,40.91,45.0,LOOKING_AWAY
S01757,100.0,1,0.0,0.0,2,82.55,11.6,5.85,NORMAL
S01758,98.66,2,5.93,151.9,1,81.26,2.01,16.73,MULTIPLE_FACES
S01759,100.0,1,0.0,0.0,2,67.73,26.25,6.02,NORMAL
S01760,99.97,1,0.32,0.0,2,36.38,37.71,25.91,LOOKING_LEFT
S01761,99.7,1,4.11,0.0,5,41.23,1.7,57.07,LOOKING_RIGHT
S01762,100.0,1,0.0,0.0,8,23.17,54.42,22.41,LOOKING_AWAY
S01763,100.0,2,0.0,0.31,3,47.48,47.35,5.17,LOOKING_LEFT
S01764,99.6,1,1.05,0.0,0,74.87,2.01,23.12,NORMAL
S01765,98.98,1,2.1,0.0,2,26.27,52.77,20.96,LOOKING_LEFT
S01766,77.1,1,109.42,0.0,0,83.95,2.86,13.19,NO_FACE
S01767,99.91,1,0.72,0.0,1,50.26,23.37,26.37,LOOKING_RIGHT
S01768,100.0,1,0.0,0.0,10,23.6,52.0,24.4,LOOKING_AWAY
S01769,100.0,1,0.0,0.0,3,54.51,45.13,0.36,LOOKING_LEFT
S01770,100.0,1,0.0,0.0,2,84.98,1.57,13.45,NORMAL
S01771,100.0,1,0.0,0.0,5,0.0,39.67,60.33,LOOKING_RIGHT
S01772,99.92,1,0.47,0.0,9,57.31,36.19,6.5,LOOKING_LEFT
S01773,100.0,1,0.0,0.0,5,29.61,54.17,16.22,LOOKING_AWAY
S01774,13.56,1,574.17,0.0,1,92.58,5.53,1.89,NO_FACE
S01775,100.0,2,0.0,197.67,3,65.22,26.56,8.22,MULTIPLE_FACES
S01776,38.76,1,79.03,0.0,1,65.21,23.99,10.8,NO_FACE
S01777,100.0,1,0.0,0.0,5,32.61,25.6,41.79,LOOKING_RIGHT
S01778,99.65,1,0.84,0.0,2,81.19,4.21,14.6,NORMAL
S01779,99.96,1,0.62,0.0,1,97.31,1.28,1.41,NORMAL
S01780,30.34,1,193.89,0.0,3,45.0,29.76,25.24,NO_FACE
S01781,100.0,2,0.0,156.5,1,74.4,18.64,6.96,MULTIPLE_FACES
S01782,100.0,1,0.0,0.0,2,76.6,3.85,19.55,NORMAL
S01783,99.89,4,0.53,32.44,2,77.81,10.8,11.39,MULTIPLE_FACES
S01784,73.76,2,23.91,16.5,1,55.38,44.08,0.54,MULTIPLE_FACES
S01785,97.3,2,17.28,264.39,5,81.85,12.85,5.3,MULTIPLE_FACES
S01786,100.0,3,0.0,171.72,7,63.8,26.57,9.63,MULTIPLE_FACES
S01787,99.19,1,5.34,0.0,10,29.06,46.54,24.4,LOOKING_AWAY
S01788,100.0,1,0.0,0.0,3,61.09,26.43,12.48,LOOKING_LEFT
S01789,42.65,1,48.39,0.0,2,87.65,7.12,5.23,NO_FACE
S01790,99.91,4,0.9,262.26,2,82.69,6.89,10.42,MULTIPLE_FACES
S01791,99.91,1,0.72,0.0,5,29.02,47.55,23.43,LOOKING_AWAY
S01792,98.28,1,1.98,0.0,5,52.49,3.17,44.34,LOOKING_RIGHT
S01793,100.0,1,0.0,0.0,10,36.07,31.81,32.12,LOOKING_AWAY
S01794,100.0,1,0.0,0.0,4,58.65,7.2,34.15,NORMAL
S01795,100.0,2,0.0,67.16,4,68.29,19.78,11.93,MULTIPLE_FACES
S01796,78.86,1,48.86,0.0,0,85.87,8.56,5.57,NO_FACE
S01797,87.81,1,116.43,0.0,3,66.09,7.11,26.8,NO_FACE
S01798,63.87,1,74.85,0.0,1,61.1,9.95,28.95,NO_FACE
S01799,99.98,1,0.21,0.0,4,51.26,25.87,22.87,LOOKING_LEFT
S01800,100.0,1,0.0,0.0,2,32.2,6.77,61.03,LOOKING_RIGHT
S01801,100.0,1,0.0,0.0,4,57.61,27.1,15.29,LOOKING_LEFT
S01802,74.18,1,130.95,0.0,2,82.97,13.79,3.24,NO_FACE
S01803,67.09,3,76.38,25.69,6,58.75,7.35,33.9,MULTIPLE_FACES
S01804,100.0,2,0.0,0.58,8,76.51,8.12,15.37,MULTIPLE_FACES
S01805,99.93,2,0.62,442.14,3,87.89,1.84,10.27,MULTIPLE_FACES
S01806,99.51,1,2.75,0.0,7,0.0,20.04,79.96,LOOKING_RIGHT
S01807,100.0,1,0.0,0.0,5,37.14,5.33,57.53,LOOKING_RIGHT
S01808,99.93,2,0.34,94.6,4,64.07,12.49,23.44,MULTIPLE_FACES
S01809,88.55,1,6.81,0.0,1,76.88,16.03,7.09,NORMAL
S01810,99.86,3,0.44,1.11,2,67.93,23.94,8.13,MULTIPLE_FACES
S01811,96.31,2,3.71,2.18,4,67.49,14.74,17.77,MULTIPLE_FACES
S01812,14.25,1,567.25,0.0,1,87.95,3.54,8.51,NO_FACE
S01813,100.0,1,0.0,0.0,1,91.04,8.73,0.23,NORMAL
S01814,100.0,2,0.02,482.6,1,90.04,5.75,4.21,MULTIPLE_FACES
S01815,97.29,1,7.37,0.0,12,22.32,46.16,31.52,LOOKING_AWAY
S01816,100.0,1,0.0,0.0,1,93.91,5.64,0.45,NORMAL
S01817,99.9,2,0.61,1.56,5,78.92,0.04,21.04,MULTIPLE_FACES
S01818,13.32,1,579.07,0.0,1,35.63,2.22,62.15,NO_FACE
S01819,99.96,1,0.42,0.0,12,39.5,15.33,45.17,LOOKING_AWAY
S01820,98.68,1,9.93,0.0,6,34.71,27.08,38.21,LOOKING_AWAY
S01821,5.61,1,161.46,0.0,2,55.43,30.66,13.91,NO_FACE
S01822,100.0,1,0.0,0.0,5,27.41,51.95,20.64,LOOKING_LEFT
S01823,100.0,1,0.0,0.0,7,28.77,63.77,7.46,LOOKING_LEFT
S01824,99.9,2,0.64,0.84,4,21.53,61.72,16.75,LOOKING_LEFT
S01825,99.66,1,3.88,0.0,3,10.53,63.6,25.87,LOOKING_LEFT
S01826,99.4,1,0.55,0.0,3,54.72,8.36,36.92,LOOKING_RIGHT
S01827,99.96,1,0.39,0.0,1,44.78,26.06,29.16,LOOKING_RIGHT
S01828,8.54,1,321.82,0.0,1,12.77,37.95,49.28,NO_FACE
S01829,100.0,2,0.0,1.8,6,0.0,11.26,88.74,LOOKING_RIGHT
S01830,100.0,1,0.0,0.0,12,19.12,55.97,24.91,LOOKING_AWAY
S01831,99.57,1,2.55,0.0,11,46.98,29.98,23.04,LOOKING_AWAY
S01832,54.31,1,77.94,0.0,6,32.46,27.41,40.13,NO_FACE
S01833,80.04,1,35.58,0.0,1,80.51,5.29,14.2,NO_FACE
S01834,68.9,2,98.16,150.81,7,55.22,21.72,23.06,MULTIPLE_FACES
S01835,100.0,1,0.0,0.0,2,60.6,13.88,25.52,LOOKING_RIGHT
S01836,99.76,2,2.07,165.73,4,89.93,0.35,9.72,MULTIPLE_FACES
S01837,99.62,1,1.84,0.0,2,51.69,7.56,40.75,LOOKING_RIGHT
S01838,100.0,1,0.0,0.0,2,76.91,6.02,17.07,NORMAL
S01839,99.88,1,0.14,0.0,7,0.0,8.0,92.0,LOOKING_RIGHT
S01840,100.0,1,0.0,0.0,9,35.12,42.5,22.38,LOOKING_AWAY
S01841,95.84,1,6.43,0.0,5,43.08,45.67,11.25,LOOKING_LEFT
S01842,98.98,1,11.53,0.0,10,24.38,28.3,47.32,LOOKING_RIGHT
S01843,99.93,1,0.6,0.0,3,45.0,29.52,25.48,NORMAL
S01844,99.96,2,0.29,0.55,4,21.53,18.13,60.34,LOOKING_RIGHT
S01845,100.0,1,0.0,0.0,11,54.98,20.94,24.08,LOOKING_AWAY
S01846,99.62,1,1.69,0.0,8,15.45,30.54,54.01,LOOKING_AWAY
S01847,99.65,1,3.31,0.0,3,96.31,1.36,2.33,NORMAL
S01848,99.97,1,0.13,0.0,12,5.43,40.26,54.31,LOOKING_AWAY
S01849,50.55,1,187.5,0.0,3,82.78,9.84,7.38,NO_FACE
S01850,14.74,1,73.24,0.0,2,7.45,23.41,69.14,NO_FACE
S01851,99.66,1,0.93,0.0,1,64.76,7.87,27.37,LOOKING_RIGHT
S01852,100.0,1,0.0,0.0,2,68.99,18.77,12.24,NORMAL
S01853,100.0,1,0.0,0.0,2,51.04,30.13,18.83,LOOKING_LEFT
S01854,42.23,1,493.96,0.0,0,77.49,14.45,8.06,NO_FACE
S01855,99.33,1,3.77,0.0,6,20.29,23.9,55.81,LOOKING_RIGHT
S01856,99.9,2,0.35,1.15,6,83.71,8.97,7.32,NORMAL
S01857,100.0,2,0.0,2.1,1,77.67,7.19,15.14,MULTIPLE_FACES
S01858,99.99,1,0.09,0.0,3,11.55,11.05,77.4,LOOKING_RIGHT
S01859,99.79,1,1.24,0.0,4,32.84,57.73,9.43,LOOKING_LEFT
S01860,80.97,1,13.61,0.0,5,6.19,26.53,67.28,NO_FACE
S01861,100.0,2,0.0,110.38,4,61.09,3.9,35.01,MULTIPLE_FACES
S01862,60.42,2,208.73,123.63,11,55.54,10.46,34.0,MULTIPLE_FACES
S01863,100.0,2,0.0,1.38,2,90.12,0.29,9.59,NORMAL
S01864,100.0,1,0.0,0.0,6,32.74,24.13,43.13,LOOKING_AWAY
S01865,100.0,1,0.0,0.0,9,25.99,71.92,2.09,LOOKING_LEFT
S01866,100.0,1,0.0,0.0,9,35.44,33.31,31.25,LOOKING_AWAY
S01867,100.0,1,0.0,0.0,11,30.98,33.15,35.87,LOOKING_AWAY
S01868,99.88,1,0.17,0.0,11,52.72,3.16,44.12,LOOKING_AWAY
S01869,100.0,1,0.0,0.0,3,92.64,7.1,0.26,NORMAL
S01870,99.93,1,0.1,0.0,5,82.22,13.14,4.64,NORMAL
S01871,99.88,1,1.5,0.0,5,57.6,37.24,5.16,LOOKING_LEFT
S01872,99.91,1,0.52,0.0,7,49.39,4.48,46.13,LOOKING_AWAY
S01873,0.0,0,977.67,0.0,0,100.0,0.0,0.0,NO_FACE
S01874,99.47,1,7.16,0.0,1,41.63,45.75,12.62,LOOKING_LEFT
S01875,99.59,1,1.99,0.0,2,79.91,6.32,13.77,NORMAL
S01876,98.97,1,7.35,0.0,4,34.51,61.36,4.13,LOOKING_LEFT
S01877,12.72,1,814.86,0.0,6,63.39,18.42,18.19,NO_FACE
S01878,99.0,1,8.97,0.0,4,72.82,5.51,21.67,NORMAL
S01879,100.0,2,0.0,93.79,5,80.54,7.77,11.69,MULTIPLE_FACES
S01880,99.55,1,2.56,0.0,5,38.29,3.58,58.13,LOOKING_RIGHT
S01881,99.96,1,0.44,0.0,3,26.36,57.88,15.76,LOOKING_LEFT
S01882,100.0,1,0.0,0.0,3,85.55,10.68,3.77,NORMAL
S01883,99.82,1,2.24,0.0,4,33.27,49.59,17.14,LOOKING_LEFT
S01884,100.0,1,0.0,0.0,2,55.77,9.1,35.13,LOOKING_RIGHT
S01885,99.92,3,0.75,302.01,2,81.93,8.77,9.3,MULTIPLE_FACES
S01886,98.23,2,6.09,119.22,1,86.86,4.04,9.1,MULTIPLE_FACES
S01887,100.0,1,0.0,0.0,6,30.94,60.55,8.51,LOOKING_LEFT
S01888,22.79,2,105.34,1.37,1,84.59,12.0,3.41,NO_FACE
S01889,70.76,1,111.69,0.0,1,92.15,1.68,6.17,NO_FACE
S01890,100.0,1,0.0,0.0,17,12.47,18.56,68.97,LOOKING_AWAY
S01891,30.21,1,213.69,0.0,4,84.33,1.78,13.89,NO_FACE
S01892,100.0,1,0.0,0.0,0,68.46,30.12,1.42,NORMAL
S01893,100.0,1,0.0,0.0,2,25.36,51.57,23.07,LOOKING_LEFT
S01894,100.0,1,0.0,0.0,2,79.2,9.44,11.36,NORMAL
S01895,100.0,1,0.0,0.0,5,19.63,19.5,60.87,LOOKING_RIGHT
S01896,99.98,1,0.17,0.0,1,50.29,45.42,4.29,LOOKING_LEFT
S01897,99.93,1,0.23,0.0,3,76.12,7.62,16.26,NORMAL
S01898,0.0,0,1295.98,0.0,0,100.0,0.0,0.0,NO_FACE
S01899,98.7,1,3.52,0.0,3,47.69,28.03,24.28,NORMAL
S01900,99.9,2,0.82,222.25,1,88.32,3.93,7.75,MULTIPLE_FACES
S01901,0.0,0,326.37,0.0,0,100.0,0.0,0.0,NO_FACE
S01902,100.0,1,0.0,0.0,7,34.56,44.35,21.09,LOOKING_AWAY
S01903,99.93,1,0.2,0.0,1,42.2,20.58,37.22,LOOKING_RIGHT
S01904,98.24,2,13.82,71.42,1,91.8,5.6,2.6,MULTIPLE_FACES
S01905,99.42,1,1.78,0.0,5,75.31,5.9,18.79,NORMAL
S01906,100.0,1,0.07,0.0,2,86.82,6.55,6.63,NORMAL
S01907,10.35,1,216.1,0.0,6,51.5,24.47,24.03,NO_FACE
S01908,100.0,1,0.0,0.0,12,25.81,15.6,58.59,LOOKING_AWAY
S01909,97.87,1,3.41,0.0,2,92.19,6.42,1.39,NORMAL
S01910,100.0,1,0.0,0.0,4,58.82,8.67,32.51,NORMAL
S01911,99.75,2,0.51,23.15,2,64.07,23.0,12.93,MULTIPLE_FACES
S01912,99.6,1,1.45,0.0,6,52.91,24.19,22.9,NORMAL
S01913,99.8,1,0.37,0.0,1,87.66,6.82,5.52,NORMAL
S01914,100.0,1,0.0,0.0,13,20.06,51.18,28.76,LOOKING_AWAY
S01915,98.94,1,2.86,0.0,2,59.0,22.0,19.0,LOOKING_LEFT
S01916,100.0,1,0.0,0.0,5,11.6,68.36,20.04,LOOKING_LEFT
S01917,100.0,1,0.0,0.0,2,46.1,33.5,20.4,NORMAL
S01918,98.96,1,4.59,0.0,12,23.52,46.96,29.52,LOOKING_AWAY
S01919,100.0,1,0.01,0.0,2,55.71,41.0,3.29,LOOKING_LEFT
S01920,99.79,1,0.33,0.0,6,37.72,22.44,39.84,LOOKING_RIGHT
S01921,100.0,1,0.0,0.0,5,23.64,36.0,40.36,LOOKING_AWAY
S01922,99.97,1,0.33,0.0,3,88.31,7.99,3.7,NORMAL
S01923,72.36,1,92.32,0.0,3,42.63,19.98,37.39,NO_FACE
S01924,99.5,1,4.82,0.0,2,83.26,8.31,8.43,NORMAL
S01925,39.28,1,115.51,0.0,4,58.89,27.16,13.95,NO_FACE
S01926,99.44,1,1.96,0.0,1,89.33,6.4,4.27,NORMAL
S01927,99.76,1,0.28,0.0,6,62.68,26.57,10.75,LOOKING_LEFT
S01928,99.58,1,6.64,0.0,7,60.74,21.26,18.0,NORMAL
S01929,99.87,1,1.11,0.0,7,13.44,33.12,53.44,LOOKING_RIGHT
S01930,100.0,1,0.0,0.0,3,33.15,20.77,46.08,LOOKING_RIGHT
S01931,100.0,1,0.0,0.0,4,36.65,52.41,10.94,LOOKING_LEFT
S01932,100.0,1,0.0,0.0,0,88.62,6.46,4.92,NORMAL
S01933,100.0,2,0.0,1.56,2,51.4,34.65,13.95,LOOKING_LEFT
S01934,99.82,1,1.62,0.0,7,31.32,6.76,61.92,LOOKING_RIGHT
S01935,63.94,2,35.9,11.27,4,88.1,9.63,2.27,MULTIPLE_FACES
S01936,99.97,1,0.47,0.0,5,58.83,10.4,30.77,NORMAL
S01937,0.0,0,713.3,0.0,0,100.0,0.0,0.0,NO_FACE
S01938,100.0,2,0.0,390.57,6,62.44,36.31,1.25,MULTIPLE_FACES
S01939,99.33,2,2.55,50.05,3,88.86,5.51,5.63,MULTIPLE_FACES
S01940,99.99,1,0.1,0.0,7,28.26,54.67,17.07,LOOKING_LEFT
S01941,100.0,1,0.0,0.0,5,66.48,30.5,3.02,LOOKING_LEFT
S01942,100.0,1,0.0,0.0,14,30.24,43.29,26.47,LOOKING_AWAY
S01943,100.0,1,0.0,0.0,7,15.64,28.26,56.1,LOOKING_RIGHT
S01944,99.29,2,1.25,60.67,5,91.0,5.24,3.76,MULTIPLE_FACES
S01945,98.22,1,15.96,0.0,9,21.13,34.75,44.12,LOOKING_AWAY
S01946,56.62,1,247.32,0.0,1,78.34,15.27,6.39,NO_FACE
S01947,99.67,1,0.61,0.0,4,47.2,48.81,3.99,LOOKING_LEFT
S01948,100.0,1,0.0,0.0,5,56.41,28.87,14.72,NORMAL
S01949,96.4,1,14.32,0.0,4,13.46,14.08,72.46,LOOKING_RIGHT
S01950,99.73,2,1.24,193.06,3,98.64,0.11,1.25,MULTIPLE_FACES
S01951,100.0,2,0.0,495.35,2,57.46,22.34,20.2,MULTIPLE_FACES
S01952,49.09,1,175.28,0.0,2,89.11,2.82,8.07,NO_FACE
S01953,99.94,2,0.26,68.85,4,81.88,1.16,16.96,MULTIPLE_FACES
S01954,99.92,1,0.28,0.0,11,23.29,36.14,40.57,LOOKING_AWAY
S01955,100.0,2,0.0,0.37,4,47.0,18.5,34.5,NORMAL
S01956,97.44,1,3.72,0.0,3,21.51,26.42,52.07,LOOKING_RIGHT
S01957,99.52,1,1.94,0.0,4,1.73,52.19,46.08,LOOKING_LEFT
S01958,100.0,1,0.0,0.0,4,62.0,21.59,16.41,LOOKING_AWAY
S01959,100.0,1,0.0,0.0,2,47.35,32.49,20.16,LOOKING_LEFT
S01960,13.42,1,357.69,0.0,2,37.38,43.57,19.05,NO_FACE
S01961,99.58,1,3.39,0.0,1,54.97,12.21,32.82,LOOKING_RIGHT
S01962,99.92,1,0.95,0.0,3,65.52,1.49,32.99,LOOKING_RIGHT
S01963,100.0,1,0.0,0.0,3,69.76,0.8,29.44,LOOKING_RIGHT
S01964,99.85,1,0.48,0.0,9,23.55,72.49,3.96,LOOKING_LEFT
S01965,100.0,1,0.0,0.0,10,30.89,22.28,46.83,LOOKING_AWAY
S01966,99.35,2,4.4,1.39,7,23.39,13.19,63.42,LOOKING_RIGHT
S01967,100.0,1,0.0,0.0,5,78.68,20.36,0.96,NORMAL
S01968,100.0,1,0.0,0.0,5,74.27,18.94,6.79,NORMAL
S01969,100.0,1,0.0,0.0,2,40.22,6.36,53.42,LOOKING_RIGHT
S01970,63.16,1,84.56,0.0,1,89.78,4.95,5.27,NO_FACE
S01971,100.0,2,0.0,285.25,3,71.3,26.66,2.04,MULTIPLE_FACES
S01972,100.0,1,0.0,0.0,2,61.39,13.65,24.96,NORMAL
S01973,99.46,1,0.57,0.0,1,96.05,3.09,0.86,NORMAL
S01974,100.0,1,0.0,0.0,0,80.04,16.45,3.51,NORMAL
S01975,99.56,1,2.76,0.0,0,85.53,8.52,5.95,NORMAL
S01976,99.65,3,1.46,296.35,6,69.31,5.54,25.15,MULTIPLE_FACES
S01977,99.94,1,0.09,0.0,0,87.89,3.47,8.64,NORMAL
S01978,100.0,2,0.0,207.75,2,81.71,3.12,15.17,MULTIPLE_FACES
S01979,100.0,2,0.0,238.75,0,91.86,2.75,5.39,MULTIPLE_FACES
S01980,5.35,1,240.16,0.0,0,91.41,3.67,4.92,NO_FACE
S01981,100.0,1,0.0,0.0,8,62.43,29.25,8.32,NORMAL
S01982,99.04,1,4.0,0.0,5,80.09,16.56,3.35,NORMAL
S01983,99.79,1,0.67,0.0,4,66.54,23.17,10.29,NORMAL
S01984,100.0,1,0.0,0.0,3,90.49,3.52,5.99,NORMAL
S01985,98.79,1,10.72,0.0,10,51.63,28.88,19.49,NORMAL
S01986,100.0,1,0.0,0.0,4,56.11,8.49,35.4,LOOKING_RIGHT
S01987,75.09,2,99.58,183.82,3,91.85,3.63,4.52,MULTIPLE_FACES
S01988,100.0,1,0.0,0.0,10,18.85,41.2,39.95,LOOKING_AWAY
S01989,100.0,1,0.0,0.0,6,14.99,41.34,43.67,LOOKING_AWAY
S01990,99.97,1,0.26,0.0,3,70.1,22.59,7.31,NORMAL
S01991,100.0,1,0.0,0.0,5,79.84,3.2,16.96,NORMAL
S01992,100.0,1,0.0,0.0,0,19.32,12.93,67.75,LOOKING_RIGHT
S01993,98.88,1,2.35,0.0,9,55.58,18.05,26.37,LOOKING_RIGHT
S01994,100.0,1,0.0,0.0,3,50.0,37.27,12.73,NORMAL
S01995,100.0,1,0.0,0.0,10,29.02,58.58,12.4,LOOKING_AWAY
S01996,100.0,1,0.0,0.0,2,25.81,71.39,2.8,LOOKING_LEFT
S01997,100.0,1,0.0,0.0,6,51.16,6.08,42.76,LOOKING_RIGHT
S01998,100.0,1,0.0,0.0,10,8.96,18.43,72.61,LOOKING_RIGHT
S01999,99.63,1,1.87,0.0,0,67.14,13.26,19.6,NORMAL
S02000,99.97,1,0.32,0.0,4,18.86,52.96,28.18,LOOKING_LEFT
S02001,100.0,1,0.0,0.0,9,15.23,40.12,44.65,LOOKING_AWAY
S02002,100.0,1,0.0,0.0,4,95.71,3.22,1.07,NORMAL
S02003,100.0,1,0.0,0.0,2,70.86,7.07,22.07,NORMAL
S02004,100.0,1,0.0,0.0,5,20.94,59.5,19.56,LOOKING_LEFT
S02005,99.87,1,1.88,0.0,2,52.07,37.94,9.99,LOOKING_LEFT
S02006,99.52,1,1.42,0.0,3,42.1,50.54,7.36,LOOKING_LEFT
S02007,100.0,1,0.0,0.0,11,43.04,15.7,41.26,LOOKING_AWAY
S02008,100.0,1,0.0,0.0,3,58.95,0.44,40.61,LOOKING_RIGHT
S02009,26.39,1,275.99,0.0,1,77.01,18.24,4.75,NO_FACE
S02010,100.0,1,0.0,0.0,5,68.42,19.65,11.93,NORMAL
S02011,100.0,1,0.0,0.0,2,64.17,28.12,7.71,LOOKING_LEFT
S02012,100.0,1,0.0,0.0,1,80.08,16.31,3.61,NORMAL
S02013,28.87,1,133.48,0.0,2,82.54,10.06,7.4,NO_FACE
S02014,100.0,1,0.0,0.0,5,42.88,41.33,15.79,LOOKING_LEFT
S02015,99.83,1,1.59,0.0,13,14.49,54.49,31.02,LOOKING_AWAY
S02016,95.86,1,13.79,0.0,2,41.34,56.13,2.53,LOOKING_LEFT
S02017,100.0,1,0.0,0.0,6,23.4,15.36,61.24,LOOKING_RIGHT
S02018,99.91,1,1.14,0.0,5,42.24,47.32,10.44,LOOKING_AWAY
S02019,99.83,2,0.94,231.64,0,75.89,9.61,14.5,MULTIPLE_FACES
S02020,100.0,1,0.0,0.0,13,2.15,44.28,53.57,LOOKING_AWAY
S02021,100.0,1,0.0,0.0,8,34.2,11.72,54.08,LOOKING_AWAY
S02022,98.19,1,1.52,0.0,3,57.94,39.6,2.46,LOOKING_LEFT
S02023,99.99,1,0.03,0.0,3,44.49,33.08,22.43,LOOKING_LEFT
S02024,99.85,2,1.15,1.69,7,36.42,18.59,44.99,LOOKING_AWAY
S02025,99.99,1,0.11,0.0,2,16.36,43.32,40.32,LOOKING_LEFT
S02026,99.18,1,1.96,0.0,12,44.62,43.38,12.0,LOOKING_AWAY
S02027,100.0,1,0.0,0.0,2,89.64,6.51,3.85,NORMAL
S02028,99.82,2,0.99,1.2,3,86.85,11.53,1.62,MULTIPLE_FACES
S02029,100.0,1,0.0,0.0,0,73.31,22.98,3.71,NORMAL
S02030,100.0,1,0.0,0.0,2,80.62,12.79,6.59,NORMAL
S02031,100.0,2,0.0,1.54,3,82.29,8.99,8.72,MULTIPLE_FACES
S02032,100.0,1,0.0,0.0,5,39.31,16.69,44.0,LOOKING_RIGHT
S02033,98.09,1,20.66,0.0,1,82.2,6.04,11.76,NORMAL
S02034,100.0,1,0.0,0.0,16,7.76,78.21,14.03,LOOKING_AWAY
S02035,99.93,2,0.46,1.52,3,62.73,21.55,15.72,MULTIPLE_FACES
S02036,10.11,1,556.99,0.0,2,79.04,13.48,7.48,NO_FACE
S02037,100.0,1,0.0,0.0,12,18.41,59.93,21.66,LOOKING_AWAY
S02038,47.86,1,123.63,0.0,3,76.7,21.58,1.72,NO_FACE
S02039,100.0,1,0.0,0.0,11,40.29,13.92,45.79,LOOKING_AWAY
S02040,99.96,1,0.44,0.0,4,47.55,5.1,47.35,LOOKING_RIGHT
S02041,95.77,2,13.96,60.92,10,62.84,28.83,8.33,MULTIPLE_FACES
S02042,99.41,1,3.28,0.0,2,76.01,8.8,15.19,NORMAL
S02043,99.92,2,0.27,67.39,3,48.24,40.01,11.75,MULTIPLE_FACES
S02044,100.0,1,0.0,0.0,6,24.31,7.05,68.64,LOOKING_RIGHT
S02045,44.89,1,308.56,0.0,1,83.39,10.2,6.41,NO_FACE
S02046,100.0,1,0.0,0.0,0,65.76,22.0,12.24,LOOKING_LEFT
S02047,100.0,1,0.0,0.0,9,40.52,18.16,41.32,LOOKING_AWAY
S02048,100.0,1,0.0,0.0,4,88.97,7.38,3.65,NORMAL
S02049,100.0,1,0.0,0.0,1,87.48,8.59,3.93,NORMAL
S02050,100.0,2,0.0,362.52,6,87.26,9.65,3.09,MULTIPLE_FACES
S02051,99.87,1,0.92,0.0,16,14.83,18.09,67.08,LOOKING_AWAY
S02052,99.52,2,3.98,53.45,3,47.47,9.59,42.94,MULTIPLE_FACES
S02053,100.0,1,0.0,0.0,10,30.91,60.57,8.52,LOOKING_AWAY
S02054,100.0,3,0.0,47.11,6,35.46,42.35,22.19,MULTIPLE_FACES
S02055,99.91,1,0.59,0.0,4,22.55,74.81,2.64,LOOKING_LEFT
S02056,99.0,1,8.68,0.0,4,31.36,50.83,17.81,LOOKING_LEFT
S02057,99.95,1,0.22,0.0,4,27.03,11.13,61.84,LOOKING_RIGHT
S02058,100.0,1,0.0,0.0,3,75.9,20.83,3.27,NORMAL
S02059,99.88,1,0.92,0.0,1,81.62,7.04,11.34,NORMAL
S02060,100.0,1,0.0,0.0,5,35.61,54.92,9.47,LOOKING_LEFT
S02061,99.95,1,0.49,0.0,2,78.26,15.05,6.69,NORMAL
S02062,99.36,2,0.91,46.96,14,34.0,45.08,20.92,MULTIPLE_FACES
S02063,99.91,1,0.28,0.0,12,34.3,41.43,24.27,LOOKING_AWAY
S02064,100.0,2,0.0,308.26,0,81.67,7.4,10.93,MULTIPLE_FACES
S02065,100.0,1,0.0,0.0,5,19.03,11.51,69.46,LOOKING_RIGHT
S02066,97.62,1,13.37,0.0,4,35.71,46.0,18.29,LOOKING_LEFT
S02067,100.0,1,0.0,0.0,5,35.5,7.19,57.31,LOOKING_RIGHT
S02068,99.83,1,1.25,0.0,5,89.82,2.7,7.48,NORMAL
S02069,100.0,1,0.01,0.0,1,98.54,0.19,1.27,NORMAL
S02070,100.0,1,0.0,0.0,0,87.16,6.27,6.57,NORMAL
S02071,100.0,1,0.0,0.0,4,80.86,14.37,4.77,NORMAL
S02072,70.42,1,79.24,0.0,2,91.25,5.27,3.48,NO_FACE
S02073,98.7,1,8.74,0.0,5,30.1,67.7,2.2,LOOKING_AWAY
S02074,16.45,1,521.05,0.0,2,80.93,4.16,14.91,NO_FACE
S02075,99.96,1,0.44,0.0,3,7.16,71.89,20.95,LOOKING_LEFT
S02076,99.59,1,2.93,0.0,11,20.15,67.26,12.59,LOOKING_AWAY
S02077,99.89,1,0.87,0.0,1,23.12,25.46,51.42,LOOKING_RIGHT
S02078,100.0,1,0.0,0.0,1,43.12,16.36,40.52,LOOKING_RIGHT
S02079,99.72,1,3.3,0.0,6,45.12,7.55,47.33,LOOKING_RIGHT
S02080,99.99,1,0.04,0.0,4,75.73,17.54,6.73,NORMAL
S02081,99.92,1,0.11,0.0,8,61.91,11.79,26.3,NORMAL
S02082,100.0,1,0.0,0.0,2,51.64,11.28,37.08,LOOKING_RIGHT
S02083,99.85,1,0.57,0.0,5,0.0,79.84,20.16,LOOKING_LEFT
S02084,99.43,1,1.47,0.0,4,64.96,14.81,20.23,NORMAL
S02085,100.0,1,0.0,0.0,2,89.3,8.25,2.45,NORMAL
S02086,99.49,1,7.02,0.0,4,60.47,24.37,15.16,NORMAL
S02087,100.0,1,0.0,0.0,5,12.71,59.82,27.47,LOOKING_LEFT
S02088,67.74,2,281.33,336.96,4,81.08,10.56,8.36,MULTIPLE_FACES
S02089,99.32,1,2.28,0.0,5,63.84,23.71,12.45,NORMAL
S02090,99.09,2,4.91,54.05,6,77.54,10.57,11.89,MULTIPLE_FACES
S02091,100.0,1,0.0,0.0,5,15.66,62.06,22.28,LOOKING_AWAY
S02092,98.08,1,17.08,0.0,1,84.84,9.06,6.1,NORMAL
S02093,99.63,2,2.84,314.58,2,94.78,2.84,2.38,MULTIPLE_FACES
S02094,100.0,1,0.0,0.0,3,90.25,3.87,5.88,NORMAL
S02095,99.43,1,3.75,0.0,2,89.47,2.73,7.8,NORMAL
S02096,100.0,1,0.0,0.0,6,62.22,25.81,11.97,NORMAL
S02097,97.6,2,2.76,1.81,5,77.01,19.31,3.68,MULTIPLE_FACES
S02098,100.0,1,0.0,0.0,4,45.0,33.09,21.91,NORMAL
S02099,100.0,1,0.0,0.0,4,72.28,22.76,4.96,NORMAL
S02100,100.0,1,0.0,0.0,4,11.8,73.05,15.15,LOOKING_LEFT
S02101,99.95,1,0.28,0.0,4,52.07,46.85,1.08,LOOKING_LEFT
S02102,100.0,1,0.0,0.0,4,56.8,32.85,10.35,NORMAL
S02103,0.0,0,212.18,0.0,0,100.0,0.0,0.0,NO_FACE
S02104,99.65,2,1.53,199.29,8,35.91,19.34,44.75,MULTIPLE_FACES
S02105,100.0,2,0.0,42.52,4,76.41,9.59,14.0,MULTIPLE_FACES
S02106,100.0,1,0.0,0.0,2,37.51,61.54,0.95,LOOKING_LEFT
S02107,99.82,1,1.28,0.0,1,87.69,4.77,7.54,NORMAL
S02108,99.86,2,0.91,170.86,4,58.2,32.1,9.7,MULTIPLE_FACES
S02109,99.79,1,1.52,0.0,3,44.27,35.82,19.91,LOOKING_LEFT
S02110,99.93,1,0.11,0.0,3,85.93,11.12,2.95,NORMAL
S02111,100.0,1,0.0,0.0,10,21.16,71.95,6.89,LOOKING_AWAY
S02112,100.0,1,0.0,0.0,3,16.04,61.64,22.32,LOOKING_LEFT
S02113,99.69,1,0.78,0.0,3,81.08,4.58,14.34,NORMAL
S02114,100.0,1,0.0,0.0,16,38.77,17.83,43.4,LOOKING_AWAY
S02115,99.78,1,2.78,0.0,0,91.18,3.19,5.63,NORMAL
S02116,99.55,1,3.8,0.0,4,9.9,17.93,72.17,LOOKING_RIGHT
S02117,99.65,1,2.45,0.0,4,69.93,2.71,27.36,NORMAL
S02118,100.0,1,0.0,0.0,2,85.26,8.42,6.32,NORMAL
S02119,100.0,1,0.0,0.0,13,38.06,45.72,16.22,LOOKING_AWAY
S02120,0.0,0,877.12,0.0,0,100.0,0.0,0.0,NO_FACE
S02121,100.0,1,0.0,0.0,3,64.6,16.87,18.53,NORMAL
S02122,99.88,1,1.42,0.0,7,24.47,57.59,17.94,LOOKING_LEFT
S02123,99.87,1,0.37,0.0,9,20.14,42.17,37.69,LOOKING_AWAY
S02124,23.82,1,661.87,0.0,1,68.47,3.64,27.89,NO_FACE
S02125,79.24,2,38.53,82.51,0,97.13,0.9,1.97,MULTIPLE_FACES
S02126,99.95,2,0.43,295.59,2,76.35,10.46,13.19,MULTIPLE_FACES
S02127,100.0,2,0.0,36.21,1,91.15,6.46,2.39,MULTIPLE_FACES
S02128,100.0,1,0.0,0.0,6,29.48,17.89,52.63,LOOKING_RIGHT
S02129,36.57,1,627.82,0.0,10,39.26,39.26,21.48,NO_FACE
S02130,100.0,1,0.0,0.0,4,70.33,20.15,9.52,NORMAL
S02131,100.0,2,0.0,423.3,5,78.86,10.94,10.2,MULTIPLE_FACES
S02132,100.0,1,0.0,0.0,2,52.54,35.64,11.82,LOOKING_AWAY
S02133,100.0,1,0.0,0.0,4,85.01,2.59,12.4,NORMAL
S02134,100.0,1,0.0,0.0,5,24.13,27.91,47.96,LOOKING_RIGHT
S02135,99.96,1,0.11,0.0,1,73.55,10.42,16.03,NORMAL
S02136,100.0,1,0.03,0.0,2,32.58,8.74,58.68,LOOKING_RIGHT
S02137,100.0,3,0.0,33.15,3,75.9,10.53,13.57,MULTIPLE_FACES
S02138,100.0,1,0.0,0.0,4,48.34,49.5,2.16,LOOKING_LEFT
S02139,94.67,2,9.76,70.52,4,73.59,22.43,3.98,MULTIPLE_FACES
S02140,21.54,1,301.05,0.0,4,38.04,1.3,60.66,NO_FACE
S02141,81.27,1,21.67,0.0,3,85.04,6.89,8.07,NO_FACE
S02142,100.0,2,0.0,0.83,3,68.56,15.83,15.61,MULTIPLE_FACES
S02143,100.0,1,0.0,0.0,10,61.72,14.79,23.49,LOOKING_AWAY
S02144,100.0,1,0.0,0.0,4,31.23,57.83,10.94,LOOKING_LEFT
S02145,99.75,1,3.34,0.0,2,64.56,2.5,32.94,LOOKING_RIGHT
S02146,99.96,1,0.37,0.0,2,87.82,6.01,6.17,NORMAL
S02147,99.47,1,3.63,0.0,3,81.31,11.78,6.91,NORMAL
S02148,100.0,1,0.0,0.0,6,9.01,70.04,20.95,LOOKING_LEFT
S02149,100.0,1,0.0,0.0,8,15.69,27.74,56.57,LOOKING_RIGHT
S02150,5.4,1,96.16,0.0,2,79.76,5.74,14.5,NO_FACE
S02151,100.0,1,0.0,0.0,2,88.12,6.77,5.11,NORMAL
S02152,100.0,2,0.0,50.02,2,70.89,1.33,27.78,MULTIPLE_FACES
S02153,54.35,1,385.37,0.0,3,69.26,11.05,19.69,NO_FACE
S02154,99.91,2,0.81,2.45,4,60.58,9.1,30.32,MULTIPLE_FACES
S02155,99.85,1,1.08,0.0,13,24.42,30.57,45.01,LOOKING_AWAY
S02156,75.3,1,77.12,0.0,5,88.62,6.92,4.46,NO_FACE
S02157,50.1,1,311.98,0.0,0,86.11,10.58,3.31,NO_FACE
S02158,84.47,1,67.04,0.0,3,72.86,6.73,20.41,NO_FACE
S02159,96.52,1,16.19,0.0,8,37.99,3.37,58.64,LOOKING_RIGHT
S02160,99.92,1,0.7,0.0,8,28.82,7.93,63.25,LOOKING_RIGHT
S02161,99.9,1,0.42,0.0,5,37.31,13.52,49.17,LOOKING_RIGHT
S02162,99.27,1,9.34,0.0,6,60.02,6.08,33.9,LOOKING_RIGHT
S02163,100.0,1,0.0,0.0,11,32.18,15.19,52.63,LOOKING_AWAY
S02164,100.0,1,0.0,0.0,6,44.92,46.51,8.57,LOOKING_LEFT
S02165,100.0,1,0.0,0.0,4,35.58,18.98,45.44,LOOKING_RIGHT
S02166,99.88,1,0.96,0.0,4,37.81,14.99,47.2,LOOKING_RIGHT
S02167,99.89,1,1.35,0.0,4,75.46,1.63,22.91,NORMAL
S02168,99.52,1,7.8,0.0,9,38.95,11.34,49.71,LOOKING_AWAY
S02169,100.0,1,0.0,0.0,10,27.45,33.57,38.98,LOOKING_AWAY
S02170,99.94,1,0.6,0.0,5,12.51,80.96,6.53,LOOKING_LEFT
S02171,63.01,2,47.53,72.68,3,79.19,6.83,13.98,MULTIPLE_FACES
S02172,100.0,1,0.0,0.0,10,9.67,41.57,48.76,LOOKING_AWAY
S02173,100.0,1,0.0,0.0,4,0.0,88.23,11.77,LOOKING_LEFT
S02174,99.58,1,4.69,0.0,10,48.21,38.58,13.21,NORMAL
S02175,99.87,1,1.16,0.0,8,18.67,8.73,72.6,LOOKING_RIGHT
S02176,100.0,1,0.0,0.0,2,77.34,19.58,3.08,NORMAL
S02177,87.13,2,134.48,1.97,1,11.9,5.79,82.31,NO_FACE
S02178,10.44,1,460.94,0.0,2,60.93,25.15,13.92,NO_FACE
S02179,99.49,1,1.86,0.0,1,85.93,3.48,10.59,NORMAL
S02180,100.0,1,0.0,0.0,2,93.67,6.09,0.24,NORMAL
S02181,100.0,1,0.0,0.0,4,53.57,5.19,41.24,NORMAL
S02182,99.93,1,0.54,0.0,3,89.66,8.81,1.53,NORMAL
S02183,100.0,1,0.0,0.0,5,48.36,20.16,31.48,LOOKING_RIGHT
S02184,98.66,1,8.16,0.0,10,60.99,14.69,24.32,LOOKING_AWAY
S02185,100.0,1,0.0,0.0,2,74.37,4.45,21.18,NORMAL
S02186,44.53,1,22.37,0.0,6,19.64,21.13,59.23,NO_FACE
S02187,100.0,1,0.0,0.0,9,36.15,36.77,27.08,LOOKING_AWAY
S02188,100.0,1,0.07,0.0,1,82.1,6.47,11.43,NORMAL
S02189,99.99,1,0.05,0.0,3,32.94,43.17,23.89,LOOKING_LEFT
S02190,99.92,1,0.71,0.0,2,80.6,4.17,15.23,NORMAL
S02191,99.95,1,0.54,0.0,7,37.17,58.6,4.23,LOOKING_LEFT
S02192,99.56,1,3.47,0.0,7,24.39,49.46,26.15,LOOKING_AWAY
S02193,54.75,1,143.43,0.0,3,21.11,7.77,71.12,NO_FACE
S02194,100.0,1,0.01,0.0,0,98.8,0.27,0.93,NORMAL
S02195,77.94,2,72.19,21.12,0,70.63,6.02,23.35,MULTIPLE_FACES
S02196,100.0,1,0.0,0.0,3,54.68,28.05,17.27,LOOKING_LEFT
S02197,100.0,2,0.0,24.0,8,34.0,39.27,26.73,MULTIPLE_FACES
S02198,99.21,2,0.93,49.48,3,83.5,4.27,12.23,MULTIPLE_FACES
S02199,100.0,2,0.0,3.24,3,93.95,5.63,0.42,MULTIPLE_FACES
S02200,97.9,1,8.55,0.0,3,34.9,26.97,38.13,LOOKING_RIGHT
S02201,99.76,1,0.5,0.0,1,58.26,40.31,1.43,LOOKING_LEFT
S02202,99.98,2,0.15,177.54,6,44.28,10.5,45.22,MULTIPLE_FACES
S02203,100.0,1,0.0,0.0,4,55.12,3.4,41.48,LOOKING_RIGHT
S02204,100.0,1,0.0,0.0,0,68.3,28.27,3.43,NORMAL
S02205,100.0,1,0.0,0.0,4,40.16,14.65,45.19,LOOKING_RIGHT
S02206,100.0,2,0.0,0.36,6,42.74,49.7,7.56,LOOKING_LEFT
S02207,100.0,2,0.0,89.17,6,51.1,14.57,34.33,MULTIPLE_FACES
S02208,99.58,1,0.46,0.0,3,31.0,42.06,26.94,LOOKING_LEFT
S02209,98.66,1,6.17,0.0,1,95.01,3.74,1.25,NORMAL
S02210,100.0,1,0.0,0.0,2,61.92,3.19,34.89,LOOKING_RIGHT
S02211,99.97,1,0.11,0.0,3,16.88,18.36,64.76,LOOKING_AWAY
S02212,27.73,1,872.71,0.0,4,75.56,14.77,9.67,NO_FACE
S02213,99.75,2,2.14,1.84,6,82.06,5.21,12.73,NORMAL
S02214,70.09,1,153.77,0.0,4,63.01,1.49,35.5,NO_FACE
S02215,98.59,2,2.57,114.11,4,84.96,10.6,4.44,MULTIPLE_FACES
S02216,16.25,1,521.3,0.0,2,79.08,8.53,12.39,NO_FACE
S02217,99.88,1,1.78,0.0,5,73.08,8.89,18.03,NORMAL
S02218,100.0,1,0.0,0.0,6,68.11,23.02,8.87,NORMAL
S02219,100.0,1,0.0,0.0,6,65.27,28.37,6.36,NORMAL
S02220,96.66,1,3.45,0.0,3,69.81,3.75,26.44,LOOKING_RIGHT
S02221,99.95,1,0.42,0.0,7,31.24,20.62,48.14,LOOKING_RIGHT
S02222,100.0,3,0.0,70.8,3,72.07,6.18,21.75,MULTIPLE_FACES
S02223,99.86,1,1.36,0.0,4,33.05,63.02,3.93,LOOKING_LEFT
S02224,99.48,2,1.44,137.68,4,52.53,32.32,15.15,MULTIPLE_FACES
S02225,100.0,1,0.0,0.0,5,50.61,47.19,2.2,LOOKING_LEFT
S02226,99.68,1,3.21,0.0,12,31.17,50.25,18.58,LOOKING_AWAY
S02227,33.26,2,578.23,0.58,5,58.62,23.24,18.14,NO_FACE
S02228,100.0,1,0.0,0.0,9,45.48,43.53,10.99,LOOKING_LEFT
S02229,100.0,1,0.01,0.0,6,51.83,6.6,41.57,NORMAL
S02230,100.0,2,0.0,64.48,1,87.1,4.49,8.41,MULTIPLE_FACES
S02231,100.0,1,0.0,0.0,3,39.2,5.36,55.44,LOOKING_RIGHT
S02232,31.81,1,49.65,0.0,2,72.81,1.41,25.78,NO_FACE
S02233,100.0,1,0.0,0.0,4,50.35,35.33,14.32,LOOKING_AWAY
S02234,46.63,1,74.97,0.0,4,9.23,53.86,36.91,NO_FACE
S02235,99.99,1,0.08,0.0,6,30.09,8.81,61.1,LOOKING_RIGHT
S02236,99.7,2,2.92,1.73,4,51.02,19.55,29.43,NORMAL
S02237,99.91,1,1.5,0.0,4,66.96,15.29,17.75,NORMAL
S02238,99.94,1,0.68,0.0,6,31.04,48.15,20.81,LOOKING_AWAY
S02239,100.0,1,0.0,0.0,3,71.23,21.08,7.69,NORMAL
S02240,100.0,1,0.0,0.0,2,35.26,14.25,50.49,LOOKING_RIGHT
S02241,99.99,3,0.04,39.94,5,72.56,12.26,15.18,MULTIPLE_FACES
S02242,100.0,1,0.0,0.0,6,44.41,47.15,8.44,LOOKING_LEFT
S02243,99.51,3,5.35,394.76,4,89.01,8.5,2.49,MULTIPLE_FACES
S02244,98.53,2,2.15,38.29,4,59.75,2.61,37.64,MULTIPLE_FACES
S02245,83.62,1,117.26,0.0,2,77.6,19.02,3.38,NO_FACE
S02246,99.51,1,3.33,0.0,4,72.69,1.84,25.47,LOOKING_RIGHT
S02247,99.95,1,0.42,0.0,5,51.1,36.24,12.66,LOOKING_LEFT
S02248,100.0,1,0.0,0.0,0,16.46,40.27,43.27,LOOKING_RIGHT
S02249,99.83,1,1.67,0.0,1,46.76,45.82,7.42,LOOKING_LEFT
S02250,100.0,1,0.0,0.0,1,56.38,15.77,27.85,LOOKING_RIGHT
S02251,99.34,2,8.17,439.7,8,59.0,32.44,8.56,MULTIPLE_FACES
S02252,73.68,1,256.21,0.0,2,76.99,9.87,13.14,NO_FACE
S02253,98.9,1,5.94,0.0,2,59.0,19.0,22.0,LOOKING_RIGHT
S02254,100.0,1,0.0,0.0,4,61.73,6.76,31.51,LOOKING_RIGHT
S02255,100.0,1,0.0,0.0,3,55.27,15.1,29.63,LOOKING_RIGHT
S02256,99.8,1,1.3,0.0,3,27.62,16.28,56.1,LOOKING_RIGHT
S02257,100.0,1,0.0,0.0,5,36.21,8.81,54.98,LOOKING_AWAY
S02258,96.14,1,3.83,0.0,3,49.44,32.08,18.48,LOOKING_AWAY
S02259,100.0,1,0.0,0.0,1,80.58,17.87,1.55,NORMAL
S02260,100.0,1,0.0,0.0,3,93.43,3.08,3.49,NORMAL
S02261,42.4,1,640.28,0.0,7,1.13,25.17,73.7,NO_FACE
S02262,0.0,0,1652.41,0.0,0,100.0,0.0,0.0,NO_FACE
S02263,100.0,1,0.0,0.0,8,29.06,9.09,61.85,LOOKING_AWAY
S02264,76.03,1,47.58,0.0,4,18.86,44.11,37.03,NO_FACE
S02265,100.0,1,0.0,0.0,2,87.71,0.85,11.44,NORMAL
S02266,100.0,1,0.0,0.0,10,19.06,28.9,52.04,LOOKING_AWAY
S02267,62.63,4,68.55,105.49,2,77.36,1.45,21.19,MULTIPLE_FACES
S02268,100.0,1,0.0,0.0,2,68.18,0.84,30.98,LOOKING_RIGHT
S02269,96.17,1,6.97,0.0,2,72.76,20.85,6.39,NORMAL
S02270,98.72,1,2.6,0.0,6,75.86,8.33,15.81,NORMAL
S02271,100.0,1,0.0,0.0,3,10.06,24.82,65.12,LOOKING_RIGHT
S02272,100.0,2,0.0,0.64,9,9.35,24.4,66.25,LOOKING_AWAY
S02273,54.84,1,11.08,0.0,0,94.01,0.89,5.1,NO_FACE
S02274,99.99,1,0.03,0.0,8,22.58,20.52,56.9,LOOKING_RIGHT
S02275,66.26,2,34.44,36.61,5,81.37,5.9,12.73,MULTIPLE_FACES
S02276,69.21,4,58.3,21.92,2,94.03,2.89,3.08,MULTIPLE_FACES
S02277,99.77,1,2.42,0.0,3,60.5,6.88,32.62,LOOKING_RIGHT
S02278,99.9,2,0.33,71.54,2,78.49,13.2,8.31,MULTIPLE_FACES
S02279,98.2,1,2.91,0.0,6,30.66,57.7,11.64,LOOKING_LEFT
S02280,99.97,3,0.09,22.94,2,59.1,15.78,25.12,MULTIPLE_FACES
S02281,99.7,1,3.78,0.0,2,85.16,9.69,5.15,NORMAL
S02282,100.0,1,0.0,0.0,2,82.32,14.23,3.45,NORMAL
S02283,100.0,1,0.0,0.0,6,9.37,61.15,29.48,LOOKING_LEFT
S02284,79.83,4,119.99,330.89,5,61.82,15.46,22.72,MULTIPLE_FACES
S02285,99.99,1,0.14,0.0,6,82.82,10.41,6.77,NORMAL
S02286,100.0,1,0.0,0.0,5,72.17,7.64,20.19,NORMAL
S02287,99.92,1,0.66,0.0,9,31.25,52.73,16.02,LOOKING_AWAY
S02288,68.9,1,158.95,0.0,3,70.88,26.9,2.22,NO_FACE
S02289,98.0,2,5.19,90.8,4,73.55,18.36,8.09,MULTIPLE_FACES
S02290,100.0,1,0.0,0.0,4,8.75,37.58,53.67,LOOKING_RIGHT
S02291,100.0,1,0.0,0.0,1,80.78,12.22,7.0,NORMAL
S02292,100.0,1,0.0,0.0,6,34.39,22.24,43.37,LOOKING_RIGHT
S02293,99.75,1,0.82,0.0,0,97.81,0.49,1.7,NORMAL
S02294,99.99,1,0.21,0.0,1,89.22,5.53,5.25,NORMAL
S02295,42.02,1,172.19,0.0,12,28.12,69.92,1.96,NO_FACE
S02296,98.66,1,23.74,0.0,5,27.95,51.59,20.46,LOOKING_LEFT
S02297,98.45,1,13.05,0.0,11,41.33,33.03,25.64,LOOKING_AWAY
S02298,99.79,1,0.47,0.0,2,88.98,9.29,1.73,NORMAL
S02299,100.0,1,0.0,0.0,2,48.69,13.75,37.56,LOOKING_AWAY
S02300,98.65,2,1.91,0.33,4,80.37,16.58,3.05,NORMAL
S02301,18.79,1,379.21,0.0,2,84.46,14.82,0.72,NO_FACE
S02302,97.56,2,8.34,87.27,7,62.88,8.08,29.04,MULTIPLE_FACES
S02303,99.67,1,1.96,0.0,1,81.24,11.09,7.67,NORMAL
S02304,99.91,1,0.87,0.0,4,80.26,15.31,4.43,NORMAL
S02305,100.0,1,0.0,0.0,4,69.78,22.0,8.22,LOOKING_LEFT
S02306,96.27,1,5.29,0.0,10,28.88,30.34,40.78,LOOKING_AWAY
S02307,99.85,1,1.79,0.0,2,81.7,4.82,13.48,NORMAL
S02308,95.01,1,4.06,0.0,9,58.44,25.85,15.71,LOOKING_AWAY
S02309,100.0,1,0.0,0.0,13,35.88,49.12,15.0,LOOKING_AWAY
S02310,100.0,1,0.0,0.0,5,40.45,38.34,21.21,LOOKING_LEFT
S02311,99.97,1,0.19,0.0,3,61.68,30.52,7.8,NORMAL
S02312,100.0,1,0.0,0.0,3,44.34,3.11,52.55,LOOKING_RIGHT
S02313,98.09,1,2.37,0.0,4,33.6,64.37,2.03,LOOKING_LEFT
S02314,99.62,1,1.33,0.0,3,11.63,31.76,56.61,LOOKING_RIGHT
S02315,99.87,1,0.65,0.0,6,3.75,91.21,5.04,LOOKING_LEFT
S02316,100.0,1,0.0,0.0,3,29.51,44.8,25.69,LOOKING_LEFT
S02317,99.85,2,0.74,33.72,4,59.81,16.85,23.34,MULTIPLE_FACES
S02318,100.0,1,0.0,0.0,2,91.38,3.05,5.57,NORMAL
S02319,100.0,1,0.0,0.0,1,83.51,12.24,4.25,NORMAL
S02320,99.9,1,0.85,0.0,2,84.04,14.28,1.68,NORMAL
S02321,100.0,1,0.0,0.0,2,58.58,26.39,15.03,LOOKING_LEFT
S02322,100.0,1,0.0,0.0,0,73.71,16.27,10.02,NORMAL
S02323,99.83,1,0.37,0.0,5,61.79,6.81,31.4,NORMAL
S02324,23.68,1,55.13,0.0,3,89.59,3.37,7.04,NO_FACE
S02325,99.99,1,0.05,0.0,10,30.06,23.11,46.83,LOOKING_AWAY
S02326,100.0,1,0.0,0.0,4,9.23,30.59,60.18,LOOKING_RIGHT
S02327,100.0,2,0.0,212.07,4,88.1,10.63,1.27,MULTIPLE_FACES
S02328,12.62,1,95.48,0.0,2,62.4,5.67,31.93,NO_FACE
S02329,100.0,1,0.0,0.0,2,75.76,18.7,5.54,NORMAL
S02330,99.62,1,5.02,0.0,5,90.66,5.21,4.13,NORMAL
S02331,100.0,2,0.0,30.77,4,88.39,8.89,2.72,MULTIPLE_FACES
S02332,100.0,1,0.0,0.0,7,38.96,13.15,47.89,LOOKING_AWAY
S02333,99.98,1,0.07,0.0,6,47.67,18.98,33.35,NORMAL
S02334,100.0,2,0.0,36.94,5,55.53,31.83,12.64,MULTIPLE_FACES
S02335,100.0,2,0.0,147.52,7,53.42,16.69,29.89,MULTIPLE_FACES
S02336,99.8,1,1.13,0.0,3,57.96,30.19,11.85,LOOKING_LEFT
S02337,100.0,3,0.0,3.19,5,79.79,7.04,13.17,MULTIPLE_FACES
S02338,99.55,2,1.84,1.54,3,86.1,12.53,1.37,NORMAL
S02339,73.7,2,77.1,120.51,2,88.33,10.64,1.03,MULTIPLE_FACES
S02340,99.65,1,1.64,0.0,5,69.79,4.5,25.71,NORMAL
S02341,64.07,2,23.56,35.76,5,72.4,5.3,22.3,MULTIPLE_FACES
S02342,100.0,1,0.0,0.0,2,84.98,3.41,11.61,NORMAL
S02343,88.87,1,56.19,0.0,4,77.94,18.4,3.66,NO_FACE
S02344,64.37,2,102.52,92.03,10,50.27,26.69,23.04,MULTIPLE_FACES
S02345,100.0,1,0.0,0.0,2,17.98,51.36,30.66,LOOKING_LEFT
S02346,99.98,1,0.1,0.0,9,1.17,14.26,84.57,LOOKING_RIGHT
S02347,100.0,1,0.0,0.0,3,44.49,21.95,33.56,LOOKING_RIGHT
S02348,99.98,1,0.25,0.0,5,32.14,9.43,58.43,LOOKING_RIGHT
S02349,97.35,1,9.88,0.0,3,81.59,3.65,14.76,NORMAL
S02350,26.42,1,152.78,0.0,3,52.83,22.78,24.39,NO_FACE
S02351,99.06,1,10.88,0.0,7,2.36,32.97,64.67,LOOKING_RIGHT
S02352,0.0,0,122.12,0.0,0,100.0,0.0,0.0,NO_FACE
S02353,100.0,1,0.0,0.0,5,14.35,26.16,59.49,LOOKING_RIGHT
S02354,99.97,1,0.21,0.0,6,47.07,52.13,0.8,LOOKING_LEFT
S02355,99.94,1,0.52,0.0,3,68.38,5.61,26.01,NORMAL
S02356,98.4,3,18.73,395.58,7,64.65,21.98,13.37,MULTIPLE_FACES
S02357,99.99,1,0.07,0.0,2,55.85,9.92,34.23,NORMAL
S02358,100.0,2,0.0,50.98,7,47.28,5.74,46.98,MULTIPLE_FACES
S02359,100.0,1,0.0,0.0,7,0.0,80.39,19.61,LOOKING_LEFT
S02360,100.0,1,0.0,0.0,7,47.21,19.48,33.31,LOOKING_RIGHT
S02361,99.87,1,0.32,0.0,4,59.46,12.61,27.93,LOOKING_RIGHT
S02362,99.89,1,1.56,0.0,0,91.46,3.83,4.71,NORMAL
S02363,99.64,1,5.48,0.0,3,35.15,4.65,60.2,LOOKING_RIGHT
S02364,98.34,1,14.44,0.0,2,41.8,46.86,11.34,LOOKING_LEFT
S02365,20.82,1,390.13,0.0,2,80.76,11.43,7.81,NO_FACE
S02366,100.0,1,0.0,0.0,1,40.73,54.99,4.28,LOOKING_LEFT
S02367,99.84,1,1.61,0.0,6,45.56,22.99,31.45,NORMAL
S02368,22.26,1,497.33,0.0,3,86.75,11.17,2.08,NO_FACE
S02369,99.84,1,1.79,0.0,3,52.88,9.24,37.88,LOOKING_RIGHT
S02370,0.0,0,465.08,0.0,0,100.0,0.0,0.0,NO_FACE
S02371,99.87,2,0.46,1.91,2,90.84,5.3,3.86,NORMAL
S02372,99.76,1,0.22,0.0,9,46.24,16.94,36.82,LOOKING_AWAY
S02373,66.51,1,27.49,0.0,2,33.84,48.83,17.33,NO_FACE
S02374,99.86,2,1.43,1.1,2,61.75,22.93,15.32,MULTIPLE_FACES
S02375,99.8,1,1.98,0.0,3,57.21,23.03,19.76,NORMAL
S02376,100.0,1,0.0,0.0,1,64.3,27.7,8.0,NORMAL
S02377,100.0,2,0.0,42.2,1,66.48,16.94,16.58,MULTIPLE_FACES
S02378,100.0,2,0.0,80.45,5,74.92,7.81,17.27,MULTIPLE_FACES
S02379,99.97,1,0.07,0.0,4,65.89,12.98,21.13,NORMAL
S02380,99.32,1,5.95,0.0,3,38.93,43.65,17.42,LOOKING_LEFT
S02381,100.0,3,0.0,13.86,4,65.21,14.91,19.88,MULTIPLE_FACES
S02382,100.0,1,0.0,0.0,1,86.66,10.05,3.29,NORMAL
S02383,100.0,1,0.0,0.0,2,72.69,3.31,24.0,NORMAL
S02384,100.0,3,0.0,32.91,6,65.45,10.08,24.47,MULTIPLE_FACES
S02385,100.0,1,0.0,0.0,3,77.43,7.85,14.72,NORMAL
S02386,100.0,1,0.0,0.0,9,21.11,1.55,77.34,LOOKING_RIGHT
S02387,100.0,4,0.0,237.16,2,82.09,10.29,7.62,MULTIPLE_FACES
S02388,99.89,1,0.41,0.0,0,91.5,2.46,6.04,NORMAL
S02389,98.87,1,2.53,0.0,3,81.15,10.22,8.63,NORMAL
S02390,28.41,1,15.59,0.0,3,76.82,8.93,14.25,NO_FACE
S02391,51.23,1,460.69,0.0,3,87.48,8.51,4.01,NO_FACE
S02392,60.18,2,85.49,42.53,6,60.57,20.81,18.62,MULTIPLE_FACES
S02393,99.74,1,3.21,0.0,2,44.34,14.3,41.36,LOOKING_RIGHT
S02394,100.0,1,0.0,0.0,4,88.69,10.23,1.08,NORMAL
S02395,100.0,1,0.0,0.0,2,23.54,46.16,30.3,LOOKING_LEFT
S02396,98.59,1,4.98,0.0,8,61.55,21.11,17.34,NORMAL
S02397,99.9,1,0.96,0.0,5,61.95,27.56,10.49,LOOKING_LEFT
S02398,100.0,1,0.0,0.0,4,74.98,3.74,21.28,NORMAL
S02399,99.83,1,1.68,0.0,4,88.06,5.31,6.63,NORMAL
S02400,100.0,1,0.0,0.0,12,42.13,19.93,37.94,LOOKING_AWAY
S02401,99.6,1,1.72,0.0,4,72.08,9.9,18.02,NORMAL
S02402,100.0,1,0.0,0.0,1,56.73,31.38,11.89,NORMAL
S02403,25.45,1,371.16,0.0,1,76.03,18.51,5.46,NO_FACE
S02404,100.0,1,0.0,0.0,13,26.96,28.81,44.23,LOOKING_AWAY
S02405,100.0,2,0.0,119.32,5,71.42,13.59,14.99,MULTIPLE_FACES
S02406,100.0,3,0.0,38.49,5,74.27,14.22,11.51,MULTIPLE_FACES
S02407,100.0,1,0.0,0.0,4,24.04,20.94,55.02,LOOKING_RIGHT
S02408,99.9,1,0.63,0.0,2,93.02,4.36,2.62,NORMAL
S02409,63.75,3,114.16,66.57,2,73.69,17.73,8.58,MULTIPLE_FACES
S02410,99.22,1,0.71,0.0,8,31.46,30.62,37.92,LOOKING_AWAY
S02411,89.33,1,42.62,0.0,2,62.02,35.12,2.86,NO_FACE
S02412,67.62,1,190.9,0.0,2,79.12,13.46,7.42,NO_FACE
S02413,100.0,1,0.0,0.0,2,40.21,10.17,49.62,LOOKING_RIGHT
S02414,100.0,1,0.0,0.0,5,19.49,45.82,34.69,LOOKING_LEFT
S02415,99.36,3,0.66,19.96,3,82.24,11.18,6.58,MULTIPLE_FACES
S02416,13.73,1,284.63,0.0,4,76.7,15.26,8.04,NO_FACE
S02417,99.97,1,0.24,0.0,4,70.33,16.71,12.96,NORMAL
S02418,99.98,1,0.07,0.0,2,83.33,7.07,9.6,NORMAL
S02419,99.94,2,0.45,317.03,3,85.85,7.74,6.41,MULTIPLE_FACES
S02420,100.0,1,0.0,0.0,3,83.44,4.38,12.18,NORMAL
S02421,99.39,3,1.61,43.01,8,34.0,25.73,40.27,MULTIPLE_FACES
S02422,99.47,1,1.55,0.0,8,32.39,13.16,54.45,LOOKING_AWAY
S02423,99.98,2,0.36,1.97,3,35.89,14.49,49.62,LOOKING_RIGHT
S02424,99.67,1,0.99,0.0,3,50.02,13.13,36.85,LOOKING_RIGHT
S02425,100.0,2,0.0,317.75,3,84.84,3.1,12.06,MULTIPLE_FACES
S02426,99.76,2,2.93,1.55,9,33.76,44.25,21.99,LOOKING_LEFT
S02427,100.0,1,0.0,0.0,2,37.88,14.81,47.31,LOOKING_RIGHT
S02428,99.76,1,1.74,0.0,1,83.3,9.92,6.78,NORMAL
S02429,99.95,1,0.38,0.0,4,28.07,14.59,57.34,LOOKING_RIGHT
S02430,99.92,1,1.2,0.0,3,83.16,12.27,4.57,NORMAL
S02431,99.28,1,11.66,0.0,2,82.28,14.47,3.25,NORMAL
S02432,97.83,2,8.25,2.32,2,83.58,9.83,6.59,MULTIPLE_FACES
S02433,100.0,1,0.0,0.0,13,2.0,58.34,39.66,LOOKING_AWAY
S02434,100.0,1,0.0,0.0,7,49.53,35.19,15.28,LOOKING_AWAY
S02435,97.77,2,9.23,111.0,4,54.39,22.51,23.1,MULTIPLE_FACES
S02436,99.92,1,0.82,0.0,4,84.35,3.99,11.66,NORMAL
S02437,95.49,1,13.48,0.0,0,86.03,5.79,8.18,NORMAL
S02438,100.0,1,0.0,0.0,7,41.75,12.25,46.0,LOOKING_RIGHT
S02439,99.72,1,3.81,0.0,4,80.68,12.86,6.46,NORMAL
S02440,100.0,2,0.0,42.1,4,89.94,3.48,6.58,MULTIPLE_FACES
S02441,100.0,2,0.0,167.78,3,76.15,16.91,6.94,MULTIPLE_FACES
S02442,100.0,1,0.0,0.0,5,38.14,6.68,55.18,LOOKING_RIGHT
S02443,99.57,1,1.88,0.0,5,26.78,38.11,35.11,LOOKING_LEFT
S02444,100.0,2,0.0,357.42,4,70.91,9.66,19.43,MULTIPLE_FACES
S02445,31.52,1,169.78,0.0,1,79.21,6.52,14.27,NO_FACE
S02446,100.0,1,0.0,0.0,1,76.44,11.89,11.67,NORMAL
S02447,100.0,1,0.0,0.0,11,26.14,59.46,14.4,LOOKING_AWAY
S02448,100.0,2,0.0,43.63,5,68.79,30.33,0.88,MULTIPLE_FACES
S02449,99.97,1,0.08,0.0,7,3.82,65.57,30.61,LOOKING_AWAY
S02450,100.0,1,0.0,0.0,6,19.41,19.13,61.46,LOOKING_AWAY
S02451,100.0,2,0.0,312.82,2,58.29,25.7,16.01,MULTIPLE_FACES
S02452,100.0,1,0.0,0.0,4,0.0,14.6,85.4,LOOKING_RIGHT
S02453,99.39,1,4.96,0.0,6,15.87,63.31,20.82,LOOKING_AWAY
S02454,100.0,1,0.0,0.0,4,75.29,6.47,18.24,NORMAL
S02455,100.0,1,0.0,0.0,0,60.27,30.31,9.42,LOOKING_LEFT
S02456,7.05,1,505.43,0.0,4,46.17,24.63,29.2,NO_FACE
S02457,99.09,1,6.81,0.0,12,37.7,43.21,19.09,LOOKING_AWAY
S02458,100.0,1,0.0,0.0,4,18.24,38.3,43.46,LOOKING_RIGHT
S02459,67.26,1,62.86,0.0,3,71.34,7.07,21.59,NO_FACE
S02460,99.94,1,0.1,0.0,0,88.81,3.24,7.95,NORMAL
S02461,0.0,0,1346.54,0.0,0,100.0,0.0,0.0,NO_FACE
S02462,99.87,1,0.37,0.0,6,23.18,69.35,7.47,LOOKING_LEFT
S02463,100.0,1,0.0,0.0,13,22.27,26.35,51.38,LOOKING_AWAY
S02464,99.95,1,0.36,0.0,2,81.52,1.88,16.6,NORMAL
S02465,99.8,1,0.93,0.0,4,6.97,4.59,88.44,LOOKING_RIGHT
S02466,100.0,2,0.0,31.33,1,95.57,1.41,3.02,MULTIPLE_FACES
S02467,100.0,1,0.0,0.0,9,3.79,67.71,28.5,LOOKING_AWAY
S02468,21.28,1,133.46,0.0,0,79.97,12.69,7.34,NO_FACE
S02469,100.0,1,0.0,0.0,17,25.98,69.18,4.84,LOOKING_LEFT
S02470,0.0,0,451.29,0.0,0,100.0,0.0,0.0,NO_FACE
S02471,99.67,2,3.14,0.65,5,80.11,5.91,13.98,MULTIPLE_FACES
S02472,99.96,1,0.38,0.0,2,49.89,11.89,38.22,LOOKING_RIGHT
S02473,99.96,3,0.11,78.89,7,71.21,14.17,14.62,MULTIPLE_FACES
S02474,99.29,1,5.75,0.0,2,81.97,4.44,13.59,NORMAL
S02475,63.9,1,22.06,0.0,3,49.58,30.79,19.63,NO_FACE
S02476,99.78,1,0.66,0.0,6,27.34,53.66,19.0,LOOKING_AWAY
S02477,76.26,1,122.77,0.0,2,65.59,12.13,22.28,NO_FACE
S02478,68.52,1,364.97,0.0,3,31.6,43.02,25.38,NO_FACE
S02479,100.0,1,0.0,0.0,2,86.28,10.1,3.62,NORMAL
S02480,99.66,2,3.83,0.54,5,34.7,41.97,23.33,LOOKING_AWAY
S02481,100.0,1,0.0,0.0,11,35.54,27.27,37.19,LOOKING_AWAY
S02482,100.0,3,0.0,499.1,1,73.36,7.37,19.27,MULTIPLE_FACES
S02483,98.65,1,16.29,0.0,1,29.37,67.67,2.96,LOOKING_LEFT
S02484,69.97,1,47.25,0.0,4,3.43,63.8,32.77,NO_FACE
S02485,100.0,3,0.0,133.41,2,68.23,6.67,25.1,MULTIPLE_FACES
S02486,99.95,1,0.82,0.0,5,14.24,73.77,11.99,LOOKING_AWAY
S02487,100.0,1,0.0,0.0,6,14.4,75.14,10.46,LOOKING_LEFT
S02488,100.0,1,0.0,0.0,3,36.1,58.53,5.37,LOOKING_LEFT
S02489,100.0,1,0.0,0.0,9,46.53,22.52,30.95,LOOKING_AWAY
S02490,100.0,1,0.0,0.0,2,80.39,2.28,17.33,NORMAL
S02491,80.8,1,12.7,0.0,1,72.16,8.66,19.18,NO_FACE
S02492,98.38,1,11.34,0.0,2,52.33,29.4,18.27,LOOKING_LEFT
S02493,100.0,1,0.0,0.0,15,12.33,62.78,24.89,LOOKING_AWAY
S02494,99.86,1,0.83,0.0,4,53.39,10.14,36.47,LOOKING_RIGHT
S02495,100.0,2,0.0,246.44,2,84.43,11.73,3.84,MULTIPLE_FACES
S02496,99.21,2,0.93,21.92,7,77.19,21.25,1.56,MULTIPLE_FACES
S02497,100.0,1,0.0,0.0,7,22.41,11.92,65.67,LOOKING_RIGHT
S02498,100.0,1,0.0,0.0,2,65.17,3.63,31.2,LOOKING_RIGHT
S02499,98.69,1,5.85,0.0,4,38.53,26.71,34.76,LOOKING_RIGHT
S02500,99.79,1,0.98,0.0,5,74.84,3.62,21.54,NORMAL
S02501,99.91,2,1.37,498.26,4,43.92,21.48,34.6,MULTIPLE_FACES
S02502,99.81,2,1.39,37.48,4,78.58,19.58,1.84,MULTIPLE_FACES
S02503,100.0,1,0.0,0.0,4,44.8,54.9,0.3,LOOKING_LEFT
S02504,99.37,1,5.07,0.0,6,49.72,10.97,39.31,LOOKING_AWAY
S02505,100.0,1,0.0,0.0,0,89.16,3.94,6.9,NORMAL
S02506,100.0,1,0.0,0.0,9,55.08,24.85,20.07,LOOKING_AWAY
S02507,99.87,1,2.06,0.0,9,20.59,26.48,52.93,LOOKING_RIGHT
S02508,99.85,3,0.84,79.94,11,70.17,2.91,26.92,MULTIPLE_FACES
S02509,74.56,3,78.2,59.41,1,83.76,10.22,6.02,MULTIPLE_FACES
S02510,95.01,1,7.25,0.0,4,71.35,14.05,14.6,NORMAL
S02511,99.97,1,0.42,0.0,1,79.85,5.97,14.18,NORMAL
S02512,100.0,1,0.0,0.0,6,27.04,27.55,45.41,LOOKING_AWAY
S02513,19.27,1,172.66,0.0,3,50.61,18.5,30.89,NO_FACE
S02514,98.72,1,10.1,0.0,1,99.88,0.07,0.05,NORMAL
S02515,55.5,1,511.15,0.0,3,82.43,9.67,7.9,NO_FACE
S02516,100.0,1,0.0,0.0,15,38.31,33.7,27.99,LOOKING_AWAY
S02517,54.42,1,158.67,0.0,4,27.37,51.73,20.9,NO_FACE
S02518,100.0,1,0.0,0.0,5,63.69,7.83,28.48,NORMAL
S02519,100.0,1,0.0,0.0,8,30.2,60.82,8.98,LOOKING_AWAY
S02520,97.36,1,10.43,0.0,12,27.52,59.17,13.31,LOOKING_LEFT
S02521,0.0,0,780.78,0.0,0,100.0,0.0,0.0,NO_FACE
S02522,68.21,1,310.19,0.0,3,85.95,11.29,2.76,NO_FACE
S02523,24.2,1,115.44,0.0,0,84.47,10.81,4.72,NO_FACE
S02524,99.98,2,0.31,78.32,2,79.08,6.1,14.82,MULTIPLE_FACES
S02525,0.0,0,618.11,0.0,0,100.0,0.0,0.0,NO_FACE
S02526,97.42,2,9.13,96.3,7,66.12,24.08,9.8,MULTIPLE_FACES
S02527,24.59,1,141.07,0.0,3,81.75,12.29,5.96,NO_FACE
S02528,99.91,1,1.23,0.0,6,44.43,26.21,29.36,LOOKING_AWAY
S02529,100.0,1,0.0,0.0,0,76.9,14.88,8.22,NORMAL
S02530,100.0,1,0.0,0.0,3,79.15,13.25,7.6,NORMAL
S02531,99.16,1,2.96,0.0,9,23.08,25.65,51.27,LOOKING_AWAY
S02532,26.72,1,129.41,0.0,3,61.95,36.52,1.53,NO_FACE
S02533,99.93,1,0.95,0.0,2,70.53,21.8,7.67,NORMAL
S02534,99.11,1,0.59,0.0,0,72.89,13.26,13.85,NORMAL
S02535,49.7,1,357.06,0.0,2,50.56,47.34,2.1,NO_FACE
S02536,47.46,1,312.66,0.0,5,27.17,36.39,36.44,NO_FACE
S02537,99.94,1,0.12,0.0,1,95.82,0.66,3.52,NORMAL
S02538,99.92,1,0.32,0.0,2,84.07,12.0,3.93,NORMAL
S02539,88.59,1,55.84,0.0,2,77.26,11.96,10.78,NO_FACE
S02540,100.0,1,0.0,0.0,10,7.89,68.23,23.88,LOOKING_AWAY
S02541,98.98,1,3.62,0.0,6,64.74,19.13,16.13,NORMAL
S02542,100.0,1,0.0,0.0,6,44.41,24.29,31.3,LOOKING_AWAY
S02543,99.9,2,0.85,77.83,3,86.92,9.97,3.11,MULTIPLE_FACES
S02544,100.0,2,0.0,1.58,3,0.0,64.21,35.79,LOOKING_LEFT
S02545,99.97,1,0.3,0.0,5,15.48,55.97,28.55,LOOKING_LEFT
S02546,100.0,1,0.0,0.0,0,89.55,1.48,8.97,NORMAL
S02547,70.69,1,207.67,0.0,1,90.85,4.79,4.36,NO_FACE
S02548,99.87,2,0.69,1.67,0,94.6,0.91,4.49,NORMAL
S02549,99.2,1,9.53,0.0,6,73.44,0.35,26.21,NORMAL
S02550,98.5,1,10.26,0.0,12,15.79,57.18,27.03,LOOKING_AWAY
S02551,99.82,1,1.96,0.0,2,73.74,23.58,2.68,NORMAL
S02552,97.45,1,10.04,0.0,3,95.81,2.52,1.67,NORMAL
S02553,98.87,2,1.8,55.31,1,76.95,17.39,5.66,MULTIPLE_FACES
S02554,100.0,1,0.06,0.0,12,18.87,66.3,14.83,LOOKING_AWAY
S02555,100.0,1,0.0,0.0,2,88.22,1.31,10.47,NORMAL
S02556,99.89,1,0.11,0.0,7,45.07,40.26,14.67,LOOKING_LEFT
S02557,100.0,2,0.0,19.76,0,90.88,3.73,5.39,MULTIPLE_FACES
S02558,98.81,2,5.3,23.25,5,62.94,5.64,31.42,MULTIPLE_FACES
S02559,98.92,1,3.39,0.0,1,84.06,10.14,5.8,NORMAL
S02560,100.0,1,0.0,0.0,0,59.42,31.1,9.48,NORMAL
S02561,100.0,2,0.0,0.72,4,74.67,4.0,21.33,MULTIPLE_FACES
S02562,100.0,3,0.0,11.85,2,88.57,4.8,6.63,MULTIPLE_FACES
S02563,100.0,1,0.0,0.0,5,19.74,67.72,12.54,LOOKING_LEFT
S02564,100.0,1,0.0,0.0,4,32.48,53.33,14.19,LOOKING_AWAY
S02565,98.6,1,18.54,0.0,4,80.88,5.94,13.18,NORMAL
S02566,99.95,1,0.75,0.0,8,28.0,20.92,51.08,LOOKING_AWAY
S02567,99.35,1,1.02,0.0,9,17.96,36.53,45.51,LOOKING_AWAY
S02568,100.0,1,0.0,0.0,8,20.59,35.45,43.96,LOOKING_AWAY
S02569,99.43,1,6.12,0.0,10,23.05,14.74,62.21,LOOKING_AWAY
S02570,100.0,2,0.0,2.97,5,66.99,22.59,10.42,MULTIPLE_FACES
S02571,100.0,1,0.0,0.0,2,83.7,11.94,4.36,NORMAL
S02572,100.0,2,0.0,244.9,8,62.95,23.62,13.43,MULTIPLE_FACES
S02573,100.0,1,0.0,0.0,4,27.0,25.34,47.66,LOOKING_RIGHT
S02574,100.0,1,0.0,0.0,3,67.82,1.39,30.79,LOOKING_RIGHT
S02575,99.15,1,8.08,0.0,1,66.95,21.14,11.91,NORMAL
S02576,100.0,1,0.0,0.0,3,72.11,10.27,17.62,NORMAL
S02577,99.96,1,0.25,0.0,12,4.79,50.03,45.18,LOOKING_AWAY
S02578,28.55,1,530.93,0.0,3,50.78,40.56,8.66,NO_FACE
S02579,100.0,1,0.0,0.0,14,8.07,74.0,17.93,LOOKING_AWAY
S02580,99.96,1,0.59,0.0,4,1.9,22.61,75.49,LOOKING_RIGHT
S02581,100.0,2,0.0,91.49,8,68.17,8.24,23.59,MULTIPLE_FACES
S02582,5.6,1,1242.91,0.0,2,64.99,21.52,13.49,NO_FACE
S02583,99.93,1,0.66,0.0,9,16.4,71.37,12.23,LOOKING_LEFT
S02584,99.93,1,0.97,0.0,3,22.25,16.48,61.27,LOOKING_RIGHT
S02585,74.93,1,131.33,0.0,2,56.25,19.14,24.61,NO_FACE
S02586,99.88,2,0.66,1.85,2,61.0,14.04,24.96,MULTIPLE_FACES
S02587,99.76,1,2.63,0.0,3,49.48,18.92,31.6,LOOKING_RIGHT
S02588,99.72,1,2.28,0.0,3,49.47,27.23,23.3,LOOKING_AWAY
S02589,100.0,1,0.0,0.0,5,14.04,23.26,62.7,LOOKING_RIGHT
S02590,99.88,3,1.43,327.66,7,34.0,57.47,8.53,MULTIPLE_FACES
S02591,100.0,1,0.0,0.0,3,57.16,33.54,9.3,NORMAL
S02592,99.44,1,3.5,0.0,2,52.59,38.56,8.85,LOOKING_LEFT
S02593,99.77,1,0.8,0.0,2,92.54,0.64,6.82,NORMAL
S02594,100.0,1,0.0,0.0,2,22.22,33.21,44.57,LOOKING_RIGHT
S02595,70.06,2,140.08,122.22,3,88.9,4.77,6.33,MULTIPLE_FACES
S02596,99.69,3,0.8,125.49,5,46.68,34.93,18.39,MULTIPLE_FACES
S02597,99.04,1,3.01,0.0,6,0.0,69.3,30.7,LOOKING_LEFT
S02598,99.62,1,2.77,0.0,11,31.05,45.21,23.74,LOOKING_AWAY
S02599,100.0,3,0.0,172.97,3,70.57,23.34,6.09,MULTIPLE_FACES
S02600,100.0,1,0.0,0.0,1,83.16,9.78,7.06,NORMAL
S02601,99.96,1,0.36,0.0,0,73.71,7.89,18.4,NORMAL
S02602,100.0,1,0.0,0.0,10,56.35,38.66,4.99,NORMAL
S02603,100.0,2,0.0,0.63,3,37.5,39.0,23.5,LOOKING_LEFT
S02604,18.83,1,161.76,0.0,0,83.68,12.15,4.17,NO_FACE
S02605,99.33,2,1.21,1.72,9,35.71,16.45,47.84,LOOKING_AWAY
S02606,99.98,1,0.15,0.0,5,68.9,18.6,12.5,NORMAL
S02607,99.48,1,1.55,0.0,3,54.31,9.06,36.63,LOOKING_RIGHT
S02608,99.53,1,5.99,0.0,4,52.44,2.05,45.51,LOOKING_RIGHT
S02609,67.21,2,265.4,2.97,2,84.38,1.56,14.06,MULTIPLE_FACES
S02610,99.44,2,1.82,1.75,3,81.54,6.34,12.12,MULTIPLE_FACES
S02611,100.0,1,0.0,0.0,3,85.86,12.04,2.1,NORMAL
S02612,98.82,2,4.95,0.99,4,52.24,19.04,28.72,LOOKING_RIGHT
S02613,98.35,1,5.79,0.0,5,53.4,1.52,45.08,LOOKING_RIGHT
S02614,99.68,2,1.2,164.87,2,90.75,5.43,3.82,MULTIPLE_FACES
S02615,100.0,1,0.0,0.0,4,35.56,5.52,58.92,LOOKING_RIGHT
S02616,100.0,1,0.0,0.0,4,41.36,19.53,39.11,LOOKING_RIGHT
S02617,100.0,1,0.0,0.0,1,72.18,20.08,7.74,NORMAL
S02618,99.91,1,1.2,0.0,5,44.75,2.42,52.83,LOOKING_RIGHT
S02619,71.13,2,157.09,2.24,0,61.87,23.18,14.95,MULTIPLE_FACES
S02620,100.0,1,0.0,0.0,9,38.66,14.65,46.69,LOOKING_AWAY
S02621,99.91,1,0.81,0.0,1,89.39,7.22,3.39,NORMAL
S02622,100.0,2,0.0,0.73,9,45.74,40.96,13.3,MULTIPLE_FACES
S02623,75.18,3,181.92,407.7,4,63.01,10.25,26.74,MULTIPLE_FACES
S02624,88.99,1,167.8,0.0,5,69.82,13.11,17.07,NO_FACE
S02625,100.0,1,0.0,0.0,4,88.85,4.31,6.84,NORMAL
S02626,20.42,1,317.64,0.0,1,67.08,17.36,15.56,NO_FACE
S02627,100.0,1,0.0,0.0,7,28.05,5.55,66.4,LOOKING_RIGHT
S02628,100.0,1,0.0,0.0,0,77.15,20.99,1.86,NORMAL
S02629,99.88,1,0.96,0.0,6,9.05,15.87,75.08,LOOKING_RIGHT
S02630,100.0,1,0.0,0.0,10,6.44,75.99,17.57,LOOKING_AWAY
S02631,99.8,1,1.17,0.0,4,49.85,14.41,35.74,LOOKING_RIGHT
S02632,100.0,1,0.0,0.0,4,62.2,32.42,5.38,LOOKING_LEFT
S02633,98.99,1,4.98,0.0,1,78.86,1.78,19.36,NORMAL
S02634,99.42,1,4.01,0.0,8,9.86,5.76,84.38,LOOKING_RIGHT
S02635,100.0,1,0.0,0.0,5,82.77,1.64,15.59,NORMAL
S02636,100.0,2,0.0,1.06,3,71.02,7.79,21.19,MULTIPLE_FACES
S02637,100.0,1,0.0,0.0,8,20.12,61.62,18.26,LOOKING_AWAY
S02638,93.67,1,10.68,0.0,7,51.05,10.13,38.82,NORMAL
S02639,97.4,1,15.4,0.0,4,21.15,17.57,61.28,LOOKING_RIGHT
S02640,75.36,3,176.77,278.62,1,79.81,5.65,14.54,MULTIPLE_FACES
S02641,100.0,1,0.0,0.0,1,86.5,11.34,2.16,NORMAL
S02642,100.0,2,0.0,97.14,2,68.75,22.81,8.44,MULTIPLE_FACES
S02643,99.97,1,0.36,0.0,2,80.35,6.71,12.94,NORMAL
S02644,100.0,1,0.0,0.0,5,24.15,21.11,54.74,LOOKING_RIGHT
S02645,17.94,1,927.84,0.0,5,90.2,2.93,6.87,NO_FACE
S02646,99.9,1,0.48,0.0,1,83.62,7.67,8.71,NORMAL
S02647,18.21,1,893.33,0.0,5,77.49,13.08,9.43,NO_FACE
S02648,100.0,1,0.0,0.0,4,12.06,21.46,66.48,LOOKING_RIGHT
S02649,100.0,1,0.0,0.0,5,62.6,1.68,35.72,LOOKING_RIGHT
S02650,100.0,2,0.0,389.88,4,78.6,8.93,12.47,MULTIPLE_FACES
S02651,100.0,1,0.0,0.0,5,36.4,47.6,16.0,LOOKING_LEFT
S02652,99.59,1,3.58,0.0,11,34.18,16.13,49.69,LOOKING_AWAY
S02653,99.86,1,1.59,0.0,6,45.0,23.44,31.56,NORMAL
S02654,100.0,1,0.0,0.0,2,62.17,15.83,22.0,LOOKING_RIGHT
S02655,0.0,0,1501.43,0.0,0,100.0,0.0,0.0,NO_FACE
S02656,99.28,1,3.1,0.0,4,92.18,4.81,3.01,NORMAL
S02657,100.0,1,0.0,0.0,4,69.42,12.79,17.79,NORMAL
S02658,100.0,1,0.0,0.0,1,86.08,10.0,3.92,NORMAL
S02659,99.38,1,2.0,0.0,1,30.38,14.58,55.04,LOOKING_RIGHT
S02660,99.86,2,0.4,197.09,5,54.84,25.98,19.18,MULTIPLE_FACES
S02661,20.94,1,529.15,0.0,4,9.04,30.56,60.4,NO_FACE
S02662,100.0,1,0.0,0.0,6,26.94,27.69,45.37,LOOKING_AWAY
S02663,59.55,1,175.71,0.0,1,81.55,1.54,16.91,NO_FACE
S02664,28.98,1,243.86,0.0,6,34.33,24.11,41.56,NO_FACE
S02665,100.0,1,0.0,0.0,4,52.8,36.17,11.03,LOOKING_LEFT
S02666,98.0,1,10.67,0.0,6,51.75,3.2,45.05,LOOKING_RIGHT
S02667,99.95,1,0.2,0.0,1,38.79,27.75,33.46,LOOKING_RIGHT
S02668,100.0,1,0.0,0.0,9,24.86,60.22,14.92,LOOKING_AWAY
S02669,100.0,1,0.0,0.0,4,24.7,69.63,5.67,LOOKING_LEFT
S02670,99.99,2,0.04,96.39,7,73.36,16.56,10.08,MULTIPLE_FACES
S02671,100.0,1,0.0,0.0,7,19.72,59.92,20.36,LOOKING_AWAY
S02672,7.89,1,357.47,0.0,1,64.89,27.11,8.0,NO_FACE
S02673,100.0,1,0.0,0.0,5,95.62,3.16,1.22,NORMAL
S02674,13.94,1,63.04,0.0,2,60.25,34.76,4.99,NO_FACE
S02675,99.95,1,0.3,0.0,3,44.21,49.89,5.9,LOOKING_LEFT
S02676,100.0,1,0.0,0.0,3,71.39,21.77,6.84,NORMAL
S02677,99.87,2,0.52,76.72,2,79.26,14.91,5.83,MULTIPLE_FACES
S02678,99.72,1,0.44,0.0,0,91.95,6.94,1.11,NORMAL
S02679,99.06,2,0.56,28.72,3,78.57,10.45,10.98,MULTIPLE_FACES
S02680,100.0,1,0.0,0.0,1,34.65,49.15,16.2,LOOKING_LEFT
S02681,98.54,1,12.3,0.0,7,42.34,22.18,35.48,LOOKING_AWAY
S02682,100.0,1,0.0,0.0,8,17.68,49.82,32.5,LOOKING_AWAY
S02683,32.0,1,214.19,0.0,1,88.46,1.12,10.42,NO_FACE
S02684,0.0,0,496.72,0.0,0,100.0,0.0,0.0,NO_FACE
S02685,99.88,1,0.22,0.0,6,34.6,45.9,19.5,LOOKING_LEFT
S02686,100.0,1,0.0,0.0,5,9.88,23.99,66.13,LOOKING_RIGHT
S02687,99.94,1,0.32,0.0,6,47.47,29.97,22.56,NORMAL
S02688,97.74,1,18.29,0.0,2,45.98,53.17,0.85,LOOKING_LEFT
S02689,99.73,2,1.89,0.23,2,88.12,2.33,9.55,NORMAL
S02690,99.9,1,0.72,0.0,4,71.18,1.36,27.46,NORMAL
S02691,72.61,2,239.85,243.71,2,92.16,3.06,4.78,MULTIPLE_FACES
S02692,100.0,2,0.01,87.85,4,75.73,16.42,7.85,MULTIPLE_FACES
S02693,98.04,1,4.17,0.0,9,36.64,8.28,55.08,LOOKING_AWAY
S02694,99.99,1,0.08,0.0,2,75.05,22.0,2.95,LOOKING_LEFT
S02695,88.69,1,20.65,0.0,3,65.75,19.37,14.88,NO_FACE
S02696,100.0,1,0.0,0.0,6,62.89,18.81,18.3,NORMAL
S02697,53.71,1,138.35,0.0,0,45.0,24.44,30.56,NO_FACE
S02698,100.0,1,0.0,0.0,3,89.58,1.74,8.68,NORMAL
S02699,100.0,1,0.0,0.0,6,70.96,28.23,0.81,NORMAL
S02700,98.61,1,1.26,0.0,1,87.27,10.93,1.8,NORMAL
S02701,99.86,1,2.44,0.0,2,78.03,9.92,12.05,NORMAL
S02702,99.94,2,0.57,262.47,2,93.1,2.67,4.23,MULTIPLE_FACES
S02703,100.0,1,0.0,0.0,1,94.77,4.27,0.96,NORMAL
S02704,88.43,1,51.31,0.0,3,7.87,3.87,88.26,NO_FACE
S02705,100.0,1,0.0,0.0,1,59.45,5.5,35.05,LOOKING_RIGHT
S02706,99.22,1,3.91,0.0,2,79.64,5.7,14.66,NORMAL
S02707,100.0,3,0.0,305.08,2,84.0,8.62,7.38,MULTIPLE_FACES
S02708,99.97,1,0.16,0.0,4,74.51,3.0,22.49,NORMAL
S02709,100.0,1,0.0,0.0,7,20.03,26.71,53.26,LOOKING_RIGHT
S02710,99.93,2,0.45,1.11,3,90.18,4.89,4.93,MULTIPLE_FACES
S02711,99.76,1,0.46,0.0,8,59.53,5.59,34.88,NORMAL
S02712,99.94,1,0.46,0.0,2,26.72,41.7,31.58,LOOKING_LEFT
S02713,99.73,1,0.49,0.0,1,83.24,2.42,14.34,NORMAL
S02714,97.41,1,7.2,0.0,0,84.05,10.14,5.81,NORMAL
S02715,100.0,1,0.0,0.0,1,76.9,22.74,0.36,NORMAL
S02716,99.82,1,2.13,0.0,3,66.89,15.48,17.63,NORMAL
S02717,100.0,1,0.0,0.0,13,45.38,40.28,14.34,LOOKING_AWAY
S02718,99.66,1,1.79,0.0,6,24.08,9.7,66.22,LOOKING_RIGHT
S02719,100.0,1,0.0,0.0,2,77.36,10.2,12.44,NORMAL
S02720,39.07,1,101.08,0.0,6,17.93,81.03,1.04,NO_FACE
S02721,100.0,1,0.0,0.0,3,73.16,17.36,9.48,NORMAL
S02722,99.9,1,0.23,0.0,5,36.91,50.65,12.44,LOOKING_AWAY
S02723,100.0,1,0.0,0.0,2,67.75,22.0,10.25,LOOKING_LEFT
S02724,99.8,1,1.38,0.0,5,18.23,10.81,70.96,LOOKING_RIGHT
S02725,100.0,1,0.0,0.0,4,53.63,8.5,37.87,LOOKING_RIGHT
S02726,99.49,1,2.48,0.0,1,89.47,0.79,9.74,NORMAL
S02727,100.0,1,0.0,0.0,9,34.06,47.51,18.43,LOOKING_AWAY
S02728,99.9,1,0.64,0.0,0,75.68,23.56,0.76,LOOKING_LEFT
S02729,99.56,1,2.34,0.0,7,75.65,11.86,12.49,NORMAL
S02730,98.69,2,14.45,291.78,1,66.79,7.99,25.22,MULTIPLE_FACES
S02731,46.05,1,125.65,0.0,4,60.11,16.54,23.35,NO_FACE
S02732,100.0,1,0.0,0.0,3,29.53,43.88,26.59,LOOKING_LEFT
S02733,100.0,1,0.0,0.0,1,95.77,2.89,1.34,NORMAL
S02734,99.97,1,0.11,0.0,6,69.94,20.63,9.43,NORMAL
S02735,99.52,1,1.68,0.0,2,95.6,3.46,0.94,NORMAL
S02736,100.0,1,0.0,0.0,7,33.94,42.2,23.86,LOOKING_AWAY
S02737,98.76,1,1.62,0.0,4,86.41,3.61,9.98,NORMAL
S02738,100.0,2,0.0,211.74,2,73.17,23.06,3.77,MULTIPLE_FACES
S02739,67.24,1,71.15,0.0,3,88.79,6.38,4.83,NO_FACE
S02740,100.0,1,0.0,0.0,13,15.03,76.88,8.09,LOOKING_AWAY
S02741,99.74,1,2.63,0.0,7,14.72,6.72,78.56,LOOKING_RIGHT
S02742,99.77,3,1.56,210.68,5,94.33,3.08,2.59,MULTIPLE_FACES
S02743,98.44,1,3.89,0.0,3,43.1,23.59,33.31,LOOKING_RIGHT
S02744,99.79,1,2.12,0.0,3,80.93,11.77,7.3,NORMAL
S02745,100.0,1,0.0,0.0,2,54.6,23.1,22.3,LOOKING_AWAY
S02746,99.37,1,1.14,0.0,3,71.36,4.37,24.27,NORMAL
S02747,89.3,1,17.95,0.0,0,83.54,10.44,6.02,NO_FACE
S02748,99.82,1,1.61,0.0,2,45.0,42.35,12.65,NORMAL
S02749,99.89,1,0.68,0.0,5,26.76,44.3,28.94,LOOKING_LEFT
S02750,99.94,1,0.42,0.0,6,72.25,25.66,2.09,NORMAL
S02751,52.56,1,204.27,0.0,2,37.02,31.48,31.5,NO_FACE
S02752,100.0,1,0.0,0.0,6,24.68,30.16,45.16,LOOKING_AWAY
S02753,100.0,1,0.0,0.0,8,27.23,20.92,51.85,LOOKING_AWAY
S02754,99.74,1,2.54,0.0,8,43.96,21.31,34.73,LOOKING_AWAY
S02755,99.74,1,0.35,0.0,13,53.12,21.17,25.71,LOOKING_AWAY
S02756,99.9,1,0.59,0.0,9,22.99,34.79,42.22,LOOKING_AWAY
S02757,94.71,1,6.49,0.0,8,2.0,89.62,8.38,LOOKING_AWAY
S02758,99.97,1,0.21,0.0,0,64.41,27.18,8.41,NORMAL
S02759,0.0,0,420.22,0.0,0,100.0,0.0,0.0,NO_FACE
S02760,99.84,2,1.02,342.21,3,80.34,11.32,8.34,MULTIPLE_FACES
S02761,71.09,1,44.03,0.0,1,87.92,5.25,6.83,NO_FACE
S02762,100.0,1,0.0,0.0,6,21.52,5.46,73.02,LOOKING_RIGHT
S02763,100.0,2,0.0,92.57,4,70.63,15.63,13.74,MULTIPLE_FACES
S02764,99.93,1,0.82,0.0,10,51.54,45.2,3.26,LOOKING_AWAY
S02765,99.85,1,0.76,0.0,2,56.94,12.49,30.57,LOOKING_RIGHT
S02766,99.57,2,0.83,81.47,5,51.95,17.28,30.77,MULTIPLE_FACES
S02767,100.0,2,0.0,114.85,4,80.13,17.58,2.29,MULTIPLE_FACES
S02768,100.0,1,0.0,0.0,14,18.4,31.18,50.42,LOOKING_AWAY
S02769,100.0,1,0.0,0.0,1,63.23,7.08,29.69,NORMAL
S02770,100.0,1,0.0,0.0,5,72.1,16.19,11.71,NORMAL
S02771,100.0,1,0.0,0.0,6,24.65,7.85,67.5,LOOKING_RIGHT
S02772,99.83,1,1.16,0.0,9,34.25,38.26,27.49,LOOKING_AWAY
S02773,98.19,1,14.3,0.0,1,79.92,12.05,8.03,NORMAL
S02774,57.01,1,117.19,0.0,4,55.26,19.01,25.73,NO_FACE
S02775,99.58,1,2.69,0.0,6,18.17,66.8,15.03,LOOKING_LEFT
S02776,100.0,1,0.0,0.0,1,59.26,5.36,35.38,LOOKING_RIGHT
S02777,100.0,1,0.0,0.0,7,39.32,48.86,11.82,LOOKING_AWAY
S02778,100.0,1,0.0,0.0,1,54.29,42.48,3.23,LOOKING_LEFT
S02779,96.31,1,4.69,0.0,2,88.11,9.31,2.58,NORMAL
S02780,100.0,1,0.0,0.0,4,66.22,28.49,5.29,LOOKING_LEFT
S02781,100.0,2,0.0,25.65,3,83.21,11.44,5.35,MULTIPLE_FACES
S02782,82.43,1,121.14,0.0,2,85.06,5.73,9.21,NO_FACE
S02783,63.33,1,86.9,0.0,1,78.39,14.32,7.29,NO_FACE
S02784,21.53,1,138.71,0.0,4,30.61,13.66,55.73,NO_FACE
S02785,70.2,1,128.47,0.0,3,68.71,17.28,14.01,NO_FACE
S02786,25.67,1,313.73,0.0,2,91.53,8.42,0.05,NO_FACE
S02787,99.95,1,0.58,0.0,2,89.4,8.25,2.35,NORMAL
S02788,78.33,1,19.15,0.0,5,64.59,16.42,18.99,NO_FACE
S02789,99.92,1,0.25,0.0,4,14.37,20.93,64.7,LOOKING_RIGHT
S02790,100.0,1,0.0,0.0,10,2.89,22.25,74.86,LOOKING_AWAY
S02791,98.79,1,8.31,0.0,0,80.79,18.15,1.06,NORMAL
S02792,16.36,1,25.92,0.0,3,75.53,7.51,16.96,NO_FACE
S02793,99.94,1,0.62,0.0,2,76.55,20.67,2.78,NORMAL
S02794,100.0,1,0.0,0.0,4,65.02,27.76,7.22,NORMAL
S02795,64.32,2,148.42,2.53,1,86.97,6.72,6.31,MULTIPLE_FACES
S02796,99.71,1,0.67,0.0,7,21.71,16.49,61.8,LOOKING_AWAY
S02797,99.92,1,0.8,0.0,10,30.36,20.78,48.86,LOOKING_AWAY
S02798,99.69,1,1.76,0.0,4,29.23,61.05,9.72,LOOKING_LEFT
S02799,99.96,1,0.39,0.0,4,74.53,17.73,7.74,NORMAL
S02800,100.0,1,0.0,0.0,8,86.92,8.13,4.95,NORMAL
S02801,73.43,2,48.33,72.72,7,55.04,21.08,23.88,MULTIPLE_FACES
S02802,99.04,1,2.23,0.0,4,46.57,21.12,32.31,LOOKING_AWAY
S02803,98.19,1,3.59,0.0,3,47.37,38.11,14.52,LOOKING_LEFT
S02804,97.88,2,9.44,235.18,2,59.94,19.13,20.93,MULTIPLE_FACES
S02805,99.94,1,0.33,0.0,2,55.44,22.72,21.84,NORMAL
S02806,99.47,1,5.48,0.0,13,18.89,20.17,60.94,LOOKING_AWAY
S02807,99.74,1,1.68,0.0,10,8.67,18.71,72.62,LOOKING_AWAY
S02808,98.58,1,3.13,0.0,2,59.14,3.47,37.39,NORMAL
S02809,100.0,4,0.0,22.26,1,73.65,23.37,2.98,MULTIPLE_FACES
S02810,100.0,1,0.0,0.0,8,31.4,36.58,32.02,LOOKING_AWAY
S02811,98.41,1,8.09,0.0,2,78.23,12.77,9.0,NORMAL
S02812,99.86,2,0.81,256.66,1,92.59,1.42,5.99,MULTIPLE_FACES
S02813,99.59,1,5.82,0.0,3,6.5,29.05,64.45,LOOKING_RIGHT
S02814,99.28,1,2.42,0.0,5,28.53,50.73,20.74,LOOKING_LEFT
S02815,15.06,1,764.05,0.0,1,81.65,15.8,2.55,NO_FACE
S02816,99.58,1,3.4,0.0,9,47.77,7.19,45.04,LOOKING_RIGHT
S02817,100.0,1,0.0,0.0,5,41.29,16.98,41.73,LOOKING_RIGHT
S02818,63.27,1,20.2,0.0,2,75.81,20.5,3.69,NO_FACE
S02819,99.87,1,0.5,0.0,4,71.01,18.97,10.02,NORMAL
S02820,100.0,1,0.0,0.0,0,91.48,4.58,3.94,NORMAL
S02821,99.69,1,0.73,0.0,3,77.57,20.28,2.15,NORMAL
S02822,87.0,1,145.34,0.0,5,61.69,29.83,8.48,NO_FACE
S02823,99.94,1,0.45,0.0,12,2.0,56.13,41.87,LOOKING_AWAY
S02824,100.0,1,0.0,0.0,9,18.3,19.02,62.68,LOOKING_AWAY
S02825,96.14,1,15.06,0.0,6,31.71,17.53,50.76,LOOKING_AWAY
S02826,99.64,1,2.08,0.0,4,50.67,30.9,18.43,LOOKING_LEFT
S02827,100.0,1,0.0,0.0,4,43.23,7.48,49.29,LOOKING_RIGHT
S02828,66.6,2,244.44,67.0,1,87.43,2.66,9.91,MULTIPLE_FACES
S02829,99.88,4,0.14,33.4,3,76.57,5.48,17.95,MULTIPLE_FACES
S02830,100.0,1,0.0,0.0,8,18.67,37.91,43.42,LOOKING_AWAY
S02831,99.09,1,3.79,0.0,5,67.87,8.8,23.33,NORMAL
S02832,99.61,1,3.27,0.0,5,37.57,7.23,55.2,LOOKING_RIGHT
S02833,98.43,1,2.31,0.0,5,62.64,29.11,8.25,NORMAL
S02834,99.9,1,1.59,0.0,9,13.08,57.73,29.19,LOOKING_AWAY
S02835,100.0,2,0.0,2.75,3,88.81,7.92,3.27,MULTIPLE_FACES
S02836,100.0,1,0.0,0.0,5,50.32,18.25,31.43,LOOKING_AWAY
S02837,81.77,1,14.89,0.0,3,64.52,27.82,7.66,NO_FACE
S02838,20.08,1,663.84,0.0,2,35.06,39.03,25.91,NO_FACE
S02839,99.97,1,0.4,0.0,10,39.19,20.67,40.14,LOOKING_AWAY
S02840,100.0,1,0.0,0.0,7,20.47,38.41,41.12,LOOKING_AWAY
S02841,100.0,1,0.0,0.0,9,40.35,14.9,44.75,LOOKING_AWAY
S02842,100.0,1,0.0,0.0,8,33.2,55.59,11.21,LOOKING_LEFT
S02843,85.87,2,15.28,24.2,4,81.5,14.25,4.25,MULTIPLE_FACES
S02844,60.37,2,82.58,239.62,4,74.62,11.41,13.97,MULTIPLE_FACES
S02845,41.8,1,362.86,0.0,1,75.35,23.35,1.3,NO_FACE
S02846,32.59,1,50.64,0.0,0,83.89,11.15,4.96,NO_FACE
S02847,99.98,1,0.16,0.0,6,50.91,31.63,17.46,LOOKING_AWAY
S02848,99.71,1,0.96,0.0,8,43.02,55.08,1.9,LOOKING_LEFT
S02849,62.28,1,167.74,0.0,2,36.95,12.96,50.09,NO_FACE
S02850,100.0,1,0.0,0.0,1,60.8,3.15,36.05,LOOKING_RIGHT
S02851,100.0,1,0.0,0.0,7,10.76,65.95,23.29,LOOKING_LEFT
S02852,79.17,1,107.62,0.0,2,74.3,11.0,14.7,NO_FACE
S02853,89.27,1,36.83,0.0,2,83.53,2.41,14.06,NO_FACE
S02854,69.92,3,117.81,91.85,3,83.51,3.51,12.98,MULTIPLE_FACES
S02855,99.98,1,0.23,0.0,8,45.64,22.74,31.62,LOOKING_AWAY
S02856,76.31,1,206.38,0.0,5,90.48,9.07,0.45,NO_FACE
S02857,98.02,2,3.31,46.22,3,76.84,1.06,22.1,MULTIPLE_FACES
S02858,99.82,1,2.06,0.0,1,85.32,5.59,9.09,NORMAL
S02859,99.96,1,0.39,0.0,0,31.72,52.68,15.6,LOOKING_LEFT
S02860,100.0,1,0.0,0.0,9,25.6,70.71,3.69,LOOKING_AWAY
S02861,99.87,4,1.13,194.31,7,40.62,23.1,36.28,MULTIPLE_FACES
S02862,18.62,1,533.22,0.0,3,57.93,2.77,39.3,NO_FACE
S02863,13.03,1,304.2,0.0,0,81.27,4.46,14.27,NO_FACE
S02864,100.0,1,0.0,0.0,8,71.91,20.09,8.0,NORMAL
S02865,98.9,1,3.64,0.0,2,74.75,18.34,6.91,NORMAL
S02866,99.82,1,1.03,0.0,6,0.0,91.62,8.38,LOOKING_LEFT
S02867,99.72,1,1.25,0.0,2,77.4,13.03,9.57,NORMAL
S02868,100.0,1,0.0,0.0,3,33.78,0.01,66.21,LOOKING_RIGHT
S02869,100.0,1,0.0,0.0,4,33.73,60.15,6.12,LOOKING_LEFT
S02870,0.0,0,1227.83,0.0,0,100.0,0.0,0.0,NO_FACE
S02871,100.0,2,0.0,1.24,3,77.36,5.67,16.97,MULTIPLE_FACES
S02872,99.67,1,0.76,0.0,3,67.26,1.91,30.83,NORMAL
S02873,100.0,1,0.0,0.0,3,77.58,4.47,17.95,NORMAL
S02874,99.59,1,1.55,0.0,3,83.13,9.22,7.65,NORMAL
S02875,98.48,1,3.79,0.0,9,29.14,11.76,59.1,LOOKING_AWAY
S02876,0.0,0,1667.86,0.0,0,100.0,0.0,0.0,NO_FACE
S02877,5.42,1,442.98,0.0,2,79.65,19.48,0.87,NO_FACE
S02878,99.98,1,0.24,0.0,1,88.84,0.55,10.61,NORMAL
S02879,99.45,1,2.87,0.0,0,81.82,11.94,6.24,NORMAL
S02880,100.0,1,0.0,0.0,1,76.71,7.53,15.76,NORMAL
S02881,100.0,1,0.0,0.0,6,65.25,19.59,15.16,NORMAL
S02882,100.0,1,0.0,0.0,1,73.46,12.48,14.06,NORMAL
S02883,99.64,1,1.62,0.0,2,34.07,35.77,30.16,LOOKING_LEFT
S02884,99.8,1,1.24,0.0,5,31.49,39.98,28.53,LOOKING_LEFT
S02885,64.84,2,134.02,2.74,4,62.58,29.71,7.71,MULTIPLE_FACES
S02886,68.79,1,388.78,0.0,2,71.13,8.05,20.82,NO_FACE
S02887,41.84,1,433.89,0.0,3,54.75,18.41,26.84,NO_FACE
S02888,82.63,1,63.19,0.0,2,95.13,2.06,2.81,NO_FACE
S02889,100.0,1,0.0,0.0,2,80.32,2.73,16.95,NORMAL
S02890,99.75,4,2.87,511.84,0,95.18,3.23,1.59,MULTIPLE_FACES
S02891,100.0,1,0.0,0.0,1,43.99,44.06,11.95,LOOKING_LEFT
S02892,99.96,2,0.48,216.81,2,89.66,6.86,3.48,MULTIPLE_FACES
S02893,99.29,1,7.89,0.0,4,80.33,11.33,8.34,NORMAL
S02894,100.0,1,0.0,0.0,6,41.54,5.92,52.54,LOOKING_RIGHT
S02895,100.0,1,0.0,0.0,9,22.48,48.45,29.07,LOOKING_AWAY
S02896,99.99,1,0.06,0.0,8,31.62,17.91,50.47,LOOKING_AWAY
S02897,98.68,2,13.49,72.28,3,53.23,46.11,0.66,MULTIPLE_FACES
S02898,100.0,2,0.0,49.94,5,66.24,22.97,10.79,MULTIPLE_FACES
S02899,99.52,1,4.97,0.0,4,54.21,9.52,36.27,NORMAL
S02900,65.31,1,184.25,0.0,3,66.1,17.16,16.74,NO_FACE
S02901,84.56,1,171.06,0.0,1,82.19,8.29,9.52,NO_FACE
S02902,0.0,0,1204.59,0.0,0,100.0,0.0,0.0,NO_FACE
S02903,100.0,1,0.0,0.0,3,0.0,80.44,19.56,LOOKING_LEFT
S02904,100.0,2,0.0,32.7,6,45.4,37.27,17.33,MULTIPLE_FACES
S02905,100.0,1,0.0,0.0,5,13.09,19.11,67.8,LOOKING_RIGHT
S02906,45.2,1,576.4,0.0,2,87.35,6.7,5.95,NO_FACE
S02907,0.0,0,1469.76,0.0,0,100.0,0.0,0.0,NO_FACE
S02908,100.0,1,0.0,0.0,1,58.61,6.75,34.64,LOOKING_RIGHT
S02909,99.89,1,1.57,0.0,1,89.14,9.75,1.11,NORMAL
S02910,99.85,3,1.05,79.82,5,88.81,8.34,2.85,MULTIPLE_FACES
S02911,100.0,1,0.0,0.0,3,58.18,16.26,25.56,NORMAL
S02912,100.0,1,0.0,0.0,1,94.65,3.34,2.01,NORMAL
S02913,100.0,1,0.0,0.0,9,8.67,65.85,25.48,LOOKING_AWAY
S02914,84.11,1,10.17,0.0,5,18.32,57.72,23.96,NO_FACE
S02915,100.0,1,0.0,0.0,1,74.99,5.8,19.21,NORMAL
S02916,73.34,4,141.77,284.03,6,77.58,16.49,5.93,MULTIPLE_FACES
S02917,97.99,1,22.79,0.0,2,52.83,3.42,43.75,LOOKING_RIGHT
S02918,99.42,2,3.13,50.53,6,67.46,11.74,20.8,MULTIPLE_FACES
S02919,100.0,1,0.0,0.0,1,71.72,8.79,19.49,NORMAL
S02920,100.0,1,0.0,0.0,1,63.71,23.74,12.55,LOOKING_LEFT
S02921,100.0,1,0.0,0.0,11,2.0,82.01,15.99,LOOKING_AWAY
S02922,99.62,2,3.64,1.26,3,63.01,34.02,2.97,LOOKING_LEFT
S02923,34.0,1,283.14,0.0,2,28.09,61.82,10.09,NO_FACE
S02924,99.92,1,0.37,0.0,4,91.13,7.4,1.47,NORMAL
S02925,99.78,1,3.03,0.0,2,14.12,27.68,58.2,LOOKING_RIGHT
S02926,100.0,2,0.0,136.18,2,89.91,5.71,4.38,MULTIPLE_FACES
S02927,100.0,2,0.0,96.16,7,54.5,41.26,4.24,MULTIPLE_FACES
S02928,99.84,1,1.29,0.0,2,47.81,37.76,14.43,LOOKING_AWAY
S02929,99.9,1,0.26,0.0,3,74.04,14.71,11.25,NORMAL
S02930,100.0,1,0.0,0.0,9,13.64,19.22,67.14,LOOKING_AWAY
S02931,100.0,1,0.0,0.0,2,66.68,31.59,1.73,NORMAL
S02932,99.64,1,3.77,0.0,5,59.11,36.77,4.12,NORMAL
S02933,97.97,1,4.77,0.0,3,0.0,38.22,61.78,LOOKING_RIGHT
S02934,100.0,2,0.0,77.69,5,65.56,18.6,15.84,MULTIPLE_FACES
S02935,100.0,2,0.0,64.5,6,65.06,30.25,4.69,MULTIPLE_FACES
S02936,100.0,1,0.0,0.0,2,33.34,47.72,18.94,LOOKING_LEFT
S02937,100.0,1,0.0,0.0,2,62.37,0.93,36.7,LOOKING_RIGHT
S02938,100.0,1,0.0,0.0,4,72.48,14.86,12.66,NORMAL
S02939,29.61,1,318.66,0.0,2,73.58,20.84,5.58,NO_FACE
S02940,99.58,1,1.88,0.0,3,80.35,8.31,11.34,NORMAL
S02941,100.0,1,0.0,0.0,1,67.39,17.94,14.67,NORMAL
S02942,52.79,1,15.64,0.0,5,46.84,32.65,20.51,NO_FACE
S02943,99.95,1,0.54,0.0,8,29.58,55.59,14.83,LOOKING_LEFT
S02944,99.59,1,1.51,0.0,10,14.13,61.71,24.16,LOOKING_AWAY
S02945,99.9,1,0.91,0.0,4,93.93,5.02,1.05,NORMAL
S02946,35.14,1,410.61,0.0,2,80.03,10.3,9.67,NO_FACE
S02947,100.0,1,0.0,0.0,6,71.74,11.89,16.37,NORMAL
S02948,81.55,1,213.93,0.0,1,59.06,25.4,15.54,NO_FACE
S02949,99.86,1,1.74,0.0,5,48.66,5.1,46.24,LOOKING_RIGHT
S02950,12.57,1,788.03,0.0,7,51.35,37.67,10.98,NO_FACE
S02951,99.75,1,0.65,0.0,3,2.5,42.19,55.31,LOOKING_RIGHT
S02952,100.0,4,0.0,289.54,6,74.53,16.04,9.43,MULTIPLE_FACES
S02953,99.92,1,1.24,0.0,7,28.42,64.0,7.58,LOOKING_LEFT
S02954,99.94,1,0.19,0.0,2,40.65,47.23,12.12,LOOKING_LEFT
S02955,99.76,1,0.76,0.0,3,59.37,16.23,24.4,NORMAL
S02956,96.08,1,7.55,0.0,5,40.97,39.78,19.25,LOOKING_LEFT
S02957,100.0,1,0.0,0.0,4,27.06,13.1,59.84,LOOKING_RIGHT
S02958,66.02,1,110.95,0.0,1,86.59,6.73,6.68,NO_FACE
S02959,100.0,1,0.0,0.0,9,33.85,29.65,36.5,LOOKING_AWAY
S02960,99.79,1,1.62,0.0,1,66.24,18.08,15.68,NORMAL
S02961,99.9,1,1.71,0.0,14,18.36,63.11,18.53,LOOKING_AWAY
S02962,99.99,1,0.02,0.0,4,34.69,46.68,18.63,LOOKING_AWAY
S02963,100.0,1,0.0,0.0,6,39.09,57.81,3.1,LOOKING_LEFT
S02964,81.34,1,68.9,0.0,0,63.61,23.11,13.28,NO_FACE
S02965,98.92,1,4.96,0.0,14,35.77,23.26,40.97,LOOKING_AWAY
S02966,100.0,1,0.0,0.0,2,81.6,5.68,12.72,NORMAL
S02967,78.6,1,43.61,0.0,2,79.62,15.77,4.61,NO_FACE
S02968,99.53,1,2.57,0.0,4,28.34,7.62,64.04,LOOKING_RIGHT
S02969,99.46,1,2.14,0.0,6,47.16,49.3,3.54,LOOKING_LEFT
S02970,99.98,2,0.28,75.1,1,95.67,2.75,1.58,MULTIPLE_FACES
S02971,100.0,1,0.0,0.0,4,27.75,65.86,6.39,LOOKING_LEFT
S02972,99.83,2,0.75,1.09,4,43.11,50.73,6.16,MULTIPLE_FACES
S02973,99.88,1,1.01,0.0,5,46.5,48.01,5.49,LOOKING_LEFT
S02974,100.0,2,0.0,268.49,6,53.75,20.85,25.4,MULTIPLE_FACES
S02975,79.57,3,90.5,1.94,2,80.43,19.42,0.15,MULTIPLE_FACES
S02976,48.92,1,430.35,0.0,3,70.88,10.95,18.17,NO_FACE
S02977,100.0,1,0.0,0.0,5,9.9,16.64,73.46,LOOKING_RIGHT
S02978,100.0,1,0.0,0.0,5,45.0,27.78,27.22,NORMAL
S02979,98.89,2,4.07,1.76,0,93.81,2.52,3.67,NORMAL
S02980,99.69,1,1.88,0.0,4,79.57,4.59,15.84,NORMAL
S02981,98.05,1,13.04,0.0,2,0.61,66.33,33.06,LOOKING_LEFT
S02982,100.0,1,0.0,0.0,11,22.64,38.88,38.48,LOOKING_AWAY
S02983,99.94,2,0.12,55.7,2,81.1,1.09,17.81,MULTIPLE_FACES
S02984,100.0,1,0.0,0.0,3,32.81,48.33,18.86,LOOKING_LEFT
S02985,98.93,1,0.72,0.0,2,67.9,13.02,19.08,NORMAL
S02986,99.48,1,0.75,0.0,5,55.95,11.48,32.57,LOOKING_RIGHT
S02987,99.92,1,0.52,0.0,4,43.0,23.17,33.83,LOOKING_RIGHT
S02988,99.98,1,0.08,0.0,1,89.37,2.22,8.41,NORMAL
S02989,99.33,2,0.67,1.27,1,80.37,5.5,14.13,MULTIPLE_FACES
S02990,100.0,1,0.0,0.0,4,87.6,2.59,9.81,NORMAL
S02991,99.94,1,0.66,0.0,9,32.96,44.67,22.37,LOOKING_AWAY
S02992,85.6,1,121.58,0.0,2,62.34,16.96,20.7,NO_FACE
S02993,99.43,1,2.17,0.0,4,62.93,15.07,22.0,LOOKING_RIGHT
S02994,100.0,1,0.0,0.0,3,75.5,6.66,17.84,NORMAL
S02995,99.71,1,2.39,0.0,8,0.0,80.44,19.56,LOOKING_LEFT
S02996,99.96,1,0.25,0.0,4,15.89,23.7,60.41,LOOKING_RIGHT
S02997,99.69,1,3.12,0.0,0,93.85,1.01,5.14,NORMAL
S02998,84.23,1,28.75,0.0,2,61.49,24.84,13.67,NO_FACE
S02999,99.43,1,1.78,0.0,2,22.33,48.58,29.09,LOOKING_LEFT
S03000,100.0,2,0.0,78.18,3,61.65,3.04,35.31,MULTIPLE_FACES
S03001,100.0,1,0.0,0.0,13,48.88,23.05,28.07,LOOKING_AWAY
S03002,81.99,1,13.18,0.0,3,21.12,63.9,14.98,NO_FACE
S03003,100.0,1,0.0,0.0,3,45.47,13.35,41.18,LOOKING_RIGHT
S03004,100.0,1,0.0,0.0,3,63.27,8.91,27.82,NORMAL
S03005,100.0,2,0.0,207.73,5,65.1,8.12,26.78,MULTIPLE_FACES
S03006,94.82,1,14.74,0.0,2,74.53,24.01,1.46,LOOKING_LEFT
S03007,75.94,1,182.95,0.0,1,86.35,9.07,4.58,NO_FACE
S03008,99.61,1,5.93,0.0,2,91.69,5.31,3.0,NORMAL
S03009,99.87,2,0.99,2.15,5,54.71,32.86,12.43,MULTIPLE_FACES
S03010,100.0,1,0.0,0.0,2,41.14,49.3,9.56,LOOKING_LEFT
S03011,100.0,1,0.0,0.0,8,0.0,80.81,19.19,LOOKING_LEFT
S03012,99.96,2,0.4,425.16,7,70.84,7.01,22.15,MULTIPLE_FACES
S03013,0.0,0,1220.69,0.0,0,100.0,0.0,0.0,NO_FACE
S03014,49.73,1,283.62,0.0,1,73.13,16.16,10.71,NO_FACE
S03015,100.0,1,0.0,0.0,7,64.74,7.27,27.99,NORMAL
S03016,100.0,1,0.0,0.0,0,89.28,3.27,7.45,NORMAL
S03017,78.56,2,30.72,9.78,2,82.16,7.8,10.04,MULTIPLE_FACES
S03018,98.97,1,13.97,0.0,9,14.46,44.29,41.25,LOOKING_AWAY
S03019,100.0,1,0.0,0.0,5,64.88,16.86,18.26,NORMAL
S03020,99.84,1,0.38,0.0,1,28.89,51.37,19.74,LOOKING_LEFT
S03021,99.94,1,0.52,0.0,2,69.29,17.29,13.42,NORMAL
S03022,98.76,1,10.83,0.0,2,36.92,53.18,9.9,LOOKING_LEFT
S03023,99.99,3,0.2,226.06,5,61.57,14.99,23.44,MULTIPLE_FACES
S03024,99.96,1,0.12,0.0,6,11.48,35.42,53.1,LOOKING_AWAY
S03025,100.0,1,0.0,0.0,1,12.53,50.6,36.87,LOOKING_LEFT
S03026,100.0,1,0.0,0.0,0,36.11,38.77,25.12,LOOKING_LEFT
S03027,99.92,1,1.25,0.0,9,21.16,58.7,20.14,LOOKING_AWAY
S03028,99.56,1,2.18,0.0,6,43.62,20.01,36.37,LOOKING_AWAY
S03029,100.0,1,0.0,0.0,5,46.55,27.58,25.87,LOOKING_AWAY
S03030,100.0,2,0.0,309.22,3,66.55,2.36,31.09,MULTIPLE_FACES
S03031,97.35,1,9.16,0.0,3,85.2,10.75,4.05,NORMAL
S03032,100.0,1,0.0,0.0,2,69.16,27.44,3.4,NORMAL
S03033,98.28,1,22.31,0.0,7,0.0,70.43,29.57,LOOKING_LEFT
S03034,30.61,1,297.94,0.0,7,41.94,46.4,11.66,NO_FACE
S03035,100.0,1,0.0,0.0,13,25.34,24.72,49.94,LOOKING_AWAY
S03036,100.0,1,0.0,0.0,6,26.55,57.67,15.78,LOOKING_LEFT
S03037,94.52,1,9.78,0.0,1,79.33,9.8,10.87,NORMAL
S03038,100.0,2,0.0,175.85,4,72.17,27.16,0.67,MULTIPLE_FACES
S03039,100.0,1,0.0,0.0,13,10.79,50.23,38.98,LOOKING_AWAY
S03040,100.0,3,0.0,117.45,5,55.77,30.37,13.86,MULTIPLE_FACES
S03041,100.0,1,0.0,0.0,1,79.8,7.39,12.81,NORMAL
S03042,100.0,1,0.0,0.0,5,25.62,7.28,67.1,LOOKING_RIGHT
S03043,78.15,1,24.6,0.0,3,48.15,6.02,45.83,NO_FACE
S03044,99.9,1,1.12,0.0,0,97.71,0.16,2.13,NORMAL
S03045,100.0,1,0.0,0.0,4,24.08,51.8,24.12,LOOKING_LEFT
S03046,100.0,1,0.0,0.0,11,38.85,10.36,50.79,LOOKING_AWAY
S03047,0.0,0,1406.44,0.0,0,100.0,0.0,0.0,NO_FACE
S03048,100.0,1,0.0,0.0,1,85.29,6.08,8.63,NORMAL
S03049,100.0,2,0.0,320.02,1,80.78,6.94,12.28,MULTIPLE_FACES
S03050,7.05,1,224.82,0.0,2,83.99,2.88,13.13,NO_FACE
S03051,100.0,3,0.0,105.13,4,70.32,18.65,11.03,MULTIPLE_FACES
S03052,100.0,1,0.0,0.0,5,40.06,27.79,32.15,LOOKING_AWAY
S03053,99.83,1,1.83,0.0,0,89.99,1.79,8.22,NORMAL
S03054,76.07,1,37.09,0.0,5,50.56,28.43,21.01,NO_FACE
S03055,9.54,1,191.72,0.0,5,62.36,26.9,10.74,NO_FACE
S03056,99.8,1,1.11,0.0,5,80.73,0.75,18.52,NORMAL
S03057,99.93,1,0.33,0.0,6,10.78,72.29,16.93,LOOKING_LEFT
S03058,51.78,1,142.2,0.0,3,75.68,4.8,19.52,NO_FACE
S03059,98.96,1,4.46,0.0,6,49.57,23.16,27.27,LOOKING_RIGHT
S03060,99.97,1,0.42,0.0,2,18.14,63.29,18.57,LOOKING_LEFT
S03061,100.0,2,0.0,2.17,3,58.92,19.16,21.92,MULTIPLE_FACES
S03062,98.31,1,7.75,0.0,2,33.8,56.1,10.1,LOOKING_LEFT
S03063,97.4,1,9.09,0.0,4,45.91,1.91,52.18,LOOKING_RIGHT
S03064,100.0,1,0.0,0.0,1,83.28,12.01,4.71,NORMAL
S03065,98.22,1,6.81,0.0,5,35.36,54.14,10.5,LOOKING_LEFT
S03066,100.0,1,0.0,0.0,4,88.24,11.51,0.25,NORMAL
S03067,17.14,1,158.64,0.0,8,61.32,15.24,23.44,NO_FACE
S03068,100.0,1,0.0,0.0,3,26.86,10.43,62.71,LOOKING_RIGHT
S03069,99.8,1,1.07,0.0,3,51.32,19.81,28.87,NORMAL
S03070,99.76,1,1.28,0.0,6,27.22,1.82,70.96,LOOKING_RIGHT
S03071,100.0,1,0.0,0.0,4,6.35,71.71,21.94,LOOKING_AWAY
S03072,37.14,1,154.23,0.0,2,59.83,29.26,10.91,NO_FACE
S03073,99.88,2,1.47,1.2,3,85.69,4.73,9.58,MULTIPLE_FACES
S03074,98.39,2,9.02,1.71,1,40.81,47.85,11.34,LOOKING_LEFT
S03075,100.0,1,0.0,0.0,1,63.06,10.85,26.09,LOOKING_RIGHT
S03076,0.0,0,1119.86,0.0,0,100.0,0.0,0.0,NO_FACE
S03077,94.57,1,20.92,0.0,14,21.1,37.75,41.15,LOOKING_AWAY
S03078,99.91,1,0.24,0.0,2,44.83,0.38,54.79,LOOKING_RIGHT
S03079,100.0,1,0.0,0.0,12,31.27,29.22,39.51,LOOKING_AWAY
S03080,100.0,2,0.0,40.02,5,66.4,18.39,15.21,MULTIPLE_FACES
S03081,99.95,1,0.47,0.0,0,90.26,2.94,6.8,NORMAL
S03082,99.41,1,1.6,0.0,6,35.02,8.24,56.74,LOOKING_AWAY
S03083,73.88,2,141.86,227.34,3,77.75,11.37,10.88,MULTIPLE_FACES
S03084,99.37,2,1.67,2.53,6,73.35,17.72,8.93,MULTIPLE_FACES
S03085,0.0,0,1796.56,0.0,0,100.0,0.0,0.0,NO_FACE
S03086,99.95,1,0.07,0.0,1,88.56,2.2,9.24,NORMAL
S03087,100.0,1,0.0,0.0,5,53.65,42.28,4.07,LOOKING_LEFT
S03088,100.0,1,0.01,0.0,6,6.9,79.45,13.65,LOOKING_LEFT
S03089,100.0,2,0.0,96.66,4,81.48,8.13,10.39,MULTIPLE_FACES
S03090,62.72,1,283.72,0.0,4,86.64,1.48,11.88,NO_FACE
S03091,0.0,0,1568.74,0.0,0,100.0,0.0,0.0,NO_FACE
S03092,85.34,1,177.88,0.0,4,13.0,20.57,66.43,NO_FACE
S03093,99.94,1,0.59,0.0,8,11.98,12.09,75.93,LOOKING_RIGHT
S03094,100.0,1,0.0,0.0,2,86.08,10.23,3.69,NORMAL
S03095,99.54,1,1.12,0.0,4,29.63,5.85,64.52,LOOKING_RIGHT
S03096,99.06,1,3.46,0.0,0,61.21,9.48,29.31,LOOKING_RIGHT
S03097,99.75,2,3.88,116.67,4,86.85,2.84,10.31,MULTIPLE_FACES
S03098,100.0,1,0.0,0.0,5,35.51,45.16,19.33,LOOKING_LEFT
S03099,97.97,1,13.67,0.0,5,16.67,69.34,13.99,LOOKING_LEFT
S03100,99.99,1,0.12,0.0,2,69.46,4.82,25.72,NORMAL
S03101,98.89,1,9.75,0.0,3,74.71,19.18,6.11,NORMAL
S03102,100.0,3,0.01,108.27,2,70.75,7.58,21.67,MULTIPLE_FACES
S03103,100.0,1,0.0,0.0,7,23.81,31.95,44.24,LOOKING_AWAY
S03104,98.32,1,17.96,0.0,2,89.92,4.72,5.36,NORMAL
S03105,100.0,1,0.0,0.0,4,93.32,4.85,1.83,NORMAL
S03106,87.66,1,67.82,0.0,3,51.43,38.09,10.48,NO_FACE
S03107,99.95,3,0.5,283.05,1,87.53,3.37,9.1,MULTIPLE_FACES
S03108,100.0,2,0.0,2.4,5,79.48,12.87,7.65,MULTIPLE_FACES
S03109,100.0,3,0.0,49.14,2,67.26,6.29,26.45,MULTIPLE_FACES
S03110,99.62,1,2.07,0.0,1,9.74,35.36,54.9,LOOKING_RIGHT
S03111,100.0,1,0.0,0.0,4,86.33,8.48,5.19,NORMAL
S03112,99.79,1,1.74,0.0,6,58.25,28.32,13.43,NORMAL
S03113,99.98,1,0.16,0.0,8,20.85,16.87,62.28,LOOKING_AWAY
S03114,99.85,1,0.59,0.0,3,52.37,12.4,35.23,LOOKING_RIGHT
S03115,99.75,1,1.58,0.0,3,28.47,50.15,21.38,LOOKING_LEFT
S03116,99.55,1,1.81,0.0,13,26.56,45.33,28.11,LOOKING_AWAY
S03117,100.0,2,0.0,45.07,7,42.39,27.23,30.38,MULTIPLE_FACES
S03118,99.6,1,0.9,0.0,3,61.78,7.92,30.3,NORMAL
S03119,99.97,1,0.15,0.0,11,29.89,48.32,21.79,LOOKING_AWAY
S03120,99.9,1,1.41,0.0,1,85.23,10.3,4.47,NORMAL
S03121,100.0,1,0.0,0.0,13,34.06,58.79,7.15,LOOKING_AWAY
S03122,100.0,2,0.0,0.87,3,47.98,24.31,27.71,LOOKING_RIGHT
S03123,99.37,1,9.91,0.0,15,40.22,44.83,14.95,LOOKING_AWAY
S03124,99.9,1,1.43,0.0,10,53.2,9.65,37.15,NORMAL
S03125,98.36,1,8.89,0.0,8,52.58,31.48,15.94,LOOKING_AWAY
S03126,100.0,1,0.0,0.0,2,61.62,22.0,16.38,LOOKING_LEFT
S03127,69.68,1,309.55,0.0,2,64.97,20.37,14.66,NO_FACE
S03128,100.0,2,0.0,0.98,5,19.44,65.25,15.31,LOOKING_LEFT
S03129,100.0,1,0.0,0.0,9,47.13,26.07,26.8,LOOKING_AWAY
S03130,100.0,1,0.0,0.0,0,34.37,0.95,64.68,LOOKING_RIGHT
S03131,99.96,1,0.25,0.0,0,80.49,5.55,13.96,NORMAL
S03132,100.0,1,0.0,0.0,4,51.52,22.74,25.74,LOOKING_RIGHT
S03133,100.0,1,0.0,0.0,4,63.43,31.62,4.95,NORMAL
S03134,99.97,1,0.28,0.0,6,25.6,30.97,43.43,LOOKING_AWAY
S03135,84.07,1,16.33,0.0,1,94.48,1.41,4.11,NO_FACE
S03136,100.0,1,0.0,0.0,4,92.53,2.84,4.63,NORMAL
S03137,99.51,1,0.38,0.0,5,63.5,29.65,6.85,NORMAL
S03138,0.0,0,600.13,0.0,0,100.0,0.0,0.0,NO_FACE
S03139,95.97,2,11.85,15.11,4,72.57,15.8,11.63,MULTIPLE_FACES
S03140,99.93,1,0.31,0.0,12,37.57,35.88,26.55,LOOKING_AWAY
S03141,100.0,1,0.0,0.0,6,56.77,36.06,7.17,LOOKING_AWAY
S03142,99.32,2,2.04,101.01,4,82.83,7.39,9.78,MULTIPLE_FACES
S03143,100.0,1,0.0,0.0,6,64.29,8.25,27.46,LOOKING_RIGHT
S03144,99.53,1,1.29,0.0,5,9.9,82.22,7.88,LOOKING_LEFT
S03145,99.85,1,0.3,0.0,9,35.89,21.02,43.09,LOOKING_AWAY
S03146,5.49,1,461.81,0.0,6,33.6,23.28,43.12,NO_FACE
S03147,100.0,1,0.0,0.0,3,41.99,9.78,48.23,LOOKING_RIGHT
S03148,99.89,1,1.11,0.0,0,16.63,39.85,43.52,LOOKING_RIGHT
S03149,12.72,1,323.81,0.0,2,66.47,3.37,30.16,NO_FACE
S03150,99.43,1,1.9,0.0,3,69.99,23.37,6.64,NORMAL
S03151,99.97,1,0.34,0.0,7,67.97,15.86,16.17,NORMAL
S03152,99.82,2,1.82,306.56,0,79.38,16.41,4.21,MULTIPLE_FACES
S03153,99.8,1,1.2,0.0,2,85.42,5.16,9.42,NORMAL
S03154,100.0,1,0.0,0.0,4,83.03,13.97,3.0,NORMAL
S03155,100.0,1,0.0,0.0,10,2.2,70.76,27.04,LOOKING_LEFT
S03156,100.0,1,0.0,0.0,6,37.53,41.71,20.76,LOOKING_AWAY
S03157,100.0,1,0.0,0.0,7,24.17,59.86,15.97,LOOKING_LEFT
S03158,100.0,2,0.0,404.58,7,59.91,38.29,1.8,MULTIPLE_FACES
S03159,79.06,2,118.62,1.65,7,71.24,15.09,13.67,MULTIPLE_FACES
S03160,100.0,1,0.0,0.0,8,41.73,0.56,57.71,LOOKING_RIGHT
S03161,98.22,2,8.92,0.41,9,31.08,24.64,44.28,LOOKING_AWAY
S03162,99.98,1,0.18,0.0,5,86.63,11.2,2.17,NORMAL
S03163,100.0,1,0.0,0.0,3,3.8,28.93,67.27,LOOKING_RIGHT
S03164,99.84,1,0.79,0.0,2,59.77,17.31,22.92,NORMAL
S03165,99.84,1,0.68,0.0,7,12.73,61.64,25.63,LOOKING_AWAY
S03166,100.0,1,0.0,0.0,7,29.47,50.97,19.56,LOOKING_LEFT
S03167,0.0,0,1339.12,0.0,0,100.0,0.0,0.0,NO_FACE
S03168,68.82,2,75.86,158.05,3,94.68,3.34,1.98,MULTIPLE_FACES
S03169,71.9,2,103.88,2.97,1,98.01,0.77,1.22,MULTIPLE_FACES
S03170,40.52,1,143.15,0.0,2,83.21,4.29,12.5,NO_FACE
S03171,100.0,2,0.0,1.19,6,22.82,60.78,16.4,LOOKING_LEFT
S03172,51.29,1,28.65,0.0,0,95.94,1.38,2.68,NO_FACE
S03173,99.83,2,0.46,1.69,5,81.02,8.14,10.84,NORMAL
S03174,99.65,2,2.0,189.09,6,81.35,8.35,10.3,MULTIPLE_FACES
S03175,99.95,1,0.24,0.0,6,47.39,34.69,17.92,LOOKING_AWAY
S03176,99.62,1,1.02,0.0,4,55.82,43.28,0.9,LOOKING_LEFT
S03177,98.87,1,1.39,0.0,0,81.95,2.95,15.1,NORMAL
S03178,100.0,1,0.0,0.0,8,15.31,31.07,53.62,LOOKING_RIGHT
S03179,99.9,1,0.66,0.0,9,17.45,66.02,16.53,LOOKING_AWAY
S03180,100.0,1,0.0,0.0,5,0.0,88.17,11.83,LOOKING_LEFT
S03181,99.51,1,0.7,0.0,3,44.67,22.2,33.13,LOOKING_RIGHT
S03182,98.37,1,4.09,0.0,4,62.44,0.53,37.03,LOOKING_RIGHT
S03183,100.0,1,0.0,0.0,0,88.61,10.8,0.59,NORMAL
S03184,100.0,2,0.0,1.92,1,93.5,0.88,5.62,MULTIPLE_FACES
S03185,100.0,1,0.0,0.0,11,23.8,70.02,6.18,LOOKING_AWAY
S03186,100.0,2,0.0,1.83,1,81.76,15.99,2.25,MULTIPLE_FACES
S03187,100.0,1,0.0,0.0,3,32.6,30.24,37.16,LOOKING_AWAY
S03188,99.82,2,1.59,104.0,3,87.29,1.22,11.49,MULTIPLE_FACES
S03189,99.96,1,0.3,0.0,3,18.92,37.36,43.72,LOOKING_RIGHT
S03190,99.85,1,0.47,0.0,5,3.41,62.19,34.4,LOOKING_LEFT
S03191,99.97,1,0.34,0.0,12,42.66,20.47,36.87,LOOKING_AWAY
S03192,100.0,1,0.0,0.0,1,65.54,2.03,32.43,LOOKING_RIGHT
S03193,61.73,2,118.33,11.03,6,84.67,9.61,5.72,MULTIPLE_FACES
S03194,97.72,1,6.91,0.0,4,44.49,42.48,13.03,LOOKING_AWAY
S03195,100.0,1,0.0,0.0,0,82.64,6.15,11.21,NORMAL
S03196,51.99,1,194.37,0.0,2,57.54,26.84,15.62,NO_FACE
S03197,99.69,1,1.73,0.0,2,48.16,15.77,36.07,LOOKING_AWAY
S03198,99.01,1,10.62,0.0,3,49.9,15.18,34.92,LOOKING_RIGHT
S03199,99.92,1,0.38,0.0,2,91.24,4.03,4.73,NORMAL
S03200,100.0,1,0.0,0.0,6,21.18,13.56,65.26,LOOKING_AWAY
S03201,99.34,1,2.71,0.0,5,78.58,16.8,4.62,NORMAL
S03202,99.86,1,0.99,0.0,5,41.11,47.68,11.21,LOOKING_LEFT
S03203,100.0,1,0.0,0.0,9,27.55,30.99,41.46,LOOKING_AWAY
S03204,0.0,0,383.56,0.0,0,100.0,0.0,0.0,NO_FACE
S03205,99.84,1,0.95,0.0,4,45.0,26.05,28.95,NORMAL
S03206,99.94,1,0.59,0.0,0,59.22,33.78,7.0,LOOKING_LEFT
S03207,100.0,1,0.0,0.0,11,48.73,23.12,28.15,LOOKING_AWAY
S03208,100.0,1,0.0,0.0,9,48.53,31.48,19.99,LOOKING_AWAY
S03209,71.25,1,320.49,0.0,0,61.06,8.64,30.3,NO_FACE
S03210,100.0,2,0.0,360.1,8,62.12,12.1,25.78,MULTIPLE_FACES
S03211,100.0,2,0.0,0.95,8,47.97,4.94,47.09,LOOKING_RIGHT
S03212,100.0,1,0.0,0.0,4,17.67,28.34,53.99,LOOKING_RIGHT
S03213,100.0,1,0.0,0.0,3,80.75,3.16,16.09,NORMAL
S03214,100.0,1,0.0,0.0,3,32.78,39.98,27.24,LOOKING_LEFT
S03215,100.0,1,0.0,0.0,11,16.96,10.39,72.65,LOOKING_AWAY
S03216,99.79,1,1.05,0.0,5,31.07,11.95,56.98,LOOKING_AWAY
S03217,100.0,1,0.0,0.0,1,48.1,12.62,39.28,LOOKING_RIGHT
S03218,99.57,1,1.3,0.0,2,79.95,4.0,16.05,NORMAL
S03219,0.0,0,990.04,0.0,0,100.0,0.0,0.0,NO_FACE
S03220,100.0,1,0.0,0.0,1,84.11,14.55,1.34,NORMAL
S03221,42.48,1,461.82,0.0,2,73.8,7.08,19.12,NO_FACE
S03222,100.0,1,0.0,0.0,0,85.66,4.83,9.51,NORMAL
S03223,98.96,1,1.38,0.0,3,48.54,27.23,24.23,LOOKING_LEFT
S03224,100.0,2,0.0,31.6,7,34.0,62.9,3.1,MULTIPLE_FACES
S03225,99.83,1,1.95,0.0,2,30.72,48.27,21.01,LOOKING_LEFT
S03226,100.0,1,0.0,0.0,1,82.51,11.88,5.61,NORMAL
S03227,99.9,1,0.8,0.0,1,73.79,12.39,13.82,NORMAL
S03228,99.98,2,0.21,157.5,2,63.27,9.17,27.56,MULTIPLE_FACES
S03229,100.0,1,0.0,0.0,4,66.75,30.36,2.89,NORMAL
S03230,99.79,1,3.3,0.0,7,30.86,55.99,13.15,LOOKING_AWAY
S03231,98.55,1,10.45,0.0,6,59.01,35.06,5.93,LOOKING_LEFT
S03232,99.87,2,0.21,28.16,5,77.28,16.62,6.1,MULTIPLE_FACES
S03233,100.0,1,0.0,0.0,13,34.45,41.11,24.44,LOOKING_AWAY
S03234,79.79,1,19.47,0.0,0,87.74,0.74,11.52,NO_FACE
S03235,100.0,1,0.0,0.0,7,23.92,22.62,53.46,LOOKING_RIGHT
S03236,99.97,1,0.16,0.0,5,27.49,18.91,53.6,LOOKING_AWAY
S03237,100.0,1,0.0,0.0,1,39.99,23.11,36.9,LOOKING_RIGHT
S03238,99.33,1,3.93,0.0,12,6.57,47.41,46.02,LOOKING_AWAY
S03239,99.75,1,1.27,0.0,8,38.53,33.07,28.4,LOOKING_AWAY
S03240,99.93,1,0.31,0.0,0,86.01,3.59,10.4,NORMAL
S03241,27.47,1,490.26,0.0,1,84.99,2.21,12.8,NO_FACE
S03242,100.0,1,0.0,0.0,0,93.57,2.17,4.26,NORMAL
S03243,99.54,2,2.47,1.44,3,95.72,2.83,1.45,MULTIPLE_FACES
S03244,58.37,1,114.97,0.0,2,63.68,33.52,2.8,NO_FACE
S03245,99.95,1,0.69,0.0,6,56.76,31.89,11.35,NORMAL
S03246,99.98,1,0.12,0.0,6,28.88,13.62,57.5,LOOKING_RIGHT
S03247,99.71,1,3.38,0.0,4,89.72,2.55,7.73,NORMAL
S03248,100.0,2,0.0,49.34,2,81.66,11.3,7.04,MULTIPLE_FACES
S03249,100.0,1,0.0,0.0,3,59.39,28.19,12.42,LOOKING_LEFT
S03250,99.97,1,0.31,0.0,0,64.46,27.13,8.41,NORMAL
S03251,54.15,1,134.32,0.0,0,85.3,7.22,7.48,NO_FACE
S03252,100.0,1,0.0,0.0,3,65.28,5.08,29.64,NORMAL
S03253,100.0,1,0.0,0.0,2,39.45,55.85,4.7,LOOKING_LEFT
S03254,100.0,2,0.0,1.23,3,81.02,3.77,15.21,MULTIPLE_FACES
S03255,27.51,1,31.5,0.0,6,7.38,56.68,35.94,NO_FACE
S03256,100.0,1,0.0,0.0,5,29.23,49.16,21.61,LOOKING_AWAY
S03257,100.0,2,0.0,21.41,8,67.38,10.23,22.39,MULTIPLE_FACES
S03258,89.11,1,51.3,0.0,3,76.97,18.1,4.93,NO_FACE
S03259,34.97,1,334.36,0.0,2,20.49,8.83,70.68,NO_FACE
S03260,100.0,1,0.0,0.0,0,35.08,5.36,59.56,LOOKING_RIGHT
S03261,100.0,1,0.0,0.0,14,25.82,54.18,20.0,LOOKING_AWAY
S03262,99.65,1,3.18,0.0,6,24.03,52.47,23.5,LOOKING_AWAY
S03263,100.0,1,0.0,0.0,7,44.78,38.59,16.63,LOOKING_LEFT
S03264,100.0,1,0.0,0.0,4,26.3,9.61,64.09,LOOKING_RIGHT
S03265,100.0,1,0.0,0.0,4,58.16,38.71,3.13,LOOKING_LEFT
S03266,100.0,1,0.0,0.0,2,83.83,5.5,10.67,NORMAL
S03267,100.0,1,0.0,0.0,3,18.58,7.2,74.22,LOOKING_RIGHT
S03268,91.26,1,16.37,0.0,5,32.65,54.84,12.51,LOOKING_LEFT
S03269,100.0,1,0.0,0.0,1,29.46,3.84,66.7,LOOKING_RIGHT
S03270,99.65,3,2.66,258.66,2,67.19,12.83,19.98,MULTIPLE_FACES
S03271,99.92,2,0.61,227.2,2,67.18,20.97,11.85,MULTIPLE_FACES
S03272,100.0,1,0.0,0.0,3,39.55,10.99,49.46,LOOKING_RIGHT
S03273,100.0,1,0.0,0.0,4,69.75,8.16,22.09,NORMAL
S03274,100.0,1,0.0,0.0,7,34.04,5.19,60.77,LOOKING_RIGHT
S03275,100.0,1,0.0,0.0,5,45.89,28.6,25.51,LOOKING_LEFT
S03276,98.8,2,7.75,220.82,3,76.01,15.14,8.85,MULTIPLE_FACES
S03277,94.66,1,8.25,0.0,1,72.21,12.06,15.73,NORMAL
S03278,99.74,1,2.21,0.0,3,69.09,7.84,23.07,NORMAL
S03279,98.66,1,14.05,0.0,7,68.74,3.04,28.22,NORMAL
S03280,100.0,1,0.0,0.0,8,17.7,48.75,33.55,LOOKING_AWAY
S03281,81.6,1,19.99,0.0,1,92.38,0.62,7.0,NO_FACE
S03282,45.48,1,121.17,0.0,2,70.53,18.81,10.66,NO_FACE
S03283,100.0,2,0.0,0.4,3,45.19,49.66,5.15,LOOKING_LEFT
S03284,100.0,2,0.0,40.03,0,86.17,4.5,9.33,MULTIPLE_FACES
S03285,100.0,1,0.0,0.0,6,28.38,9.4,62.22,LOOKING_RIGHT
S03286,100.0,1,0.0,0.0,14,33.89,56.36,9.75,LOOKING_AWAY
S03287,81.98,1,48.73,0.0,3,84.8,10.14,5.06,NO_FACE
S03288,99.27,1,1.93,0.0,6,31.36,30.55,38.09,LOOKING_RIGHT
S03289,99.95,1,0.18,0.0,8,25.77,5.87,68.36,LOOKING_RIGHT
S03290,100.0,1,0.0,0.0,7,53.43,37.82,8.75,LOOKING_LEFT
S03291,99.91,1,0.88,0.0,9,30.5,56.54,12.96,LOOKING_AWAY
S03292,58.9,1,119.69,0.0,4,13.06,29.7,57.24,NO_FACE
S03293,99.77,1,0.71,0.0,2,70.73,19.25,10.02,NORMAL
S03294,99.24,1,2.99,0.0,3,12.99,24.34,62.67,LOOKING_RIGHT
S03295,100.0,1,0.0,0.0,2,89.66,6.13,4.21,NORMAL
S03296,100.0,1,0.0,0.0,3,77.99,0.56,21.45,NORMAL
S03297,100.0,1,0.0,0.0,7,21.32,68.61,10.07,LOOKING_AWAY
S03298,100.0,1,0.0,0.0,4,61.77,32.55,5.68,LOOKING_LEFT
S03299,99.67,1,4.32,0.0,6,34.1,30.58,35.32,LOOKING_AWAY
S03300,100.0,1,0.0,0.0,8,36.5,35.09,28.41,LOOKING_AWAY
S03301,99.65,1,2.52,0.0,6,37.23,21.69,41.08,LOOKING_RIGHT
S03302,100.0,2,0.0,330.84,2,94.92,2.91,2.17,MULTIPLE_FACES
S03303,99.99,1,0.05,0.0,12,40.59,53.64,5.77,LOOKING_AWAY
S03304,46.73,1,37.26,0.0,1,75.75,15.14,9.11,NO_FACE
S03305,100.0,1,0.0,0.0,4,32.07,45.98,21.95,LOOKING_LEFT
S03306,99.94,2,0.13,1.43,8,64.11,13.92,21.97,MULTIPLE_FACES
S03307,100.0,1,0.0,0.0,8,35.94,29.14,34.92,LOOKING_AWAY
S03308,100.0,1,0.0,0.0,2,58.81,33.4,7.79,NORMAL
S03309,100.0,2,0.0,72.79,1,85.09,13.97,0.94,MULTIPLE_FACES
S03310,99.1,1,10.45,0.0,7,8.18,45.02,46.8,LOOKING_AWAY
S03311,22.65,1,202.28,0.0,3,79.92,11.01,9.07,NO_FACE
S03312,99.07,1,5.47,0.0,7,30.44,62.18,7.38,LOOKING_LEFT
S03313,98.78,1,3.34,0.0,3,74.96,7.28,17.76,NORMAL
S03314,98.19,1,4.41,0.0,9,27.19,52.85,19.96,LOOKING_AWAY
S03315,99.99,1,0.11,0.0,7,41.33,17.08,41.59,LOOKING_RIGHT
S03316,100.0,1,0.0,0.0,2,50.9,4.04,45.06,LOOKING_RIGHT
S03317,99.51,1,2.98,0.0,4,51.2,29.1,19.7,LOOKING_LEFT
S03318,99.92,3,1.07,320.82,2,86.99,3.37,9.64,MULTIPLE_FACES
S03319,99.96,3,0.51,322.51,2,84.41,4.54,11.05,MULTIPLE_FACES
S03320,100.0,1,0.0,0.0,7,24.57,40.58,34.85,LOOKING_AWAY
S03321,100.0,2,0.0,0.5,3,89.05,8.94,2.01,MULTIPLE_FACES
S03322,100.0,1,0.0,0.0,5,41.69,5.56,52.75,LOOKING_RIGHT
S03323,99.64,1,3.27,0.0,2,93.66,3.26,3.08,NORMAL
S03324,26.91,1,493.23,0.0,4,71.3,11.23,17.47,NO_FACE
S03325,99.86,2,0.72,133.13,1,91.98,3.07,4.95,MULTIPLE_FACES
S03326,0.0,0,1629.92,0.0,0,100.0,0.0,0.0,NO_FACE
S03327,100.0,1,0.0,0.0,5,74.66,2.71,22.63,NORMAL
S03328,73.12,1,97.95,0.0,2,82.57,7.14,10.29,NO_FACE
S03329,22.43,1,663.89,0.0,1,70.04,14.43,15.53,NO_FACE
S03330,98.6,1,12.57,0.0,5,2.55,34.06,63.39,LOOKING_RIGHT
S03331,100.0,1,0.0,0.0,3,26.77,34.48,38.75,LOOKING_RIGHT
S03332,99.97,1,0.24,0.0,8,43.35,19.1,37.55,LOOKING_RIGHT
S03333,100.0,1,0.02,0.0,3,50.45,8.31,41.24,LOOKING_RIGHT
S03334,0.0,0,432.98,0.0,0,100.0,0.0,0.0,NO_FACE
S03335,99.89,1,0.89,0.0,16,22.07,30.77,47.16,LOOKING_AWAY
S03336,100.0,2,0.0,214.05,5,69.86,16.64,13.5,MULTIPLE_FACES
S03337,100.0,1,0.0,0.0,6,9.19,76.04,14.77,LOOKING_LEFT
S03338,99.65,1,3.98,0.0,4,24.03,18.09,57.88,LOOKING_RIGHT
S03339,100.0,2,0.0,482.5,3,83.71,11.99,4.3,MULTIPLE_FACES
S03340,74.03,1,135.74,0.0,4,20.72,33.7,45.58,NO_FACE
S03341,99.09,2,7.88,1.8,3,75.25,2.75,22.0,LOOKING_RIGHT
S03342,99.11,1,0.66,0.0,5,38.39,3.84,57.77,LOOKING_RIGHT
S03343,100.0,1,0.0,0.0,7,35.11,42.8,22.09,LOOKING_AWAY
S03344,99.91,1,0.75,0.0,2,82.14,10.32,7.54,NORMAL
S03345,100.0,2,0.0,344.94,2,79.16,14.25,6.59,MULTIPLE_FACES
S03346,66.36,2,14.21,42.26,5,59.88,35.45,4.67,MULTIPLE_FACES
S03347,100.0,1,0.0,0.0,5,29.2,53.54,17.26,LOOKING_LEFT
S03348,99.85,1,1.04,0.0,6,33.59,58.38,8.03,LOOKING_LEFT
S03349,100.0,2,0.0,31.32,4,97.44,0.41,2.15,MULTIPLE_FACES
S03350,100.0,1,0.0,0.0,3,68.8,9.2,22.0,LOOKING_RIGHT
S03351,100.0,2,0.0,255.39,5,78.37,8.37,13.26,MULTIPLE_FACES
S03352,98.07,1,11.72,0.0,1,82.02,4.15,13.83,NORMAL
S03353,100.0,1,0.0,0.0,1,64.62,29.46,5.92,LOOKING_LEFT
S03354,100.0,1,0.0,0.0,5,27.31,62.31,10.38,LOOKING_LEFT
S03355,99.52,3,4.73,285.56,1,82.61,12.95,4.44,MULTIPLE_FACES
S03356,100.0,1,0.0,0.0,2,82.06,11.9,6.04,NORMAL
S03357,11.63,1,601.55,0.0,3,79.25,12.09,8.66,NO_FACE
S03358,99.8,1,0.72,0.0,3,39.29,52.16,8.55,LOOKING_LEFT
S03359,99.16,2,5.84,0.89,4,65.26,12.06,22.68,MULTIPLE_FACES
S03360,100.0,1,0.0,0.0,0,96.43,0.98,2.59,NORMAL
S03361,72.49,2,35.45,67.52,1,79.08,1.74,19.18,MULTIPLE_FACES
S03362,99.79,2,1.11,1.8,3,86.27,2.88,10.85,MULTIPLE_FACES
S03363,82.85,1,92.61,0.0,7,21.83,34.03,44.14,NO_FACE
S03364,100.0,1,0.0,0.0,6,76.16,11.31,12.53,NORMAL
S03365,84.14,1,211.01,0.0,1,97.45,0.59,1.96,NO_FACE
S03366,99.77,1,1.51,0.0,3,79.25,10.21,10.54,NORMAL
S03367,100.0,1,0.0,0.0,6,60.37,38.94,0.69,LOOKING_LEFT
S03368,99.46,1,4.72,0.0,7,18.03,11.86,70.11,LOOKING_RIGHT
S03369,99.99,2,0.08,288.66,5,83.6,7.45,8.95,MULTIPLE_FACES
S03370,100.0,1,0.0,0.0,1,51.32,47.37,1.31,LOOKING_LEFT
S03371,97.35,1,13.71,0.0,5,66.44,4.61,28.95,NORMAL
S03372,100.0,1,0.0,0.0,4,30.08,15.87,54.05,LOOKING_RIGHT
S03373,13.25,1,870.76,0.0,3,11.85,75.98,12.17,NO_FACE
S03374,99.82,1,1.04,0.0,0,88.13,7.25,4.62,NORMAL
S03375,100.0,1,0.0,0.0,0,66.78,4.68,28.54,NORMAL
S03376,63.69,3,38.44,10.71,4,79.21,6.48,14.31,MULTIPLE_FACES
S03377,74.97,2,37.6,17.95,2,90.49,4.84,4.67,MULTIPLE_FACES
S03378,57.11,1,236.0,0.0,1,85.41,9.32,5.27,NO_FACE
S03379,100.0,1,0.0,0.0,3,89.53,2.0,8.47,NORMAL
S03380,99.58,1,4.21,0.0,5,30.68,7.31,62.01,LOOKING_RIGHT
S03381,32.0,1,220.02,0.0,6,68.83,23.43,7.74,NO_FACE
S03382,100.0,1,0.0,0.0,13,19.86,32.13,48.01,LOOKING_AWAY
S03383,99.81,1,1.74,0.0,13,19.74,26.57,53.69,LOOKING_AWAY
S03384,99.71,1,0.74,0.0,2,59.0,22.0,19.0,LOOKING_LEFT
S03385,100.0,1,0.0,0.0,4,45.0,27.18,27.82,NORMAL
S03386,66.79,2,267.97,120.15,2,80.37,8.37,11.26,MULTIPLE_FACES
S03387,99.73,1,3.45,0.0,4,46.27,2.25,51.48,LOOKING_RIGHT
S03388,45.2,1,256.69,0.0,4,70.83,2.6,26.57,NO_FACE
S03389,64.47,2,48.11,39.4,3,46.83,11.76,41.41,MULTIPLE_FACES
S03390,100.0,1,0.0,0.0,1,89.43,0.24,10.33,NORMAL
S03391,99.65,1,2.63,0.0,0,90.38,3.78,5.84,NORMAL
S03392,25.38,1,332.45,0.0,3,51.34,18.01,30.65,NO_FACE
S03393,100.0,2,0.0,1.66,6,57.82,4.89,37.29,MULTIPLE_FACES
S03394,99.98,1,0.13,0.0,3,68.73,8.45,22.82,NORMAL
S03395,100.0,1,0.0,0.0,1,60.5,16.72,22.78,NORMAL
S03396,53.65,1,206.67,0.0,0,28.93,49.48,21.59,NO_FACE
S03397,6.66,1,209.33,0.0,1,59.32,16.24,24.44,NO_FACE
S03398,99.78,1,1.13,0.0,4,91.43,3.72,4.85,NORMAL
S03399,99.99,2,0.05,129.12,3,79.48,11.92,8.6,MULTIPLE_FACES
S03400,99.63,1,2.86,0.0,4,28.66,61.16,10.18,LOOKING_LEFT
S03401,100.0,1,0.0,0.0,3,62.53,8.56,28.91,LOOKING_RIGHT
S03402,100.0,1,0.0,0.0,5,69.66,25.89,4.45,NORMAL
S03403,99.97,1,0.42,0.0,13,27.76,5.16,67.08,LOOKING_AWAY
S03404,99.99,1,0.06,0.0,1,38.4,11.67,49.93,LOOKING_RIGHT
S03405,99.9,1,0.12,0.0,9,17.77,25.71,56.52,LOOKING_RIGHT
S03406,100.0,1,0.0,0.0,3,59.27,28.27,12.46,NORMAL
S03407,98.14,1,3.9,0.0,14,33.59,51.58,14.83,LOOKING_AWAY
S03408,10.07,1,612.95,0.0,2,1.74,71.79,26.47,NO_FACE
S03409,100.0,2,0.0,88.78,6,50.9,22.1,27.0,MULTIPLE_FACES
S03410,99.92,2,0.66,451.45,2,82.12,16.2,1.68,MULTIPLE_FACES
S03411,100.0,1,0.05,0.0,3,72.49,6.93,20.58,NORMAL
S03412,99.99,2,0.17,563.96,10,63.77,11.05,25.18,MULTIPLE_FACES
S03413,100.0,1,0.0,0.0,4,70.93,22.0,7.07,LOOKING_LEFT
S03414,100.0,1,0.0,0.0,1,96.32,2.04,1.64,NORMAL
S03415,97.56,1,6.44,0.0,3,35.05,48.71,16.24,LOOKING_LEFT
S03416,100.0,2,0.0,0.97,2,93.28,2.82,3.9,MULTIPLE_FACES
S03417,50.91,1,148.99,0.0,3,76.4,2.6,21.0,NO_FACE
S03418,100.0,1,0.0,0.0,1,79.15,18.78,2.07,NORMAL
S03419,100.0,1,0.0,0.0,5,0.0,44.71,55.29,LOOKING_RIGHT
S03420,99.87,1,0.89,0.0,5,18.53,57.67,23.8,LOOKING_AWAY
S03421,100.0,1,0.0,0.0,8,44.82,26.09,29.09,LOOKING_RIGHT
S03422,99.94,2,0.56,89.19,8,62.37,25.36,12.27,MULTIPLE_FACES
S03423,100.0,1,0.0,0.0,10,27.11,46.12,26.77,LOOKING_AWAY
S03424,0.0,0,1241.66,0.0,0,100.0,0.0,0.0,NO_FACE
S03425,99.77,1,2.24,0.0,2,31.88,35.0,33.12,LOOKING_AWAY
S03426,43.77,1,176.4,0.0,4,78.26,4.9,16.84,NO_FACE
S03427,100.0,1,0.0,0.0,4,81.3,1.71,16.99,NORMAL
S03428,32.86,1,429.41,0.0,3,76.8,4.06,19.14,NO_FACE
S03429,99.88,1,0.34,0.0,8,45.58,48.16,6.26,LOOKING_AWAY
S03430,100.0,1,0.0,0.0,11,19.84,28.54,51.62,LOOKING_AWAY
S03431,100.0,1,0.0,0.0,7,29.23,11.86,58.91,LOOKING_RIGHT
S03432,100.0,3,0.0,226.33,1,87.41,3.06,9.53,MULTIPLE_FACES
S03433,99.68,1,4.06,0.0,7,21.34,38.16,40.5,LOOKING_AWAY
S03434,99.86,2,0.55,296.37,5,72.72,21.87,5.41,MULTIPLE_FACES
S03435,99.8,1,2.06,0.0,9,33.18,35.55,31.27,LOOKING_AWAY
S03436,37.66,1,256.62,0.0,2,66.37,10.04,23.59,NO_FACE
S03437,99.28,1,10.25,0.0,3,69.11,5.77,25.12,NORMAL
S03438,99.73,1,2.64,0.0,5,79.68,7.57,12.75,NORMAL
S03439,99.67,2,3.7,514.86,8,60.47,16.47,23.06,MULTIPLE_FACES
S03440,99.87,2,0.99,1.87,2,80.11,11.44,8.45,NORMAL
S03441,100.0,1,0.0,0.0,1,95.49,1.24,3.27,NORMAL
S03442,100.0,1,0.0,0.0,11,29.6,48.86,21.54,LOOKING_AWAY
S03443,98.81,1,12.03,0.0,0,33.57,22.67,43.76,LOOKING_RIGHT
S03444,99.16,1,11.99,0.0,4,68.73,2.63,28.64,NORMAL
S03445,100.0,1,0.0,0.0,2,87.25,7.05,5.7,NORMAL
S03446,99.78,3,1.02,125.52,8,53.18,13.59,33.23,MULTIPLE_FACES
S03447,100.0,1,0.0,0.0,6,44.01,14.21,41.78,LOOKING_RIGHT
S03448,99.89,1,0.63,0.0,8,17.53,62.03,20.44,LOOKING_AWAY
S03449,58.21,1,160.5,0.0,0,61.68,28.16,10.16,NO_FACE
S03450,100.0,1,0.0,0.0,3,90.53,2.41,7.06,NORMAL
S03451,58.37,1,428.42,0.0,1,86.53,7.15,6.32,NO_FACE
S03452,97.96,1,5.29,0.0,2,36.02,10.72,53.26,LOOKING_RIGHT
S03453,99.79,1,0.27,0.0,8,8.49,58.37,33.14,LOOKING_AWAY
S03454,99.84,1,0.37,0.0,2,79.5,3.81,16.69,NORMAL
S03455,99.61,1,5.01,0.0,3,85.72,13.77,0.51,NORMAL
S03456,0.0,0,600.4,0.0,0,100.0,0.0,0.0,NO_FACE
S03457,100.0,1,0.0,0.0,12,2.0,52.85,45.15,LOOKING_AWAY
S03458,99.97,1,0.47,0.0,3,78.18,7.6,14.22,NORMAL
S03459,100.0,1,0.0,0.0,7,35.69,43.56,20.75,LOOKING_AWAY
S03460,99.76,1,1.53,0.0,7,71.1,15.58,13.32,NORMAL
S03461,100.0,1,0.0,0.0,8,52.19,27.64,20.17,NORMAL
S03462,100.0,2,0.0,372.76,8,76.94,18.31,4.75,MULTIPLE_FACES
S03463,66.33,3,149.39,34.36,7,59.36,29.92,10.72,MULTIPLE_FACES
S03464,100.0,1,0.0,0.0,9,54.25,2.93,42.82,LOOKING_AWAY
S03465,100.0,1,0.0,0.0,7,33.49,33.1,33.41,LOOKING_AWAY
S03466,99.52,1,1.1,0.0,3,72.26,21.93,5.81,NORMAL
S03467,99.88,1,0.24,0.0,4,19.81,53.82,26.37,LOOKING_LEFT
S03468,79.56,1,89.34,0.0,2,77.58,6.49,15.93,NO_FACE
S03469,93.67,1,9.95,0.0,9,39.5,23.66,36.84,LOOKING_AWAY
S03470,69.96,1,20.97,0.0,2,66.93,12.99,20.08,NO_FACE
S03471,100.0,1,0.0,0.0,7,19.61,40.42,39.97,LOOKING_AWAY
S03472,0.0,0,1530.77,0.0,0,100.0,0.0,0.0,NO_FACE
S03473,99.11,1,3.6,0.0,2,80.93,5.82,13.25,NORMAL
S03474,89.86,2,12.49,0.5,4,75.11,12.17,12.72,NORMAL
S03475,99.84,1,0.74,0.0,6,68.21,23.5,8.29,NORMAL
S03476,99.96,1,0.57,0.0,8,44.15,36.02,19.83,LOOKING_AWAY
S03477,100.0,1,0.0,0.0,5,30.21,15.04,54.75,LOOKING_RIGHT
S03478,20.47,1,170.13,0.0,5,63.19,22.28,14.53,NO_FACE
S03479,100.0,3,0.0,1.94,2,87.4,5.01,7.59,MULTIPLE_FACES
S03480,100.0,1,0.0,0.0,1,83.51,11.89,4.6,NORMAL
S03481,99.27,1,0.47,0.0,3,47.69,47.0,5.31,LOOKING_LEFT
S03482,69.39,1,103.69,0.0,7,30.11,28.61,41.28,NO_FACE
S03483,99.81,1,0.81,0.0,4,65.49,25.26,9.25,NORMAL
S03484,99.8,2,0.46,103.02,2,84.52,7.16,8.32,MULTIPLE_FACES
S03485,99.85,1,1.35,0.0,5,30.9,58.83,10.27,LOOKING_LEFT
S03486,100.0,2,0.0,107.51,3,94.15,0.84,5.01,MULTIPLE_FACES
S03487,100.0,1,0.0,0.0,4,85.94,0.73,13.33,NORMAL
S03488,37.7,1,197.98,0.0,4,67.39,28.99,3.62,NO_FACE
S03489,100.0,1,0.0,0.0,4,19.53,62.89,17.58,LOOKING_LEFT
S03490,99.38,1,9.01,0.0,6,36.77,27.2,36.03,LOOKING_RIGHT
S03491,86.22,1,56.0,0.0,2,75.42,2.78,21.8,NO_FACE
S03492,99.85,1,1.95,0.0,3,36.84,53.09,10.07,LOOKING_LEFT
S03493,99.34,2,2.17,68.88,4,81.94,13.97,4.09,MULTIPLE_FACES
S03494,100.0,1,0.0,0.0,3,59.34,20.33,20.33,NORMAL
S03495,100.0,1,0.0,0.0,6,31.54,27.17,41.29,LOOKING_AWAY
S03496,99.76,1,0.67,0.0,2,91.89,1.71,6.4,NORMAL
S03497,99.94,1,0.71,0.0,7,31.63,59.5,8.87,LOOKING_LEFT
S03498,100.0,1,0.0,0.0,3,60.39,3.84,35.77,LOOKING_RIGHT
S03499,100.0,2,0.0,224.15,4,87.06,8.03,4.91,MULTIPLE_FACES
S03500,99.88,1,1.41,0.0,9,10.0,11.89,78.11,LOOKING_RIGHT
S03501,100.0,2,0.0,1.14,3,73.21,22.95,3.84,MULTIPLE_FACES
S03502,99.38,1,1.49,0.0,6,53.89,34.79,11.32,LOOKING_AWAY
S03503,100.0,1,0.0,0.0,5,57.36,22.82,19.82,LOOKING_LEFT
S03504,99.65,1,1.12,0.0,4,40.51,31.52,27.97,LOOKING_LEFT
S03505,99.9,1,0.5,0.0,3,80.78,12.01,7.21,NORMAL
S03506,100.0,1,0.0,0.0,2,75.04,15.44,9.52,NORMAL
S03507,99.4,1,1.33,0.0,6,34.65,61.96,3.39,LOOKING_LEFT
S03508,92.65,2,16.91,43.8,4,70.53,24.93,4.54,MULTIPLE_FACES
S03509,99.82,1,2.07,0.0,4,45.0,27.84,27.16,NORMAL
S03510,100.0,1,0.0,0.0,7,49.46,13.23,37.31,LOOKING_RIGHT
S03511,97.74,1,14.2,0.0,1,68.63,2.25,29.12,LOOKING_RIGHT
S03512,73.72,1,253.46,0.0,3,31.05,17.59,51.36,NO_FACE
S03513,99.73,1,0.73,0.0,4,85.57,9.51,4.92,NORMAL
S03514,100.0,2,0.0,187.66,5,88.14,4.3,7.56,MULTIPLE_FACES
S03515,99.58,1,3.69,0.0,7,25.24,52.8,21.96,LOOKING_AWAY
S03516,100.0,1,0.0,0.0,2,46.1,49.77,4.13,LOOKING_LEFT
S03517,100.0,1,0.0,0.0,3,67.28,27.43,5.29,LOOKING_LEFT
S03518,99.79,1,1.9,0.0,1,95.09,1.98,2.93,NORMAL
S03519,31.89,1,564.52,0.0,3,92.05,2.68,5.27,NO_FACE
S03520,99.9,1,1.37,0.0,0,87.11,3.35,9.54,NORMAL
S03521,100.0,1,0.0,0.0,14,18.33,62.54,19.13,LOOKING_AWAY
S03522,99.09,1,4.26,0.0,2,87.45,3.44,9.11,NORMAL
S03523,99.94,1,0.11,0.0,0,82.63,7.44,9.93,NORMAL
S03524,99.67,1,2.73,0.0,3,42.93,4.94,52.13,LOOKING_RIGHT
S03525,100.0,1,0.0,0.0,2,80.63,15.86,3.51,NORMAL
S03526,100.0,1,0.0,0.0,5,28.72,18.88,52.4,LOOKING_RIGHT
S03527,100.0,1,0.0,0.0,3,72.03,18.27,9.7,NORMAL
S03528,79.88,3,21.38,86.58,7,71.25,2.18,26.57,MULTIPLE_FACES
S03529,100.0,1,0.0,0.0,12,22.99,39.3,37.71,LOOKING_AWAY
S03530,100.0,1,0.0,0.0,5,77.47,7.99,14.54,NORMAL
S03531,99.66,1,0.75,0.0,0,39.21,6.97,53.82,LOOKING_RIGHT
S03532,100.0,1,0.0,0.0,12,20.84,68.84,10.32,LOOKING_AWAY
S03533,100.0,1,0.0,0.0,7,27.58,46.66,25.76,LOOKING_LEFT
S03534,100.0,1,0.0,0.0,4,36.03,45.38,18.59,LOOKING_AWAY
S03535,43.89,1,174.75,0.0,0,77.03,5.63,17.34,NO_FACE
S03536,99.6,2,0.76,50.3,6,66.54,19.32,14.14,MULTIPLE_FACES
S03537,100.0,1,0.0,0.0,0,65.95,12.05,22.0,LOOKING_RIGHT
S03538,100.0,1,0.0,0.0,7,35.64,59.73,4.63,LOOKING_AWAY
S03539,99.96,1,0.73,0.0,6,40.78,31.11,28.11,LOOKING_LEFT
S03540,99.24,1,7.17,0.0,8,40.49,37.84,21.67,LOOKING_AWAY
S03541,100.0,1,0.0,0.0,2,85.57,8.64,5.79,NORMAL
S03542,100.0,1,0.0,0.0,5,34.23,13.37,52.4,LOOKING_RIGHT
S03543,100.0,1,0.0,0.0,8,42.49,4.6,52.91,LOOKING_AWAY
S03544,100.0,1,0.0,0.0,0,95.32,0.01,4.67,NORMAL
S03545,21.03,1,151.88,0.0,3,90.23,7.53,2.24,NO_FACE
S03546,100.0,1,0.0,0.0,1,80.34,2.04,17.62,NORMAL
S03547,100.0,2,0.0,87.76,1,88.41,1.59,10.0,MULTIPLE_FACES
S03548,100.0,1,0.0,0.0,5,75.98,23.0,1.02,NORMAL
S03549,99.96,2,0.28,348.13,3,76.19,16.17,7.64,MULTIPLE_FACES
S03550,100.0,1,0.0,0.0,2,80.17,12.97,6.86,NORMAL
S03551,99.92,1,0.53,0.0,2,59.85,5.11,35.04,LOOKING_RIGHT
S03552,99.79,1,2.69,0.0,2,59.0,22.0,19.0,LOOKING_LEFT
S03553,0.0,0,1183.57,0.0,0,100.0,0.0,0.0,NO_FACE
S03554,62.1,1,46.9,0.0,1,64.33,0.7,34.97,NO_FACE
S03555,45.96,1,106.05,0.0,6,2.55,18.82,78.63,NO_FACE
S03556,100.0,1,0.0,0.0,3,65.94,5.82,28.24,LOOKING_RIGHT
S03557,65.46,3,31.04,6.17,3,85.02,9.38,5.6,MULTIPLE_FACES
S03558,100.0,1,0.0,0.0,9,28.85,30.63,40.52,LOOKING_AWAY
S03559,100.0,1,0.0,0.0,3,40.91,11.55,47.54,LOOKING_AWAY
S03560,100.0,1,0.0,0.0,2,59.37,3.37,37.26,LOOKING_RIGHT
S03561,99.92,1,0.8,0.0,2,70.68,1.06,28.26,LOOKING_RIGHT
S03562,100.0,1,0.0,0.0,2,34.26,39.6,26.14,LOOKING_LEFT
S03563,99.84,1,1.12,0.0,4,30.02,36.18,33.8,LOOKING_AWAY
S03564,99.86,1,0.43,0.0,12,22.64,11.1,66.26,LOOKING_AWAY
S03565,99.35,2,0.67,13.46,4,68.39,12.15,19.46,MULTIPLE_FACES
S03566,99.96,1,0.21,0.0,4,61.47,36.83,1.7,LOOKING_LEFT
S03567,99.13,1,9.32,0.0,1,80.86,14.68,4.46,NORMAL
S03568,100.0,1,0.0,0.0,1,58.05,7.15,34.8,LOOKING_RIGHT
S03569,100.0,1,0.0,0.0,3,77.33,4.36,18.31,NORMAL
S03570,100.0,2,0.0,155.07,0,89.57,7.67,2.76,MULTIPLE_FACES
S03571,99.83,1,0.15,0.0,10,10.87,76.04,13.09,LOOKING_AWAY
S03572,0.0,0,282.01,0.0,0,100.0,0.0,0.0,NO_FACE
S03573,99.28,1,5.38,0.0,3,62.96,5.2,31.84,LOOKING_RIGHT
S03574,97.19,2,19.84,110.07,2,86.25,9.87,3.88,MULTIPLE_FACES
S03575,100.0,1,0.0,0.0,3,55.53,3.01,41.46,LOOKING_RIGHT
S03576,100.0,1,0.0,0.0,3,57.79,25.66,16.55,LOOKING_LEFT
S03577,99.96,1,0.28,0.0,6,33.68,60.02,6.3,LOOKING_LEFT
S03578,100.0,2,0.0,118.61,0,89.99,4.66,5.35,MULTIPLE_FACES
S03579,7.37,1,465.54,0.0,1,91.93,5.59,2.48,NO_FACE
S03580,100.0,2,0.0,24.48,6,48.7,20.48,30.82,MULTIPLE_FACES
S03581,99.95,1,0.7,0.0,0,80.18,7.29,12.53,NORMAL
S03582,56.7,1,239.31,0.0,3,57.95,13.94,28.11,NO_FACE
S03583,97.24,1,19.34,0.0,1,63.56,18.54,17.9,NORMAL
S03584,99.82,2,1.54,393.17,1,63.94,14.5,21.56,MULTIPLE_FACES
S03585,100.0,1,0.0,0.0,14,19.25,35.14,45.61,LOOKING_AWAY
S03586,100.0,1,0.0,0.0,10,29.52,8.31,62.17,LOOKING_AWAY
S03587,99.95,1,0.35,0.0,4,30.68,61.29,8.03,LOOKING_AWAY
S03588,69.7,2,70.01,139.82,5,47.54,23.1,29.36,MULTIPLE_FACES
S03589,100.0,2,0.0,329.19,6,61.01,10.99,28.0,MULTIPLE_FACES
S03590,100.0,1,0.0,0.0,6,23.65,61.36,14.99,LOOKING_AWAY
S03591,99.92,1,0.59,0.0,4,76.14,14.45,9.41,NORMAL
S03592,68.21,2,159.62,269.02,4,71.49,16.7,11.81,MULTIPLE_FACES
S03593,54.83,1,421.87,0.0,5,68.49,20.06,11.45,NO_FACE
S03594,100.0,2,0.0,43.78,4,60.0,16.81,23.19,MULTIPLE_FACES
S03595,99.96,1,0.44,0.0,10,37.41,33.57,29.02,LOOKING_AWAY
S03596,67.52,1,23.13,0.0,2,80.94,2.67,16.39,NO_FACE
S03597,99.93,1,0.45,0.0,4,20.9,74.32,4.78,LOOKING_LEFT
S03598,99.92,1,0.52,0.0,2,41.02,35.94,23.04,LOOKING_LEFT
S03599,54.93,1,213.62,0.0,2,78.34,16.45,5.21,NO_FACE
S03600,100.0,1,0.0,0.0,3,54.67,8.41,36.92,LOOKING_RIGHT
S03601,100.0,1,0.0,0.0,1,59.0,22.0,19.0,LOOKING_LEFT
S03602,69.0,1,37.62,0.0,6,59.33,36.52,4.15,NO_FACE
S03603,100.0,1,0.0,0.0,11,32.17,38.08,29.75,LOOKING_AWAY
S03604,100.0,1,0.0,0.0,4,80.24,7.9,11.86,NORMAL
S03605,100.0,1,0.0,0.0,2,83.18,9.64,7.18,NORMAL
S03606,99.01,2,12.86,2.92,4,91.89,4.01,4.1,MULTIPLE_FACES
S03607,42.81,1,146.47,0.0,2,86.77,9.76,3.47,NO_FACE
S03608,99.97,1,0.22,0.0,6,28.76,16.35,54.89,LOOKING_AWAY
S03609,100.0,1,0.0,0.0,9,33.47,37.7,28.83,LOOKING_AWAY
S03610,85.58,1,43.95,0.0,2,66.08,5.74,28.18,NO_FACE
S03611,99.82,1,1.48,0.0,5,21.04,50.68,28.28,LOOKING_LEFT
S03612,52.22,1,11.86,0.0,0,89.05,6.52,4.43,NO_FACE
S03613,99.99,1,0.07,0.0,1,31.99,15.87,52.14,LOOKING_RIGHT
S03614,95.67,2,6.4,69.51,7,76.87,15.44,7.69,MULTIPLE_FACES
S03615,99.96,1,0.46,0.0,11,9.64,64.19,26.17,LOOKING_AWAY
S03616,100.0,1,0.0,0.0,2,59.95,24.1,15.95,NORMAL
S03617,99.82,1,1.13,0.0,7,36.92,15.92,47.16,LOOKING_AWAY
S03618,20.6,1,314.58,0.0,1,35.99,7.13,56.88,NO_FACE
S03619,98.69,1,12.46,0.0,4,70.32,6.31,23.37,LOOKING_RIGHT
S03620,100.0,1,0.0,0.0,4,56.72,15.46,27.82,NORMAL
S03621,78.97,2,99.44,252.31,2,72.96,3.05,23.99,MULTIPLE_FACES
S03622,100.0,1,0.0,0.0,0,91.18,4.1,4.72,NORMAL
S03623,61.27,1,153.12,0.0,3,31.66,28.75,39.59,NO_FACE
S03624,0.0,0,277.88,0.0,0,100.0,0.0,0.0,NO_FACE
S03625,100.0,1,0.0,0.0,6,31.36,18.4,50.24,LOOKING_AWAY
S03626,99.94,1,0.39,0.0,1,86.72,3.61,9.67,NORMAL
S03627,99.95,1,0.33,0.0,12,28.26,57.82,13.92,LOOKING_LEFT
S03628,98.91,1,9.86,0.0,5,65.96,23.56,10.48,NORMAL
S03629,99.57,1,1.96,0.0,2,87.11,12.17,0.72,NORMAL
S03630,99.97,2,0.2,212.18,6,70.84,7.34,21.82,MULTIPLE_FACES
S03631,99.99,1,0.14,0.0,4,34.22,28.38,37.4,LOOKING_AWAY
S03632,5.89,1,718.6,0.0,3,0.5,44.34,55.16,NO_FACE
S03633,100.0,1,0.0,0.0,3,28.21,47.5,24.29,LOOKING_LEFT
S03634,99.92,1,1.02,0.0,3,71.63,23.42,4.95,NORMAL
S03635,21.03,1,797.62,0.0,3,69.08,17.31,13.61,NO_FACE
S03636,100.0,2,0.0,116.94,1,59.56,21.79,18.65,MULTIPLE_FACES
S03637,99.91,1,0.31,0.0,1,68.55,0.64,30.81,LOOKING_RIGHT
S03638,100.0,1,0.0,0.0,2,84.6,7.27,8.13,NORMAL
S03639,100.0,1,0.0,0.0,1,91.25,1.74,7.01,NORMAL
S03640,84.95,1,113.04,0.0,2,94.29,0.21,5.5,NO_FACE
S03641,74.33,2,35.7,200.92,1,76.43,22.24,1.33,MULTIPLE_FACES
S03642,81.14,1,107.83,0.0,1,73.9,8.27,17.83,NO_FACE
S03643,100.0,1,0.0,0.0,4,57.91,38.25,3.84,LOOKING_LEFT
S03644,99.65,2,2.53,52.82,6,34.0,42.51,23.49,MULTIPLE_FACES
S03645,100.0,2,0.0,249.62,10,62.96,12.54,24.5,MULTIPLE_FACES
S03646,100.0,2,0.0,120.29,1,76.94,12.3,10.76,MULTIPLE_FACES
S03647,52.64,1,206.39,0.0,5,70.78,11.81,17.41,NO_FACE
S03648,99.89,1,0.49,0.0,1,35.64,51.35,13.01,LOOKING_LEFT
S03649,100.0,1,0.0,0.0,2,58.06,32.58,9.36,LOOKING_LEFT
S03650,99.87,1,1.76,0.0,2,63.38,8.19,28.43,NORMAL
S03651,35.37,1,398.16,0.0,1,72.79,3.76,23.45,NO_FACE
S03652,99.87,1,0.92,0.0,3,76.79,2.22,20.99,NORMAL
S03653,20.16,1,347.05,0.0,2,70.72,6.92,22.36,NO_FACE
S03654,100.0,1,0.0,0.0,2,87.35,5.91,6.74,NORMAL
S03655,100.0,1,0.03,0.0,2,90.8,4.43,4.77,NORMAL
S03656,99.99,1,0.08,0.0,5,54.43,32.07,13.5,LOOKING_AWAY
S03657,99.84,1,0.85,0.0,5,54.12,8.64,37.24,LOOKING_RIGHT
S03658,100.0,2,0.0,39.78,3,51.25,43.08,5.67,MULTIPLE_FACES
S03659,99.73,2,2.81,182.71,2,71.56,15.81,12.63,MULTIPLE_FACES
S03660,100.0,2,0.0,352.73,1,74.93,11.46,13.61,MULTIPLE_FACES
S03661,100.0,1,0.0,0.0,3,37.82,8.93,53.25,LOOKING_RIGHT
S03662,100.0,1,0.0,0.0,6,62.71,18.74,18.55,NORMAL
S03663,99.91,2,0.65,1.53,2,88.11,9.28,2.61,NORMAL
S03664,99.36,1,2.36,0.0,6,34.75,55.82,9.43,LOOKING_LEFT
S03665,100.0,1,0.0,0.0,15,31.19,20.45,48.36,LOOKING_AWAY
S03666,99.45,1,4.49,0.0,5,60.73,24.59,14.68,NORMAL
S03667,99.58,1,2.92,0.0,2,90.27,8.12,1.61,NORMAL
S03668,98.53,1,2.02,0.0,7,59.3,26.35,14.35,NORMAL
S03669,99.95,2,0.39,83.94,2,66.96,5.22,27.82,MULTIPLE_FACES
S03670,100.0,2,0.0,1.24,3,48.57,21.14,30.29,LOOKING_RIGHT
S03671,100.0,1,0.0,0.0,0,47.32,28.4,24.28,LOOKING_LEFT
S03672,99.8,1,0.99,0.0,3,91.81,3.37,4.82,NORMAL
S03673,100.0,1,0.0,0.0,3,81.08,9.55,9.37,NORMAL
S03674,99.85,1,0.91,0.0,2,85.18,5.63,9.19,NORMAL
S03675,99.81,1,0.46,0.0,1,82.54,13.41,4.05,NORMAL
S03676,22.54,2,145.8,0.86,1,87.63,1.76,10.61,NO_FACE
S03677,100.0,2,0.0,0.92,10,34.0,47.41,18.59,MULTIPLE_FACES
S03678,98.85,1,3.39,0.0,14,6.26,53.5,40.24,LOOKING_AWAY
S03679,99.77,1,1.43,0.0,3,65.75,11.45,22.8,NORMAL
S03680,100.0,1,0.0,0.0,1,89.68,2.51,7.81,NORMAL
S03681,100.0,1,0.0,0.0,2,87.59,2.58,9.83,NORMAL
S03682,12.22,1,649.02,0.0,4,86.54,9.0,4.46,NO_FACE
S03683,100.0,2,0.0,322.18,4,58.91,18.8,22.29,MULTIPLE_FACES
S03684,100.0,1,0.0,0.0,8,22.84,49.22,27.94,LOOKING_AWAY
S03685,99.76,1,1.31,0.0,7,15.74,7.55,76.71,LOOKING_AWAY
S03686,99.73,2,1.23,39.28,6,57.98,34.04,7.98,MULTIPLE_FACES
S03687,100.0,2,0.0,0.63,5,74.9,13.76,11.34,NORMAL
S03688,100.0,1,0.0,0.0,0,94.1,2.76,3.14,NORMAL
S03689,59.74,1,165.72,0.0,4,61.64,13.12,25.24,NO_FACE
S03690,99.65,1,0.96,0.0,5,0.0,18.78,81.22,LOOKING_RIGHT
S03691,96.34,1,20.87,0.0,8,21.15,9.47,69.38,LOOKING_AWAY
S03692,96.34,2,20.82,57.91,5,83.13,4.53,12.34,MULTIPLE_FACES
S03693,99.65,2,0.94,28.32,3,74.04,9.14,16.82,MULTIPLE_FACES
S03694,99.87,1,0.39,0.0,8,2.06,50.32,47.62,LOOKING_AWAY
S03695,100.0,1,0.0,0.0,6,51.46,32.28,16.26,NORMAL
S03696,26.1,1,248.92,0.0,2,68.05,16.14,15.81,NO_FACE
S03697,99.93,1,0.92,0.0,3,22.69,19.03,58.28,LOOKING_RIGHT
S03698,99.18,1,11.49,0.0,0,94.93,2.87,2.2,NORMAL
S03699,99.84,1,1.63,0.0,1,90.31,2.3,7.39,NORMAL
S03700,71.27,1,362.67,0.0,2,77.52,14.18,8.3,NO_FACE
S03701,28.5,1,444.15,0.0,5,22.79,8.61,68.6,NO_FACE
S03702,99.84,1,0.38,0.0,4,22.36,63.0,14.64,LOOKING_LEFT
S03703,81.69,1,72.64,0.0,1,57.05,19.13,23.82,NO_FACE
S03704,99.84,1,1.14,0.0,3,79.1,15.26,5.64,NORMAL
S03705,99.73,1,1.69,0.0,2,80.29,2.24,17.47,NORMAL
S03706,100.0,1,0.0,0.0,3,31.2,51.08,17.72,LOOKING_LEFT
S03707,100.0,1,0.0,0.0,2,86.18,1.52,12.3,NORMAL
S03708,99.9,2,0.97,320.21,6,71.08,14.92,14.0,MULTIPLE_FACES
S03709,100.0,1,0.0,0.0,2,78.93,11.62,9.45,NORMAL
S03710,99.99,1,0.05,0.0,6,59.14,8.31,32.55,LOOKING_RIGHT
S03711,100.0,1,0.0,0.0,6,35.0,46.94,18.06,LOOKING_AWAY
S03712,99.92,1,0.25,0.0,3,79.17,7.55,13.28,NORMAL
S03713,97.82,1,5.72,0.0,7,22.2,48.62,29.18,LOOKING_LEFT
S03714,100.0,1,0.0,0.0,2,66.75,5.97,27.28,NORMAL
S03715,46.67,1,522.56,0.0,1,90.1,3.75,6.15,NO_FACE
S03716,99.73,1,1.39,0.0,2,44.36,11.29,44.35,LOOKING_RIGHT
S03717,70.1,1,86.56,0.0,5,31.83,30.3,37.87,NO_FACE
S03718,99.74,2,2.71,258.86,2,73.36,14.51,12.13,MULTIPLE_FACES
S03719,98.45,1,2.19,0.0,4,50.24,5.48,44.28,LOOKING_RIGHT
S03720,100.0,1,0.0,0.0,2,74.26,18.18,7.56,NORMAL
S03721,99.89,1,0.64,0.0,2,79.02,8.19,12.79,NORMAL
S03722,56.09,1,62.68,0.0,2,90.75,6.76,2.49,NO_FACE
S03723,100.0,1,0.0,0.0,4,73.42,11.88,14.7,NORMAL
S03724,100.0,2,0.0,1.04,7,60.41,25.3,14.29,MULTIPLE_FACES
S03725,100.0,1,0.0,0.0,4,35.41,12.09,52.5,LOOKING_RIGHT
S03726,100.0,2,0.0,43.75,5,55.24,23.6,21.16,MULTIPLE_FACES
S03727,100.0,1,0.0,0.0,15,22.88,25.67,51.45,LOOKING_AWAY
S03728,64.39,1,66.5,0.0,3,67.03,25.42,7.55,NO_FACE
S03729,47.43,1,244.17,0.0,1,80.85,7.89,11.26,NO_FACE
S03730,100.0,1,0.0,0.0,5,30.31,19.1,50.59,LOOKING_RIGHT
S03731,99.69,1,0.53,0.0,7,37.68,4.12,58.2,LOOKING_AWAY
S03732,99.98,1,0.09,0.0,5,35.01,25.33,39.66,LOOKING_AWAY
S03733,99.93,1,0.9,0.0,1,18.23,7.76,74.01,LOOKING_RIGHT
S03734,17.29,1,308.32,0.0,4,64.09,22.76,13.15,NO_FACE
S03735,100.0,2,0.0,45.23,1,82.89,9.81,7.3,MULTIPLE_FACES
S03736,0.0,0,636.24,0.0,0,100.0,0.0,0.0,NO_FACE
S03737,100.0,1,0.0,0.0,3,81.03,16.27,2.7,NORMAL
S03738,99.77,1,0.37,0.0,2,38.17,10.53,51.3,LOOKING_RIGHT
S03739,100.0,1,0.0,0.0,2,92.91,4.26,2.83,NORMAL
S03740,99.84,1,1.59,0.0,8,29.91,52.92,17.17,LOOKING_AWAY
S03741,100.0,1,0.0,0.0,6,4.29,68.79,26.92,LOOKING_LEFT
S03742,17.46,1,160.17,0.0,4,48.99,41.72,9.29,NO_FACE
S03743,100.0,1,0.0,0.0,5,19.09,19.61,61.3,LOOKING_RIGHT
S03744,34.24,1,479.09,0.0,1,32.15,26.07,41.78,NO_FACE
S03745,98.87,2,16.59,80.96,2,86.8,5.43,7.77,MULTIPLE_FACES
S03746,100.0,1,0.0,0.0,5,59.61,34.03,6.36,NORMAL
S03747,100.0,1,0.0,0.0,8,11.41,8.59,80.0,LOOKING_RIGHT
S03748,100.0,1,0.0,0.0,7,42.14,25.13,32.73,LOOKING_RIGHT
S03749,99.88,1,1.12,0.0,9,23.52,30.28,46.2,LOOKING_AWAY
S03750,99.85,1,1.21,0.0,1,61.68,5.61,32.71,LOOKING_RIGHT
S03751,96.43,1,10.34,0.0,7,47.57,44.27,8.16,LOOKING_LEFT
S03752,100.0,4,0.0,233.07,2,62.64,22.36,15.0,MULTIPLE_FACES
S03753,99.79,1,0.85,0.0,4,60.16,17.84,22.0,LOOKING_RIGHT
S03754,99.3,1,6.88,0.0,2,87.99,4.76,7.25,NORMAL
S03755,98.13,1,15.52,0.0,5,66.99,1.82,31.19,LOOKING_RIGHT
S03756,99.73,2,2.28,388.36,2,95.82,1.98,2.2,MULTIPLE_FACES
S03757,99.75,1,1.33,0.0,0,75.14,20.72,4.14,NORMAL
S03758,99.96,1,0.41,0.0,6,48.69,5.29,46.02,LOOKING_RIGHT
S03759,100.0,1,0.0,0.0,2,81.48,9.22,9.3,NORMAL
S03760,99.94,2,0.3,174.53,4,74.7,7.54,17.76,MULTIPLE_FACES
S03761,99.8,1,0.33,0.0,4,26.56,69.69,3.75,LOOKING_LEFT
S03762,25.69,1,675.45,0.0,2,90.57,1.81,7.62,NO_FACE
S03763,100.0,1,0.0,0.0,2,32.95,61.44,5.61,LOOKING_LEFT
S03764,100.0,2,0.0,200.14,5,84.5,4.95,10.55,MULTIPLE_FACES
S03765,99.76,2,0.4,59.49,2,83.26,9.98,6.76,MULTIPLE_FACES
S03766,28.65,1,319.75,0.0,3,74.31,19.55,6.14,NO_FACE
S03767,100.0,1,0.0,0.0,6,45.84,42.42,11.74,LOOKING_AWAY
S03768,26.26,1,461.89,0.0,0,79.88,19.46,0.66,NO_FACE
S03769,100.0,1,0.0,0.0,1,92.3,0.91,6.79,NORMAL
S03770,100.0,2,0.0,15.98,4,74.34,9.37,16.29,MULTIPLE_FACES
S03771,99.86,2,2.08,73.51,5,71.44,7.48,21.08,MULTIPLE_FACES
S03772,99.65,1,1.17,0.0,5,25.09,56.13,18.78,LOOKING_LEFT
S03773,100.0,1,0.0,0.0,4,74.52,23.96,1.52,NORMAL
S03774,100.0,1,0.0,0.0,2,83.19,9.3,7.51,NORMAL
S03775,100.0,1,0.0,0.0,7,24.92,8.74,66.34,LOOKING_AWAY
S03776,100.0,1,0.0,0.0,5,41.08,24.68,34.24,LOOKING_AWAY
S03777,99.77,1,0.86,0.0,3,24.86,24.81,50.33,LOOKING_RIGHT
S03778,98.63,1,2.05,0.0,3,85.36,13.01,1.63,NORMAL
S03779,100.0,2,0.0,193.35,2,54.11,15.12,30.77,MULTIPLE_FACES
S03780,100.0,1,0.0,0.0,2,44.21,46.74,9.05,LOOKING_LEFT
S03781,99.79,1,2.06,0.0,5,37.25,3.42,59.33,LOOKING_RIGHT
S03782,100.0,1,0.0,0.0,9,41.94,55.39,2.67,LOOKING_LEFT
S03783,99.93,1,0.64,0.0,1,72.22,4.68,23.1,NORMAL
S03784,97.91,1,1.41,0.0,4,81.38,14.76,3.86,NORMAL
S03785,14.31,1,445.91,0.0,4,62.83,37.16,0.01,NO_FACE
S03786,100.0,1,0.0,0.0,2,86.93,11.63,1.44,NORMAL
S03787,99.92,2,0.46,1.51,6,64.53,27.75,7.72,MULTIPLE_FACES
S03788,97.73,1,11.7,0.0,5,39.59,53.12,7.29,LOOKING_LEFT
S03789,99.78,1,2.13,0.0,3,81.07,0.65,18.28,NORMAL
S03790,99.97,2,0.33,1.5,0,96.28,0.78,2.94,NORMAL
S03791,55.63,1,510.97,0.0,4,80.18,14.5,5.32,NO_FACE
S03792,20.35,1,85.59,0.0,2,86.34,7.88,5.78,NO_FACE
S03793,49.37,1,104.78,0.0,1,69.73,12.18,18.09,NO_FACE
S03794,99.98,1,0.14,0.0,17,19.25,56.09,24.66,LOOKING_AWAY
S03795,100.0,1,0.0,0.0,9,34.58,52.68,12.74,LOOKING_LEFT
S03796,99.95,1,0.05,0.0,4,53.57,3.87,42.56,LOOKING_RIGHT
S03797,100.0,1,0.0,0.0,14,17.21,32.01,50.78,LOOKING_AWAY
S03798,98.45,1,1.89,0.0,6,29.56,64.8,5.64,LOOKING_LEFT
S03799,100.0,1,0.0,0.0,12,2.0,73.45,24.55,LOOKING_AWAY
S03800,100.0,1,0.0,0.0,3,77.78,8.79,13.43,NORMAL
S03801,99.83,1,1.41,0.0,7,34.46,11.36,54.18,LOOKING_AWAY
S03802,50.0,1,211.73,0.0,2,71.81,22.24,5.95,NO_FACE
S03803,78.88,1,130.88,0.0,1,71.41,1.47,27.12,NO_FACE
S03804,99.69,1,0.45,0.0,1,46.92,10.18,42.9,LOOKING_RIGHT
S03805,100.0,1,0.0,0.0,9,27.03,47.91,25.06,LOOKING_AWAY
S03806,0.0,0,957.42,0.0,0,100.0,0.0,0.0,NO_FACE
S03807,99.98,2,0.16,85.73,3,61.44,30.93,7.63,MULTIPLE_FACES
S03808,100.0,1,0.0,0.0,1,97.05,0.86,2.09,NORMAL
S03809,70.91,1,80.56,0.0,6,79.89,2.67,17.44,NO_FACE
S03810,72.72,1,101.25,0.0,2,80.83,13.05,6.12,NO_FACE
S03811,100.0,2,0.0,107.2,7,67.16,30.73,2.11,MULTIPLE_FACES
S03812,99.61,1,2.55,0.0,7,51.71,13.84,34.45,LOOKING_AWAY
S03813,99.82,1,1.49,0.0,4,66.34,16.5,17.16,NORMAL
S03814,99.96,1,0.34,0.0,7,43.56,25.82,30.62,LOOKING_AWAY
S03815,99.97,1,0.23,0.0,7,60.79,15.87,23.34,NORMAL
S03816,100.0,1,0.0,0.0,1,92.95,4.21,2.84,NORMAL
S03817,99.95,1,0.73,0.0,1,78.45,4.48,17.07,NORMAL
S03818,99.45,1,3.08,0.0,4,2.51,68.74,28.75,LOOKING_LEFT
S03819,100.0,1,0.0,0.0,2,24.13,32.9,42.97,LOOKING_RIGHT
S03820,99.59,1,2.7,0.0,2,89.55,3.81,6.64,NORMAL
S03821,99.77,1,2.62,0.0,1,58.59,30.0,11.41,LOOKING_LEFT
S03822,100.0,1,0.0,0.0,1,27.88,44.64,27.48,LOOKING_LEFT
S03823,100.0,1,0.01,0.0,3,72.45,9.31,18.24,NORMAL
S03824,100.0,1,0.0,0.0,5,64.49,1.06,34.45,LOOKING_RIGHT
S03825,100.0,1,0.0,0.0,14,2.0,35.18,62.82,LOOKING_AWAY
S03826,99.91,1,1.43,0.0,6,31.11,2.85,66.04,LOOKING_RIGHT
S03827,100.0,1,0.0,0.0,4,37.43,37.02,25.55,LOOKING_AWAY
S03828,99.89,1,1.03,0.0,12,29.13,21.21,49.66,LOOKING_AWAY
S03829,100.0,1,0.0,0.0,1,65.48,15.56,18.96,NORMAL
S03830,99.9,1,0.8,0.0,7,28.23,4.04,67.73,LOOKING_RIGHT
S03831,100.0,1,0.0,0.0,5,47.32,20.17,32.51,LOOKING_RIGHT
S03832,99.46,1,1.54,0.0,9,42.23,22.91,34.86,LOOKING_AWAY
S03833,99.75,1,3.26,0.0,4,71.2,23.55,5.25,NORMAL
S03834,99.94,1,0.12,0.0,9,45.0,9.14,45.86,NORMAL
S03835,99.98,1,0.06,0.0,5,37.81,54.75,7.44,LOOKING_LEFT
S03836,98.02,1,3.19,0.0,6,56.53,7.2,36.27,LOOKING_RIGHT
S03837,100.0,2,0.0,279.82,7,66.07,3.74,30.19,MULTIPLE_FACES
S03838,99.91,1,0.49,0.0,0,34.22,50.26,15.52,LOOKING_LEFT
S03839,0.0,0,800.28,0.0,0,100.0,0.0,0.0,NO_FACE
S03840,99.72,1,0.48,0.0,4,51.58,15.41,33.01,LOOKING_RIGHT
S03841,89.31,1,22.59,0.0,7,4.69,73.81,21.5,NO_FACE
S03842,100.0,2,0.0,314.46,3,34.0,35.19,30.81,MULTIPLE_FACES
S03843,99.86,1,0.39,0.0,2,82.32,17.35,0.33,NORMAL
S03844,99.83,1,0.74,0.0,5,0.0,78.76,21.24,LOOKING_LEFT
S03845,99.9,1,0.89,0.0,8,9.01,71.14,19.85,LOOKING_LEFT
S03846,99.79,1,1.1,0.0,6,42.13,47.8,10.07,LOOKING_LEFT
S03847,29.2,1,67.28,0.0,5,72.16,25.05,2.79,NO_FACE
S03848,15.64,1,181.14,0.0,2,85.18,3.07,11.75,NO_FACE
S03849,31.23,1,818.34,0.0,0,90.38,8.68,0.94,NO_FACE
S03850,99.8,2,1.1,26.77,7,56.64,5.81,37.55,MULTIPLE_FACES
S03851,99.91,1,1.29,0.0,2,86.79,7.75,5.46,NORMAL
S03852,97.86,1,9.38,0.0,4,35.62,11.62,52.76,LOOKING_RIGHT
S03853,99.96,1,0.14,0.0,4,51.82,17.91,30.27,NORMAL
S03854,100.0,1,0.0,0.0,3,89.5,1.28,9.22,NORMAL
S03855,72.61,1,90.29,0.0,4,57.84,15.7,26.46,NO_FACE
S03856,51.12,2,250.93,0.47,2,88.99,9.12,1.89,NO_FACE
S03857,48.88,1,170.12,0.0,0,73.93,15.19,10.88,NO_FACE
S03858,100.0,1,0.0,0.0,6,76.75,9.38,13.87,NORMAL
S03859,99.98,1,0.1,0.0,1,50.65,39.08,10.27,LOOKING_LEFT
S03860,30.6,1,588.09,0.0,7,20.22,58.86,20.92,NO_FACE
S03861,99.96,1,0.37,0.0,4,20.98,26.85,52.17,LOOKING_RIGHT
S03862,100.0,1,0.0,0.0,3,11.58,54.93,33.49,LOOKING_LEFT
S03863,100.0,1,0.0,0.0,3,81.41,6.9,11.69,NORMAL
S03864,100.0,1,0.0,0.0,3,80.75,0.73,18.52,NORMAL
S03865,100.0,1,0.0,0.0,0,78.31,9.28,12.41,NORMAL
S03866,100.0,1,0.0,0.0,2,76.14,19.0,4.86,NORMAL
S03867,63.08,1,266.69,0.0,4,87.29,10.46,2.25,NO_FACE
S03868,100.0,1,0.0,0.0,4,52.02,5.22,42.76,LOOKING_RIGHT
S03869,100.0,1,0.0,0.0,1,81.33,6.68,11.99,NORMAL
S03870,99.95,1,0.19,0.0,11,31.27,35.53,33.2,LOOKING_AWAY
S03871,61.55,4,157.89,147.03,5,38.22,53.43,8.35,MULTIPLE_FACES
S03872,97.51,1,9.81,0.0,9,44.58,28.46,26.96,LOOKING_AWAY
S03873,99.86,1,1.82,0.0,6,36.3,58.84,4.86,LOOKING_LEFT
S03874,64.5,1,21.03,0.0,3,70.92,14.04,15.04,NO_FACE
S03875,99.7,2,0.72,1.19,8,27.72,4.32,67.96,LOOKING_RIGHT
S03876,99.98,1,0.37,0.0,0,88.88,4.2,6.92,NORMAL
S03877,99.95,1,0.43,0.0,1,83.91,11.56,4.53,NORMAL
S03878,99.89,1,0.59,0.0,5,29.15,45.57,25.28,LOOKING_LEFT
S03879,87.94,1,32.17,0.0,8,9.78,46.97,43.25,NO_FACE
S03880,0.0,0,1456.55,0.0,0,100.0,0.0,0.0,NO_FACE
S03881,100.0,1,0.0,0.0,12,24.9,18.12,56.98,LOOKING_AWAY
S03882,97.43,1,2.1,0.0,5,18.91,70.99,10.1,LOOKING_LEFT
S03883,99.97,2,0.43,71.08,4,44.92,32.31,22.77,MULTIPLE_FACES
S03884,100.0,1,0.0,0.0,0,92.77,2.59,4.64,NORMAL
S03885,99.89,1,1.33,0.0,2,67.35,8.39,24.26,NORMAL
S03886,77.43,2,44.04,92.03,2,78.29,12.13,9.58,MULTIPLE_FACES
S03887,100.0,1,0.0,0.0,3,65.55,32.68,1.77,LOOKING_LEFT
S03888,66.76,1,105.15,0.0,2,83.67,1.03,15.3,NO_FACE
S03889,99.95,1,0.32,0.0,1,53.45,9.12,37.43,LOOKING_RIGHT
S03890,99.98,1,0.13,0.0,2,43.54,3.47,52.99,LOOKING_RIGHT
S03891,98.84,1,4.65,0.0,7,5.78,5.42,88.8,LOOKING_RIGHT
S03892,99.88,1,1.44,0.0,12,45.79,32.77,21.44,LOOKING_AWAY
S03893,6.49,1,1112.07,0.0,2,82.91,6.66,10.43,NO_FACE
S03894,100.0,1,0.0,0.0,5,64.94,17.62,17.44,NORMAL
S03895,74.5,2,84.44,194.74,1,89.85,5.42,4.73,MULTIPLE_FACES
S03896,100.0,2,0.0,352.33,8,74.37,12.31,13.32,MULTIPLE_FACES
S03897,41.48,1,362.31,0.0,6,16.77,72.56,10.67,NO_FACE
S03898,100.0,1,0.0,0.0,4,38.53,54.4,7.07,LOOKING_LEFT
S03899,99.82,4,1.81,1.22,7,68.5,19.82,11.68,MULTIPLE_FACES
S03900,100.0,1,0.0,0.0,10,28.1,3.97,67.93,LOOKING_RIGHT
S03901,98.95,1,4.64,0.0,3,16.05,53.65,30.3,LOOKING_AWAY
S03902,100.0,1,0.0,0.0,3,35.61,21.95,42.44,LOOKING_RIGHT
S03903,99.29,2,6.59,107.59,9,62.17,11.92,25.91,MULTIPLE_FACES
S03904,100.0,1,0.0,0.0,2,34.54,51.6,13.86,LOOKING_LEFT
S03905,8.06,1,199.66,0.0,4,41.45,41.71,16.84,NO_FACE
S03906,99.03,1,2.95,0.0,9,26.19,49.93,23.88,LOOKING_AWAY
S03907,84.21,1,134.92,0.0,3,76.45,15.73,7.82,NO_FACE
S03908,82.78,1,44.21,0.0,2,91.42,7.96,0.62,NO_FACE
S03909,100.0,1,0.0,0.0,4,92.28,6.73,0.99,NORMAL
S03910,99.79,1,2.94,0.0,3,33.83,53.31,12.86,LOOKING_AWAY
S03911,86.28,1,16.06,0.0,1,71.41,9.57,19.02,NO_FACE
S03912,85.71,1,89.85,0.0,1,81.29,5.89,12.82,NO_FACE
S03913,99.41,1,4.89,0.0,1,72.53,13.4,14.07,NORMAL
S03914,100.0,2,0.0,407.72,6,62.92,30.09,6.99,MULTIPLE_FACES
S03915,99.75,1,0.94,0.0,4,83.24,7.24,9.52,NORMAL
S03916,99.29,1,6.43,0.0,1,29.51,45.59,24.9,LOOKING_LEFT
S03917,99.94,1,0.55,0.0,11,19.05,62.78,18.17,LOOKING_AWAY
S03918,43.36,1,270.16,0.0,0,67.58,15.33,17.09,NO_FACE
S03919,99.86,1,0.88,0.0,4,58.75,34.43,6.82,LOOKING_LEFT
S03920,99.91,1,1.45,0.0,5,20.04,74.67,5.29,LOOKING_LEFT
S03921,100.0,1,0.0,0.0,3,80.27,18.51,1.22,NORMAL
S03922,100.0,2,0.0,218.71,2,75.19,4.29,20.52,MULTIPLE_FACES
S03923,99.68,1,2.18,0.0,6,66.33,12.96,20.71,NORMAL
S03924,99.75,2,2.66,1.47,2,87.49,10.1,2.41,MULTIPLE_FACES
S03925,100.0,4,0.0,21.03,3,94.16,0.92,4.92,MULTIPLE_FACES
S03926,100.0,1,0.0,0.0,0,87.1,3.37,9.53,NORMAL
S03927,99.76,1,1.57,0.0,6,30.02,30.02,39.96,LOOKING_AWAY
S03928,100.0,1,0.0,0.0,2,86.62,7.81,5.57,NORMAL
S03929,100.0,1,0.0,0.0,2,56.72,38.41,4.87,NORMAL
S03930,99.95,1,0.49,0.0,1,46.05,3.9,50.05,LOOKING_RIGHT
S03931,100.0,1,0.0,0.0,2,60.7,36.96,2.34,LOOKING_AWAY
S03932,99.97,2,0.2,283.11,3,80.21,7.79,12.0,MULTIPLE_FACES
S03933,99.13,2,6.12,1.34,10,40.65,41.29,18.06,LOOKING_AWAY
S03934,100.0,1,0.0,0.0,5,51.51,12.69,35.8,LOOKING_RIGHT
S03935,100.0,1,0.0,0.0,13,39.66,39.46,20.88,LOOKING_AWAY
S03936,100.0,1,0.0,0.0,6,34.74,61.07,4.19,LOOKING_LEFT
S03937,99.56,1,1.03,0.0,7,21.98,11.69,66.33,LOOKING_AWAY
S03938,99.96,1,0.26,0.0,5,53.03,44.19,2.78,LOOKING_LEFT
S03939,100.0,1,0.0,0.0,4,12.17,11.52,76.31,LOOKING_RIGHT
S03940,99.74,1,3.93,0.0,2,46.06,28.47,25.47,LOOKING_LEFT
S03941,100.0,1,0.0,0.0,1,84.47,10.83,4.7,NORMAL
S03942,99.49,1,4.03,0.0,0,47.25,5.01,47.74,LOOKING_RIGHT
S03943,99.81,2,0.8,314.78,5,72.96,19.96,7.08,MULTIPLE_FACES
S03944,98.41,1,21.19,0.0,2,59.0,22.0,19.0,LOOKING_LEFT
S03945,99.86,1,1.54,0.0,2,86.23,5.12,8.65,NORMAL
S03946,99.95,1,0.7,0.0,3,48.9,1.07,50.03,LOOKING_RIGHT
S03947,100.0,1,0.0,0.0,0,67.72,27.2,5.08,NORMAL
S03948,100.0,2,0.0,37.17,0,76.51,19.81,3.68,MULTIPLE_FACES
S03949,99.97,1,0.37,0.0,14,28.08,50.93,20.99,LOOKING_AWAY
S03950,100.0,1,0.0,0.0,9,32.44,53.27,14.29,LOOKING_AWAY
S03951,100.0,1,0.0,0.0,8,34.7,2.86,62.44,LOOKING_RIGHT
S03952,99.9,1,0.69,0.0,2,29.03,59.02,11.95,LOOKING_LEFT
S03953,99.84,4,0.72,127.07,7,54.26,25.43,20.31,MULTIPLE_FACES
S03954,15.37,1,131.69,0.0,7,79.81,1.27,18.92,NO_FACE
S03955,96.78,1,4.75,0.0,4,75.51,21.22,3.27,NORMAL
S03956,99.79,3,2.01,401.29,1,87.75,5.65,6.6,MULTIPLE_FACES
S03957,100.0,1,0.0,0.0,6,50.72,28.18,21.1,NORMAL
S03958,99.52,1,1.65,0.0,5,71.25,18.46,10.29,NORMAL
S03959,99.46,1,1.36,0.0,2,64.81,5.47,29.72,LOOKING_RIGHT
S03960,56.96,1,94.22,0.0,3,17.77,3.45,78.78,NO_FACE
S03961,100.0,1,0.0,0.0,4,69.86,2.36,27.78,NORMAL
S03962,100.0,1,0.0,0.0,6,32.43,53.16,14.41,LOOKING_LEFT
S03963,99.64,1,0.68,0.0,5,41.5,46.89,11.61,LOOKING_LEFT
S03964,100.0,1,0.0,0.0,1,91.4,4.31,4.29,NORMAL
S03965,99.56,1,3.06,0.0,8,19.85,46.01,34.14,LOOKING_AWAY
S03966,100.0,1,0.0,0.0,4,58.38,14.25,27.37,NORMAL
S03967,99.25,1,2.91,0.0,2,56.05,5.8,38.15,LOOKING_RIGHT
S03968,98.75,3,6.19,97.53,3,62.12,35.89,1.99,MULTIPLE_FACES
S03969,38.44,1,711.63,0.0,2,96.01,1.04,2.95,NO_FACE
S03970,100.0,1,0.0,0.0,1,80.32,14.7,4.98,NORMAL
S03971,99.88,2,0.55,110.61,10,56.28,10.49,33.23,MULTIPLE_FACES
S03972,99.49,1,1.09,0.0,6,38.18,41.07,20.75,LOOKING_AWAY
S03973,30.1,1,371.93,0.0,5,52.14,24.03,23.83,NO_FACE
S03974,100.0,1,0.0,0.0,5,34.99,22.9,42.11,LOOKING_AWAY
S03975,99.92,2,1.16,62.69,2,69.24,15.11,15.65,MULTIPLE_FACES
S03976,100.0,1,0.0,0.0,10,20.98,55.69,23.33,LOOKING_LEFT
S03977,98.81,1,5.15,0.0,4,41.35,17.45,41.2,LOOKING_RIGHT
S03978,76.14,1,121.15,0.0,1,92.12,4.42,3.46,NO_FACE
S03979,97.4,1,6.7,0.0,2,60.62,27.11,12.27,LOOKING_LEFT
S03980,80.94,1,16.55,0.0,2,60.09,25.21,14.7,NO_FACE
S03981,100.0,1,0.0,0.0,3,30.78,16.77,52.45,LOOKING_RIGHT
S03982,100.0,1,0.0,0.0,1,91.38,3.04,5.58,NORMAL
S03983,0.0,0,1459.58,0.0,0,100.0,0.0,0.0,NO_FACE
S03984,0.0,0,869.23,0.0,0,100.0,0.0,0.0,NO_FACE
S03985,20.44,1,386.73,0.0,4,11.7,63.28,25.02,NO_FACE
S03986,100.0,1,0.0,0.0,10,7.58,50.65,41.77,LOOKING_AWAY
S03987,100.0,2,0.0,98.36,7,46.82,19.65,33.53,MULTIPLE_FACES
S03988,100.0,1,0.0,0.0,2,30.84,52.8,16.36,LOOKING_LEFT
S03989,99.97,1,0.14,0.0,5,75.76,20.1,4.14,NORMAL
S03990,98.21,1,2.1,0.0,3,74.28,14.11,11.61,NORMAL
S03991,100.0,1,0.0,0.0,10,22.2,18.18,59.62,LOOKING_AWAY
S03992,99.99,1,0.09,0.0,8,38.6,50.36,11.04,LOOKING_LEFT
S03993,100.0,1,0.0,0.0,4,37.0,51.38,11.62,LOOKING_LEFT
S03994,100.0,1,0.0,0.0,8,52.78,35.39,11.83,LOOKING_AWAY
S03995,99.55,1,1.0,0.0,5,29.21,64.58,6.21,LOOKING_LEFT
S03996,74.68,2,81.33,1.78,0,81.34,10.48,8.18,MULTIPLE_FACES
S03997,100.0,1,0.0,0.0,2,85.47,1.68,12.85,NORMAL
S03998,99.92,1,0.92,0.0,3,73.4,22.38,4.22,NORMAL
S03999,100.0,1,0.0,0.0,6,45.66,29.97,24.37,LOOKING_AWAY
S04000,100.0,2,0.0,361.3,2,53.02,31.66,15.32,MULTIPLE_FACES
S04001,99.12,1,7.55,0.0,13,16.44,30.03,53.53,LOOKING_AWAY
S04002,47.37,1,242.45,0.0,2,89.22,8.07,2.71,NO_FACE
S04003,99.96,1,0.4,0.0,3,77.33,9.51,13.16,NORMAL
S04004,51.64,1,395.51,0.0,2,74.77,13.05,12.18,NO_FACE
S04005,100.0,1,0.0,0.0,0,88.6,6.9,4.5,NORMAL
S04006,100.0,1,0.0,0.0,3,77.2,15.99,6.81,NORMAL
S04007,99.98,1,0.17,0.0,11,30.8,40.38,28.82,LOOKING_AWAY
S04008,99.14,2,5.94,33.8,1,81.38,4.36,14.26,MULTIPLE_FACES
S04009,100.0,1,0.0,0.0,5,39.12,16.28,44.6,LOOKING_AWAY
S04010,100.0,1,0.0,0.0,1,82.73,12.35,4.92,NORMAL
S04011,54.38,1,9.66,0.0,3,90.22,3.91,5.87,NO_FACE
S04012,29.94,1,236.98,0.0,2,84.15,2.27,13.58,NO_FACE
S04013,99.42,2,2.45,2.38,5,61.6,22.6,15.8,MULTIPLE_FACES
S04014,0.0,0,1217.83,0.0,0,100.0,0.0,0.0,NO_FACE
S04015,99.96,1,0.21,0.0,2,32.03,18.15,49.82,LOOKING_RIGHT
S04016,99.05,1,1.66,0.0,4,75.8,12.0,12.2,NORMAL
S04017,100.0,1,0.0,0.0,2,65.71,8.22,26.07,NORMAL
S04018,99.32,1,5.06,0.0,3,81.89,9.64,8.47,NORMAL
S04019,99.99,2,0.06,1.19,7,43.74,8.24,48.02,LOOKING_AWAY
S04020,0.0,0,418.67,0.0,0,100.0,0.0,0.0,NO_FACE
S04021,99.92,1,0.94,0.0,2,46.0,24.46,29.54,LOOKING_RIGHT
S04022,99.97,2,0.28,0.79,4,67.13,4.94,27.93,MULTIPLE_FACES
S04023,98.86,1,4.36,0.0,3,65.42,23.9,10.68,NORMAL
S04024,100.0,1,0.0,0.0,0,95.55,1.83,2.62,NORMAL
S04025,99.95,3,0.72,2.02,8,34.0,35.94,30.06,MULTIPLE_FACES
S04026,99.74,1,0.85,0.0,0,94.83,0.45,4.72,NORMAL
S04027,99.91,1,0.43,0.0,0,82.29,15.46,2.25,NORMAL
S04028,99.97,1,0.45,0.0,7,15.52,68.18,16.3,LOOKING_LEFT
S04029,99.91,1,0.34,0.0,16,9.83,19.09,71.08,LOOKING_AWAY
S04030,100.0,2,0.0,52.32,3,80.43,8.22,11.35,MULTIPLE_FACES
S04031,99.83,1,0.55,0.0,1,38.96,32.02,29.02,LOOKING_LEFT
S04032,100.0,1,0.0,0.0,1,32.77,16.8,50.43,LOOKING_RIGHT
S04033,99.85,1,0.96,0.0,2,95.33,2.77,1.9,NORMAL
S04034,99.98,1,0.18,0.0,4,43.95,19.14,36.91,LOOKING_AWAY
S04035,99.35,1,7.94,0.0,0,85.8,8.61,5.59,NORMAL
S04036,100.0,1,0.0,0.0,2,81.73,13.17,5.1,NORMAL
S04037,56.95,1,33.43,0.0,0,87.2,4.77,8.03,NO_FACE
S04038,100.0,1,0.0,0.0,4,16.71,66.01,17.28,LOOKING_LEFT
S04039,100.0,1,0.0,0.0,1,90.48,5.89,3.63,NORMAL
S04040,93.26,2,10.05,4.81,4,66.8,21.09,12.11,MULTIPLE_FACES
S04041,99.81,1,0.86,0.0,6,63.43,16.37,20.2,NORMAL
S04042,100.0,2,0.0,171.09,4,73.31,19.48,7.21,MULTIPLE_FACES
S04043,100.0,2,0.0,426.77,0,90.0,0.07,9.93,MULTIPLE_FACES
S04044,50.09,1,356.81,0.0,0,90.79,4.56,4.65,NO_FACE
S04045,99.8,1,2.05,0.0,3,77.98,2.73,19.29,NORMAL
S04046,99.93,1,0.16,0.0,11,8.62,16.51,74.87,LOOKING_RIGHT
S04047,100.0,1,0.0,0.0,1,87.37,2.56,10.07,NORMAL
S04048,99.91,1,1.23,0.0,4,34.03,58.24,7.73,LOOKING_LEFT
S04049,68.47,1,150.45,0.0,0,81.77,10.76,7.47,NO_FACE
S04050,100.0,1,0.0,0.0,0,89.05,3.09,7.86,NORMAL
S04051,26.83,1,319.26,0.0,1,79.63,17.29,3.08,NO_FACE
S04052,100.0,1,0.0,0.0,21,14.71,53.68,31.61,LOOKING_AWAY
S04053,99.94,1,0.49,0.0,1,92.49,1.63,5.88,NORMAL
S04054,99.75,1,0.46,0.0,4,62.0,9.66,28.34,LOOKING_AWAY
S04055,100.0,1,0.0,0.0,5,31.26,16.21,52.53,LOOKING_RIGHT
S04056,99.92,1,0.66,0.0,1,91.86,0.59,7.55,NORMAL
S04057,100.0,1,0.0,0.0,0,85.69,1.45,12.86,NORMAL
S04058,99.35,1,1.15,0.0,9,42.45,16.58,40.97,LOOKING_AWAY
S04059,99.88,1,0.54,0.0,4,30.93,55.85,13.22,LOOKING_LEFT
S04060,100.0,1,0.0,0.0,9,41.55,46.21,12.24,LOOKING_AWAY
S04061,92.38,1,7.95,0.0,10,45.0,34.65,20.35,NORMAL
S04062,93.73,2,16.61,2.43,7,48.63,22.13,29.24,MULTIPLE_FACES
S04063,31.64,1,435.4,0.0,4,90.06,6.9,3.04,NO_FACE
S04064,100.0,1,0.0,0.0,3,70.66,25.46,3.88,NORMAL
S04065,100.0,1,0.0,0.0,4,45.63,47.88,6.49,LOOKING_LEFT
S04066,100.0,1,0.0,0.0,8,45.23,34.92,19.85,LOOKING_AWAY
S04067,98.64,2,10.17,0.82,8,12.06,23.31,64.63,LOOKING_RIGHT
S04068,99.4,1,1.31,0.0,4,76.09,7.02,16.89,NORMAL
S04069,100.0,1,0.0,0.0,3,68.18,10.23,21.59,NORMAL
S04070,0.0,0,1353.46,0.0,0,100.0,0.0,0.0,NO_FACE
S04071,100.0,1,0.0,0.0,3,93.63,0.12,6.25,NORMAL
S04072,100.0,3,0.0,168.77,2,70.31,6.49,23.2,MULTIPLE_FACES
S04073,100.0,3,0.0,55.31,3,86.74,4.51,8.75,MULTIPLE_FACES
S04074,99.65,2,1.81,108.2,6,61.19,37.23,1.58,MULTIPLE_FACES
S04075,51.42,1,500.06,0.0,3,73.41,19.42,7.17,NO_FACE
S04076,99.72,1,2.2,0.0,10,15.23,38.7,46.07,LOOKING_AWAY
S04077,99.96,1,0.24,0.0,11,29.91,26.12,43.97,LOOKING_AWAY
S04078,99.94,2,0.66,94.44,2,90.71,4.59,4.7,MULTIPLE_FACES
S04079,99.79,1,0.41,0.0,9,4.51,70.92,24.57,LOOKING_LEFT
S04080,38.7,1,296.5,0.0,0,85.77,5.97,8.26,NO_FACE
S04081,97.05,1,7.7,0.0,0,25.1,9.43,65.47,LOOKING_RIGHT
S04082,99.84,1,0.21,0.0,3,84.23,11.17,4.6,NORMAL
S04083,100.0,1,0.0,0.0,2,75.41,10.37,14.22,NORMAL
S04084,100.0,1,0.0,0.0,8,36.61,31.55,31.84,LOOKING_AWAY
S04085,68.49,2,128.81,93.81,6,74.27,7.62,18.11,MULTIPLE_FACES
S04086,99.96,2,0.11,2.71,9,44.39,37.5,18.11,MULTIPLE_FACES
S04087,99.85,1,1.06,0.0,1,91.81,3.83,4.36,NORMAL
S04088,99.89,1,0.65,0.0,4,61.42,35.94,2.64,LOOKING_LEFT
S04089,100.0,1,0.0,0.0,8,39.12,19.54,41.34,LOOKING_AWAY
S04090,82.25,1,16.13,0.0,3,81.98,3.35,14.67,NO_FACE
S04091,100.0,1,0.0,0.0,4,62.05,19.88,18.07,NORMAL
S04092,100.0,1,0.0,0.0,4,33.35,29.97,36.68,LOOKING_AWAY
S04093,100.0,2,0.0,1.48,7,43.79,13.0,43.21,MULTIPLE_FACES
S04094,99.92,1,0.68,0.0,10,36.28,51.79,11.93,LOOKING_AWAY
S04095,100.0,1,0.0,0.0,8,31.13,8.18,60.69,LOOKING_RIGHT
S04096,100.0,1,0.0,0.0,15,10.52,52.59,36.89,LOOKING_AWAY
S04097,100.0,1,0.0,0.0,5,52.04,30.58,17.38,NORMAL
S04098,0.0,0,1102.3,0.0,0,100.0,0.0,0.0,NO_FACE
S04099,100.0,1,0.0,0.0,5,65.18,26.79,8.03,NORMAL
S04100,100.0,1,0.06,0.0,8,56.66,3.73,39.61,LOOKING_RIGHT
S04101,27.71,1,490.56,0.0,4,59.53,10.96,29.51,NO_FACE
S04102,100.0,1,0.0,0.0,5,59.4,9.3,31.3,LOOKING_RIGHT
S04103,66.99,2,76.78,36.51,5,81.99,1.91,16.1,MULTIPLE_FACES
S04104,100.0,1,0.0,0.0,8,3.86,20.87,75.27,LOOKING_RIGHT
S04105,15.25,1,298.52,0.0,1,91.72,2.59,5.69,NO_FACE
S04106,100.0,1,0.0,0.0,7,53.13,44.6,2.27,NORMAL
S04107,98.84,1,18.0,0.0,0,76.36,15.46,8.18,NORMAL
S04108,98.51,1,17.09,0.0,4,45.84,21.25,32.91,LOOKING_RIGHT
S04109,99.72,1,0.5,0.0,9,10.38,22.83,66.79,LOOKING_AWAY
S04110,98.17,2,8.63,152.2,3,84.41,4.82,10.77,MULTIPLE_FACES
S04111,25.43,1,79.03,0.0,2,89.49,7.69,2.82,NO_FACE
S04112,65.48,1,51.27,0.0,2,80.55,9.18,10.27,NO_FACE
S04113,95.8,1,5.98,0.0,0,98.54,0.89,0.57,NORMAL
S04114,100.0,2,0.01,25.86,7,66.15,7.26,26.59,MULTIPLE_FACES
S04115,99.28,1,0.8,0.0,11,27.13,31.48,41.39,LOOKING_AWAY
S04116,100.0,1,0.0,0.0,2,63.22,18.49,18.29,NORMAL
S04117,100.0,1,0.0,0.0,3,73.56,11.39,15.05,NORMAL
S04118,100.0,1,0.0,0.0,2,88.93,7.09,3.98,NORMAL
S04119,99.57,1,7.34,0.0,8,17.67,15.76,66.57,LOOKING_AWAY
S04120,99.26,1,2.67,0.0,14,31.07,16.24,52.69,LOOKING_AWAY
S04121,99.69,1,2.41,0.0,1,81.62,9.27,9.11,NORMAL
S04122,99.63,1,0.43,0.0,3,55.47,16.66,27.87,NORMAL
S04123,100.0,1,0.0,0.0,13,4.34,36.06,59.6,LOOKING_AWAY
S04124,98.99,1,12.21,0.0,7,38.76,38.73,22.51,LOOKING_AWAY
S04125,6.23,1,500.98,0.0,0,62.19,14.16,23.65,NO_FACE
S04126,98.09,1,7.07,0.0,2,63.28,30.38,6.34,LOOKING_LEFT
S04127,100.0,1,0.0,0.0,6,38.17,1.17,60.66,LOOKING_RIGHT
S04128,100.0,1,0.0,0.0,4,79.12,8.82,12.06,NORMAL
S04129,54.64,1,136.61,0.0,4,75.24,10.02,14.74,NO_FACE
S04130,100.0,2,0.0,2.15,4,79.26,4.96,15.78,MULTIPLE_FACES
S04131,100.0,2,0.0,0.29,1,78.59,11.6,9.81,NORMAL
S04132,47.54,1,239.13,0.0,1,82.86,10.4,6.74,NO_FACE
S04133,100.0,1,0.0,0.0,5,55.03,41.44,3.53,LOOKING_LEFT
S04134,100.0,2,0.0,1.65,8,33.05,24.55,42.4,LOOKING_AWAY
S04135,99.89,1,0.36,0.0,2,33.21,29.08,37.71,LOOKING_RIGHT
S04136,99.76,1,1.65,0.0,7,25.89,54.04,20.07,LOOKING_LEFT
S04137,99.86,1,1.46,0.0,7,25.09,37.25,37.66,LOOKING_AWAY
S04138,99.74,1,0.74,0.0,8,17.98,69.97,12.05,LOOKING_LEFT
S04139,100.0,1,0.0,0.0,12,42.0,24.02,33.98,LOOKING_AWAY
S04140,99.57,2,3.55,301.09,7,56.48,25.41,18.11,MULTIPLE_FACES
S04141,99.96,2,0.37,141.68,3,85.9,4.47,9.63,MULTIPLE_FACES
S04142,100.0,1,0.0,0.0,10,24.77,46.06,29.17,LOOKING_AWAY
S04143,0.0,0,1103.75,0.0,0,100.0,0.0,0.0,NO_FACE
S04144,99.84,1,0.42,0.0,14,19.86,40.61,39.53,LOOKING_AWAY
S04145,99.99,1,0.1,0.0,3,71.33,6.79,21.88,NORMAL
S04146,100.0,1,0.0,0.0,4,56.78,19.3,23.92,NORMAL
S04147,100.0,1,0.0,0.0,4,74.27,20.12,5.61,NORMAL
S04148,98.97,1,13.15,0.0,3,56.62,29.16,14.22,NORMAL
S04149,98.85,2,2.8,62.87,3,87.88,2.28,9.84,MULTIPLE_FACES
S04150,100.0,1,0.0,0.0,2,50.93,30.68,18.39,LOOKING_LEFT
S04151,99.98,1,0.14,0.0,4,51.07,30.3,18.63,LOOKING_AWAY
S04152,99.82,1,1.15,0.0,6,50.76,48.63,0.61,LOOKING_LEFT
S04153,100.0,1,0.0,0.0,2,73.61,18.37,8.02,NORMAL
S04154,100.0,1,0.0,0.0,3,43.28,6.18,50.54,LOOKING_AWAY
S04155,99.84,1,0.59,0.0,5,65.47,4.86,29.67,LOOKING_RIGHT
S04156,99.96,1,0.42,0.0,3,4.83,77.43,17.74,LOOKING_LEFT
S04157,98.49,1,12.94,0.0,8,16.71,67.55,15.74,LOOKING_AWAY
S04158,64.1,1,119.85,0.0,2,65.57,3.33,31.1,NO_FACE
S04159,100.0,1,0.0,0.0,6,25.08,46.78,28.14,LOOKING_AWAY
S04160,30.77,1,318.72,0.0,4,76.07,12.62,11.31,NO_FACE
S04161,100.0,1,0.0,0.0,12,14.33,6.57,79.1,LOOKING_AWAY
S04162,98.48,1,9.74,0.0,1,89.47,0.84,9.69,NORMAL
S04163,100.0,1,0.0,0.0,3,76.01,15.64,8.35,NORMAL
S04164,100.0,1,0.0,0.0,10,31.44,39.9,28.66,LOOKING_AWAY
S04165,100.0,1,0.0,0.0,3,60.12,37.93,1.95,LOOKING_LEFT
S04166,97.43,1,6.93,0.0,4,26.74,63.21,10.05,LOOKING_AWAY
S04167,100.0,1,0.0,0.0,3,0.0,25.31,74.69,LOOKING_RIGHT
S04168,96.76,1,2.68,0.0,3,37.75,18.73,43.52,LOOKING_RIGHT
S04169,98.77,1,0.79,0.0,1,92.86,4.08,3.06,NORMAL
S04170,52.43,1,233.5,0.0,2,65.17,23.16,11.67,NO_FACE
S04171,66.31,1,74.6,0.0,1,87.48,2.73,9.79,NO_FACE
S04172,8.98,1,235.72,0.0,5,64.81,26.58,8.61,NO_FACE
S04173,99.95,1,0.53,0.0,3,91.61,6.85,1.54,NORMAL
S04174,99.45,1,2.96,0.0,3,92.92,1.84,5.24,NORMAL
S04175,100.0,1,0.0,0.0,6,30.92,24.96,44.12,LOOKING_AWAY
S04176,99.57,1,0.89,0.0,3,17.37,14.97,67.66,LOOKING_RIGHT
S04177,99.81,1,1.37,0.0,3,59.81,12.47,27.72,NORMAL
S04178,100.0,1,0.0,0.0,6,45.82,0.62,53.56,LOOKING_RIGHT
S04179,99.22,2,6.69,1.42,3,24.5,53.43,22.07,LOOKING_LEFT
S04180,100.0,1,0.0,0.0,3,67.45,14.44,18.11,NORMAL
S04181,99.66,1,1.74,0.0,5,62.83,26.65,10.52,LOOKING_LEFT
S04182,79.58,1,32.59,0.0,4,90.04,0.41,9.55,NO_FACE
S04183,100.0,2,0.0,1.01,13,17.45,19.09,63.46,LOOKING_AWAY
S04184,35.77,2,114.44,1.59,0,78.32,16.69,4.99,NO_FACE
S04185,99.63,2,0.33,48.7,2,84.87,2.28,12.85,MULTIPLE_FACES
S04186,99.27,1,1.23,0.0,1,21.34,2.93,75.73,LOOKING_RIGHT
S04187,99.71,3,1.14,2.08,5,82.27,10.18,7.55,MULTIPLE_FACES
S04188,88.23,1,37.88,0.0,0,88.61,5.83,5.56,NO_FACE
S04189,100.0,1,0.0,0.0,18,8.78,65.16,26.06,LOOKING_AWAY
S04190,99.96,1,0.39,0.0,6,34.54,15.25,50.21,LOOKING_RIGHT
S04191,100.0,1,0.0,0.0,4,68.59,11.51,19.9,NORMAL
S04192,70.23,2,279.1,2.05,4,78.57,10.8,10.63,MULTIPLE_FACES
S04193,100.0,1,0.0,0.0,0,78.69,10.67,10.64,NORMAL
S04194,99.91,1,0.66,0.0,9,25.2,46.6,28.2,LOOKING_AWAY
S04195,99.96,1,0.35,0.0,4,48.98,27.92,23.1,LOOKING_LEFT
S04196,100.0,1,0.0,0.0,2,96.11,2.85,1.04,NORMAL
S04197,100.0,1,0.0,0.0,5,45.4,47.52,7.08,LOOKING_LEFT
S04198,35.25,1,130.46,0.0,1,74.28,18.64,7.08,NO_FACE
S04199,100.0,1,0.0,0.0,6,57.18,41.08,1.74,LOOKING_LEFT
S04200,100.0,2,0.0,370.34,4,80.55,11.12,8.33,MULTIPLE_FACES
S04201,100.0,1,0.0,0.0,4,78.05,19.54,2.41,NORMAL
S04202,100.0,1,0.0,0.0,2,50.54,46.87,2.59,LOOKING_LEFT
S04203,100.0,2,0.0,2.0,2,83.17,8.15,8.68,MULTIPLE_FACES
S04204,99.2,1,1.78,0.0,6,28.37,65.52,6.11,LOOKING_LEFT
S04205,74.85,2,96.21,366.41,3,78.78,8.34,12.88,MULTIPLE_FACES
S04206,89.69,1,20.01,0.0,9,52.78,43.28,3.94,NORMAL
S04207,100.0,1,0.0,0.0,3,86.96,11.35,1.69,NORMAL
S04208,100.0,1,0.0,0.0,4,32.24,21.48,46.28,LOOKING_AWAY
S04209,100.0,1,0.0,0.0,0,89.97,5.03,5.0,NORMAL
S04210,99.88,1,1.63,0.0,3,74.15,14.6,11.25,NORMAL
S04211,99.44,1,5.84,0.0,7,61.8,21.25,16.95,NORMAL
S04212,99.91,1,0.98,0.0,4,54.29,19.27,26.44,NORMAL
S04213,99.97,2,0.23,0.65,3,71.73,5.95,22.32,NORMAL
S04214,33.63,1,147.52,0.0,4,50.87,15.21,33.92,NO_FACE
S04215,99.85,1,1.63,0.0,4,40.18,51.57,8.25,LOOKING_LEFT
S04216,57.92,1,16.38,0.0,2,78.87,9.86,11.27,NO_FACE
S04217,100.0,1,0.0,0.0,9,19.64,5.31,75.05,LOOKING_RIGHT
S04218,99.99,2,0.04,62.93,3,67.94,25.43,6.63,MULTIPLE_FACES
S04219,99.57,1,1.91,0.0,5,63.09,0.61,36.3,LOOKING_RIGHT
S04220,99.9,1,0.97,0.0,1,90.08,7.59,2.33,NORMAL
S04221,99.87,1,0.4,0.0,3,66.13,16.68,17.19,NORMAL
S04222,100.0,1,0.0,0.0,2,97.89,0.71,1.4,NORMAL
S04223,98.63,1,15.11,0.0,8,24.24,29.75,46.01,LOOKING_AWAY
S04224,96.96,2,5.82,52.41,3,81.81,11.27,6.92,MULTIPLE_FACES
S04225,99.96,1,0.16,0.0,3,66.28,4.02,29.7,NORMAL
S04226,99.92,1,0.19,0.0,4,19.15,62.74,18.11,LOOKING_LEFT
S04227,99.82,1,0.78,0.0,10,52.06,17.49,30.45,LOOKING_AWAY
S04228,99.7,1,3.3,0.0,4,38.77,30.34,30.89,LOOKING_AWAY
S04229,100.0,1,0.0,0.0,2,73.64,5.01,21.35,NORMAL
S04230,100.0,1,0.0,0.0,3,61.01,16.15,22.84,NORMAL
S04231,99.7,1,2.02,0.0,11,26.7,68.66,4.64,LOOKING_AWAY
S04232,25.79,1,131.39,0.0,2,50.9,30.85,18.25,NO_FACE
S04233,99.98,1,0.23,0.0,4,48.27,39.44,12.29,LOOKING_LEFT
S04234,100.0,1,0.0,0.0,3,36.6,30.2,33.2,LOOKING_RIGHT
S04235,99.83,1,1.5,0.0,9,2.0,76.77,21.23,LOOKING_AWAY
S04236,100.0,1,0.0,0.0,2,74.51,22.0,3.49,LOOKING_LEFT
S04237,98.95,1,1.34,0.0,6,0.0,13.61,86.39,LOOKING_RIGHT
S04238,83.32,1,8.55,0.0,7,2.06,30.48,67.46,NO_FACE
S04239,51.27,1,109.08,0.0,1,17.74,48.34,33.92,NO_FACE
S04240,61.37,2,181.7,99.87,4,69.52,17.72,12.76,MULTIPLE_FACES
S04241,99.87,1,0.53,0.0,3,66.03,1.59,32.38,LOOKING_RIGHT
S04242,100.0,1,0.0,0.0,4,40.37,14.95,44.68,LOOKING_RIGHT
S04243,100.0,1,0.0,0.0,4,37.08,24.4,38.52,LOOKING_AWAY
S04244,98.69,1,3.08,0.0,7,19.94,35.18,44.88,LOOKING_AWAY
S04245,100.0,1,0.0,0.0,3,59.0,22.0,19.0,LOOKING_LEFT
S04246,98.28,1,2.04,0.0,4,84.41,13.71,1.88,NORMAL
S04247,98.51,2,11.33,1.01,5,63.76,35.52,0.72,LOOKING_LEFT
S04248,54.96,1,457.37,0.0,3,59.0,26.01,14.99,NO_FACE
S04249,99.88,2,0.36,87.44,7,63.51,30.65,5.84,MULTIPLE_FACES
S04250,100.0,1,0.0,0.0,3,43.34,48.95,7.71,LOOKING_LEFT
S04251,79.09,1,114.83,0.0,2,74.34,13.53,12.13,NO_FACE
S04252,98.94,1,4.69,0.0,1,95.13,2.07,2.8,NORMAL
S04253,75.68,2,8.15,8.55,0,89.29,8.02,2.69,MULTIPLE_FACES
S04254,100.0,1,0.0,0.0,2,46.44,48.62,4.94,LOOKING_LEFT
S04255,99.77,1,2.0,0.0,3,83.54,10.22,6.24,NORMAL
S04256,99.97,1,0.49,0.0,0,93.23,5.42,1.35,NORMAL
S04257,100.0,1,0.0,0.0,3,82.44,8.2,9.36,NORMAL
S04258,100.0,1,0.0,0.0,3,82.12,14.57,3.31,NORMAL
S04259,95.12,4,15.19,46.35,2,72.99,12.61,14.4,MULTIPLE_FACES
S04260,100.0,2,0.0,228.36,4,73.34,3.73,22.93,MULTIPLE_FACES
S04261,99.61,1,0.69,0.0,4,27.21,18.47,54.32,LOOKING_RIGHT
S04262,82.86,1,160.49,0.0,6,51.06,24.09,24.85,NO_FACE
S04263,99.41,1,7.7,0.0,2,89.41,1.63,8.96,NORMAL
S04264,100.0,1,0.0,0.0,3,22.19,54.88,22.93,LOOKING_LEFT
S04265,99.96,1,0.42,0.0,3,52.24,2.17,45.59,LOOKING_RIGHT
S04266,100.0,1,0.0,0.0,3,49.6,15.85,34.55,NORMAL
S04267,99.81,1,0.37,0.0,5,63.71,32.0,4.29,LOOKING_LEFT
S04268,99.61,1,1.12,0.0,4,31.51,43.73,24.76,LOOKING_AWAY
S04269,99.87,1,0.17,0.0,3,54.67,34.46,10.87,NORMAL
S04270,100.0,1,0.0,0.0,0,60.21,34.88,4.91,LOOKING_LEFT
S04271,99.77,1,0.95,0.0,1,67.12,26.35,6.53,NORMAL
S04272,99.16,1,13.53,0.0,11,17.78,30.66,51.56,LOOKING_AWAY
S04273,99.96,1,0.2,0.0,1,95.66,2.35,1.99,NORMAL
S04274,50.34,1,42.2,0.0,4,7.16,16.46,76.38,NO_FACE
S04275,99.87,1,1.9,0.0,9,51.14,34.82,14.04,LOOKING_AWAY
S04276,100.0,1,0.0,0.0,0,85.65,2.06,12.29,NORMAL
S04277,99.9,1,0.78,0.0,6,51.04,29.68,19.28,NORMAL
S04278,96.15,1,18.83,0.0,1,25.23,44.35,30.42,LOOKING_LEFT
S04279,100.0,1,0.0,0.0,3,80.48,13.56,5.96,NORMAL
S04280,0.0,0,525.32,0.0,0,100.0,0.0,0.0,NO_FACE
S04281,100.0,1,0.0,0.0,5,43.31,50.11,6.58,LOOKING_LEFT
S04282,100.0,1,0.0,0.0,2,78.15,16.93,4.92,NORMAL
S04283,99.73,1,1.17,0.0,5,28.28,34.36,37.36,LOOKING_RIGHT
S04284,100.0,1,0.0,0.0,2,57.51,22.84,19.65,NORMAL
S04285,100.0,1,0.0,0.0,9,30.36,63.74,5.9,LOOKING_AWAY
S04286,99.93,1,0.37,0.0,2,63.39,6.46,30.15,LOOKING_RIGHT
S04287,99.89,4,0.69,57.05,0,90.55,2.15,7.3,MULTIPLE_FACES
S04288,100.0,1,0.0,0.0,5,31.62,24.36,44.02,LOOKING_RIGHT
S04289,100.0,1,0.0,0.0,5,76.29,19.0,4.71,NORMAL
S04290,100.0,1,0.0,0.0,6,32.5,61.41,6.09,LOOKING_LEFT
S04291,100.0,2,0.0,0.94,1,92.02,6.78,1.2,MULTIPLE_FACES
S04292,100.0,1,0.0,0.0,2,75.76,23.33,0.91,NORMAL
S04293,100.0,1,0.0,0.0,12,38.79,6.67,54.54,LOOKING_AWAY
S04294,100.0,1,0.0,0.0,4,47.21,9.52,43.27,LOOKING_RIGHT
S04295,44.46,1,255.23,0.0,1,72.31,20.92,6.77,NO_FACE
S04296,100.0,1,0.0,0.0,9,2.0,52.13,45.87,LOOKING_AWAY
S04297,99.36,1,2.21,0.0,11,41.81,30.24,27.95,LOOKING_AWAY
S04298,99.92,1,0.53,0.0,2,82.87,11.97,5.16,NORMAL
S04299,100.0,1,0.0,0.0,1,82.64,10.74,6.62,NORMAL
S04300,87.44,1,73.12,0.0,2,65.77,30.65,3.58,NO_FACE
S04301,99.64,1,2.79,0.0,2,93.09,5.9,1.01,NORMAL
S04302,98.59,1,3.91,0.0,0,90.57,5.25,4.18,NORMAL
S04303,99.6,1,1.57,0.0,10,40.73,24.23,35.04,LOOKING_AWAY
S04304,30.79,1,127.52,0.0,2,50.34,13.51,36.15,NO_FACE
S04305,99.99,3,0.06,384.91,3,80.33,17.23,2.44,MULTIPLE_FACES
S04306,100.0,2,0.0,119.79,2,82.11,10.12,7.77,MULTIPLE_FACES
S04307,99.76,1,0.71,0.0,5,84.92,7.38,7.7,NORMAL
S04308,99.94,1,0.65,0.0,5,38.84,50.03,11.13,LOOKING_LEFT
S04309,98.85,1,10.3,0.0,1,16.16,21.31,62.53,LOOKING_RIGHT
S04310,100.0,1,0.0,0.0,8,77.22,5.12,17.66,NORMAL
S04311,100.0,1,0.0,0.0,6,18.24,33.32,48.44,LOOKING_AWAY
S04312,100.0,1,0.0,0.0,3,64.06,17.04,18.9,NORMAL
S04313,100.0,1,0.0,0.0,3,67.59,28.94,3.47,NORMAL
S04314,100.0,1,0.0,0.0,5,85.53,2.05,12.42,NORMAL
S04315,7.32,1,808.01,0.0,1,81.96,4.81,13.23,NO_FACE
S04316,99.28,2,4.96,1.79,6,57.55,36.52,5.93,MULTIPLE_FACES
S04317,99.56,1,2.17,0.0,2,45.0,27.68,27.32,NORMAL
S04318,98.88,2,2.47,0.97,3,59.29,10.78,29.93,MULTIPLE_FACES
S04319,99.97,1,0.09,0.0,2,61.29,7.61,31.1,NORMAL
S04320,100.0,1,0.0,0.0,1,83.58,9.71,6.71,NORMAL
S04321,37.61,1,209.3,0.0,1,67.55,29.35,3.1,NO_FACE
S04322,99.91,2,0.55,32.92,3,76.26,6.58,17.16,MULTIPLE_FACES
S04323,100.0,1,0.0,0.0,13,34.8,29.95,35.25,LOOKING_AWAY
S04324,99.85,1,0.16,0.0,4,69.96,11.12,18.92,NORMAL
S04325,99.87,1,1.19,0.0,1,88.2,7.59,4.21,NORMAL
S04326,0.0,0,1594.01,0.0,0,100.0,0.0,0.0,NO_FACE
S04327,99.97,1,0.13,0.0,6,21.96,11.69,66.35,LOOKING_RIGHT
S04328,98.31,1,6.78,0.0,3,30.74,14.47,54.79,LOOKING_RIGHT
S04329,100.0,2,0.0,8.92,7,46.19,50.72,3.09,MULTIPLE_FACES
S04330,95.02,1,7.77,0.0,13,12.86,13.82,73.32,LOOKING_AWAY
S04331,99.71,2,2.63,447.91,6,83.26,8.46,8.28,MULTIPLE_FACES
S04332,100.0,1,0.0,0.0,4,77.28,10.79,11.93,NORMAL
S04333,84.44,1,173.33,0.0,0,80.82,9.45,9.73,NO_FACE
S04334,100.0,1,0.0,0.0,2,47.11,41.68,11.21,LOOKING_LEFT
S04335,22.38,1,1055.23,0.0,7,4.78,83.97,11.25,NO_FACE
S04336,99.91,1,0.59,0.0,11,22.72,8.11,69.17,LOOKING_AWAY
S04337,99.4,1,4.12,0.0,8,31.4,33.58,35.02,LOOKING_AWAY
S04338,100.0,1,0.0,0.0,7,8.72,68.88,22.4,LOOKING_LEFT
S04339,99.94,2,0.19,81.59,4,81.49,5.12,13.39,MULTIPLE_FACES
S04340,100.0,1,0.0,0.0,3,56.12,38.21,5.67,LOOKING_LEFT
S04341,100.0,2,0.0,332.59,3,69.5,10.34,20.16,MULTIPLE_FACES
S04342,99.95,3,0.56,501.99,6,45.83,41.03,13.14,MULTIPLE_FACES
S04343,100.0,1,0.0,0.0,3,46.25,14.55,39.2,LOOKING_RIGHT
S04344,100.0,3,0.0,191.67,3,67.57,22.89,9.54,MULTIPLE_FACES
S04345,43.18,2,7.85,1.47,0,93.11,1.34,5.55,NO_FACE
S04346,100.0,1,0.0,0.0,8,45.0,33.32,21.68,NORMAL
S04347,99.88,1,0.66,0.0,4,30.22,42.54,27.24,LOOKING_LEFT
S04348,100.0,1,0.0,0.0,5,24.04,48.19,27.77,LOOKING_LEFT
S04349,100.0,1,0.0,0.0,2,51.29,8.02,40.69,LOOKING_RIGHT
S04350,100.0,1,0.0,0.0,2,86.51,0.9,12.59,NORMAL
S04351,71.17,2,141.11,172.92,3,88.2,10.56,1.24,MULTIPLE_FACES
S04352,99.68,1,0.94,0.0,2,30.85,41.42,27.73,LOOKING_LEFT
S04353,99.98,1,0.13,0.0,12,17.48,68.37,14.15,LOOKING_AWAY
S04354,100.0,1,0.0,0.0,1,84.22,10.65,5.13,NORMAL
S04355,79.92,3,60.14,178.9,1,91.17,5.53,3.3,MULTIPLE_FACES
S04356,100.0,1,0.0,0.0,2,88.84,9.37,1.79,NORMAL
S04357,99.88,1,0.67,0.0,3,71.79,12.91,15.3,NORMAL
S04358,99.83,1,1.22,0.0,7,10.66,53.24,36.1,LOOKING_AWAY
S04359,99.47,1,2.76,0.0,1,81.39,0.13,18.48,NORMAL
S04360,99.93,1,0.41,0.0,4,81.96,14.41,3.63,NORMAL
S04361,71.48,2,79.0,48.13,3,70.37,22.39,7.24,MULTIPLE_FACES
S04362,99.91,1,1.28,0.0,1,77.93,6.53,15.54,NORMAL
S04363,96.33,1,8.01,0.0,3,58.8,38.28,2.92,LOOKING_LEFT
S04364,98.56,1,1.2,0.0,7,51.81,30.49,17.7,LOOKING_LEFT
S04365,0.0,0,261.12,0.0,0,100.0,0.0,0.0,NO_FACE
S04366,100.0,1,0.0,0.0,7,20.73,53.05,26.22,LOOKING_LEFT
S04367,72.55,3,131.74,100.58,7,49.87,36.92,13.21,MULTIPLE_FACES
S04368,99.7,1,1.73,0.0,4,67.45,25.99,6.56,NORMAL
S04369,100.0,2,0.0,242.87,2,90.15,1.19,8.66,MULTIPLE_FACES
S04370,100.0,1,0.0,0.0,8,38.43,43.05,18.52,LOOKING_AWAY
S04371,100.0,1,0.0,0.0,3,61.38,12.72,25.9,LOOKING_RIGHT
S04372,100.0,1,0.0,0.0,7,32.18,25.46,42.36,LOOKING_AWAY
S04373,100.0,2,0.0,404.44,7,59.06,25.62,15.32,MULTIPLE_FACES
S04374,100.0,1,0.0,0.0,6,45.36,39.95,14.69,LOOKING_LEFT
S04375,99.56,1,5.46,0.0,4,41.17,15.02,43.81,LOOKING_RIGHT
S04376,99.42,2,3.63,161.68,1,77.32,14.89,7.79,MULTIPLE_FACES
S04377,100.0,1,0.0,0.0,8,21.18,30.14,48.68,LOOKING_AWAY
S04378,100.0,1,0.0,0.0,2,55.8,17.06,27.14,LOOKING_RIGHT
S04379,100.0,1,0.0,0.0,7,23.41,15.58,61.01,LOOKING_AWAY
S04380,100.0,2,0.02,557.45,2,81.04,7.91,11.05,MULTIPLE_FACES
S04381,100.0,1,0.0,0.0,2,34.81,29.5,35.69,LOOKING_RIGHT
S04382,100.0,2,0.0,29.85,5,92.66,5.74,1.6,MULTIPLE_FACES
S04383,98.92,1,1.61,0.0,5,69.94,11.84,18.22,NORMAL
S04384,99.45,1,5.39,0.0,8,50.06,25.58,24.36,NORMAL
S04385,42.35,1,183.39,0.0,2,64.9,24.71,10.39,NO_FACE
S04386,99.79,1,0.77,0.0,10,17.37,30.78,51.85,LOOKING_AWAY
S04387,37.15,1,601.86,0.0,2,53.77,29.04,17.19,NO_FACE
S04388,64.32,1,187.47,0.0,4,37.07,38.65,24.28,NO_FACE
S04389,99.98,1,0.08,0.0,2,74.59,8.31,17.1,NORMAL
S04390,98.12,1,3.2,0.0,4,71.14,14.27,14.59,NORMAL
S04391,100.0,1,0.0,0.0,2,83.02,3.35,13.63,NORMAL
S04392,36.81,1,28.57,0.0,1,79.95,10.66,9.39,NO_FACE
S04393,99.73,1,0.39,0.0,1,43.27,49.28,7.45,LOOKING_LEFT
S04394,99.82,2,1.53,170.65,1,81.86,14.51,3.63,MULTIPLE_FACES
S04395,100.0,1,0.0,0.0,6,75.18,18.8,6.02,NORMAL
S04396,98.39,1,6.94,0.0,5,35.55,19.15,45.3,LOOKING_RIGHT
S04397,100.0,1,0.0,0.0,10,46.55,18.98,34.47,LOOKING_AWAY
S04398,100.0,2,0.0,346.16,3,67.55,24.5,7.95,MULTIPLE_FACES
S04399,99.99,1,0.12,0.0,1,87.49,2.71,9.8,NORMAL
S04400,100.0,1,0.0,0.0,3,28.17,53.85,17.98,LOOKING_LEFT
S04401,99.74,1,4.27,0.0,6,44.9,51.97,3.13,LOOKING_LEFT
S04402,99.99,1,0.02,0.0,4,22.58,25.84,51.58,LOOKING_RIGHT
S04403,100.0,1,0.0,0.0,2,67.15,23.66,9.19,NORMAL
S04404,99.95,1,0.43,0.0,3,55.8,27.5,16.7,LOOKING_LEFT
S04405,99.99,1,0.02,0.0,3,22.93,43.81,33.26,LOOKING_LEFT
S04406,99.29,1,2.55,0.0,5,8.79,62.1,29.11,LOOKING_LEFT
S04407,99.97,1,0.34,0.0,8,26.11,65.26,8.63,LOOKING_LEFT
S04408,99.92,1,0.9,0.0,9,13.43,33.88,52.69,LOOKING_AWAY
S04409,97.24,1,12.56,0.0,6,16.09,17.41,66.5,LOOKING_RIGHT
S04410,99.46,1,5.42,0.0,3,76.53,13.39,10.08,NORMAL
S04411,69.03,1,384.01,0.0,2,86.11,2.2,11.69,NO_FACE
S04412,100.0,1,0.0,0.0,2,71.39,17.68,10.93,NORMAL
S04413,99.82,1,0.4,0.0,13,4.77,28.55,66.68,LOOKING_AWAY
S04414,100.0,1,0.0,0.0,11,27.56,23.31,49.13,LOOKING_AWAY
S04415,100.0,1,0.0,0.0,1,53.92,16.82,29.26,LOOKING_RIGHT
S04416,99.87,1,1.21,0.0,12,20.5,8.9,70.6,LOOKING_AWAY
S04417,100.0,1,0.0,0.0,4,45.2,46.09,8.71,LOOKING_LEFT
S04418,99.92,1,1.09,0.0,8,24.28,23.81,51.91,LOOKING_AWAY
S04419,99.9,1,1.05,0.0,4,70.5,25.17,4.33,NORMAL
S04420,100.0,1,0.0,0.0,9,44.6,42.24,13.16,LOOKING_AWAY
S04421,100.0,1,0.0,0.0,1,62.54,16.31,21.15,NORMAL
S04422,99.95,1,0.69,0.0,1,85.93,5.8,8.27,NORMAL
S04423,99.63,2,1.68,181.3,0,92.72,6.65,0.63,MULTIPLE_FACES
S04424,100.0,1,0.0,0.0,9,44.81,31.04,24.15,LOOKING_AWAY
S04425,100.0,1,0.0,0.0,4,0.0,28.54,71.46,LOOKING_RIGHT
S04426,80.74,1,35.03,0.0,2,78.54,4.77,16.69,NO_FACE
S04427,99.96,1,0.57,0.0,6,62.28,27.32,10.4,NORMAL
S04428,61.64,1,156.03,0.0,3,92.57,1.19,6.24,NO_FACE
S04429,100.0,1,0.0,0.0,9,41.32,23.1,35.58,LOOKING_AWAY
S04430,64.17,2,141.19,294.45,1,89.77,5.78,4.45,MULTIPLE_FACES
S04431,98.35,1,19.5,0.0,7,32.7,52.86,14.44,LOOKING_LEFT
S04432,100.0,1,0.0,0.0,2,66.68,8.88,24.44,LOOKING_RIGHT
S04433,98.3,2,11.96,155.58,3,79.23,20.57,0.2,MULTIPLE_FACES
S04434,100.0,1,0.0,0.0,5,9.08,43.96,46.96,LOOKING_RIGHT
S04435,83.82,1,115.14,0.0,2,38.01,45.04,16.95,NO_FACE
S04436,100.0,1,0.0,0.0,4,46.11,34.68,19.21,LOOKING_LEFT
S04437,10.71,1,689.0,0.0,2,84.99,6.2,8.81,NO_FACE
S04438,11.14,1,468.24,0.0,1,90.29,6.31,3.4,NO_FACE
S04439,0.0,0,746.02,0.0,0,100.0,0.0,0.0,NO_FACE
S04440,100.0,2,0.0,247.94,4,73.29,9.05,17.66,MULTIPLE_FACES
S04441,99.94,1,0.39,0.0,3,87.15,7.1,5.75,NORMAL
S04442,99.93,1,0.23,0.0,3,34.26,46.37,19.37,LOOKING_LEFT
S04443,100.0,1,0.0,0.0,2,20.03,65.37,14.6,LOOKING_LEFT
S04444,99.95,1,0.35,0.0,2,19.21,29.3,51.49,LOOKING_RIGHT
S04445,98.61,1,15.43,0.0,0,96.98,0.76,2.26,NORMAL
S04446,100.0,1,0.0,0.0,7,25.42,68.16,6.42,LOOKING_AWAY
S04447,52.08,1,136.37,0.0,1,91.19,0.86,7.95,NO_FACE
S04448,64.29,2,161.72,250.98,11,41.23,13.68,45.09,MULTIPLE_FACES
S04449,100.0,1,0.0,0.0,4,65.92,1.98,32.1,LOOKING_RIGHT
S04450,100.0,1,0.0,0.0,7,0.58,70.88,28.54,LOOKING_LEFT
S04451,100.0,1,0.0,0.0,6,27.79,64.65,7.56,LOOKING_LEFT
S04452,100.0,1,0.0,0.0,5,19.13,35.83,45.04,LOOKING_AWAY
S04453,100.0,1,0.0,0.0,4,38.07,12.16,49.77,LOOKING_RIGHT
S04454,100.0,2,0.0,302.18,4,79.43,5.22,15.35,MULTIPLE_FACES
S04455,91.25,2,17.9,77.77,4,57.6,18.06,24.34,MULTIPLE_FACES
S04456,69.06,3,108.46,58.69,2,87.91,7.93,4.16,MULTIPLE_FACES
S04457,99.59,1,1.45,0.0,4,69.39,15.38,15.23,NORMAL
S04458,100.0,1,0.0,0.0,10,31.71,7.47,60.82,LOOKING_RIGHT
S04459,100.0,1,0.0,0.0,4,47.93,49.82,2.25,LOOKING_LEFT
S04460,100.0,1,0.0,0.0,2,70.3,23.65,6.05,NORMAL
S04461,100.0,2,0.0,54.69,0,85.25,4.74,10.01,MULTIPLE_FACES
S04462,100.0,2,0.0,104.52,0,69.78,5.56,24.66,MULTIPLE_FACES
S04463,100.0,1,0.0,0.0,1,87.38,7.45,5.17,NORMAL
S04464,99.8,1,1.18,0.0,0,87.54,7.93,4.53,NORMAL
S04465,99.89,1,0.33,0.0,3,82.11,3.59,14.3,NORMAL
S04466,99.98,1,0.1,0.0,0,69.13,16.22,14.65,NORMAL
S04467,96.93,1,13.88,0.0,7,39.26,11.55,49.19,LOOKING_AWAY
S04468,100.0,1,0.0,0.0,7,36.94,21.36,41.7,LOOKING_AWAY
S04469,99.41,1,1.8,0.0,3,73.7,10.35,15.95,NORMAL
S04470,99.85,1,1.0,0.0,3,82.35,9.33,8.32,NORMAL
S04471,100.0,1,0.0,0.0,2,46.37,24.01,29.62,LOOKING_RIGHT
S04472,100.0,1,0.0,0.0,12,48.99,26.13,24.88,NORMAL
S04473,100.0,1,0.0,0.0,4,43.3,17.67,39.03,LOOKING_RIGHT
S04474,100.0,1,0.0,0.0,0,86.3,4.55,9.15,NORMAL
S04475,81.41,1,15.58,0.0,2,58.74,26.61,14.65,NO_FACE
S04476,71.82,1,28.26,0.0,0,81.47,13.26,5.27,NO_FACE
S04477,99.77,1,1.48,0.0,2,36.68,18.16,45.16,LOOKING_RIGHT
S04478,100.0,1,0.0,0.0,5,2.0,57.88,40.12,LOOKING_AWAY
S04479,98.03,1,5.54,0.0,5,29.48,65.82,4.7,LOOKING_LEFT
S04480,0.0,0,388.29,0.0,0,100.0,0.0,0.0,NO_FACE
S04481,99.23,2,2.25,44.38,3,78.32,18.71,2.97,MULTIPLE_FACES
S04482,70.17,1,19.8,0.0,4,46.82,6.1,47.08,NO_FACE
S04483,99.99,1,0.09,0.0,7,67.87,17.33,14.8,NORMAL
S04484,100.0,3,0.0,38.5,5,74.59,8.61,16.8,MULTIPLE_FACES
S04485,99.97,1,0.17,0.0,2,90.16,7.74,2.1,NORMAL
S04486,99.97,1,0.21,0.0,5,56.74,29.78,13.48,NORMAL
S04487,100.0,2,0.0,89.29,5,78.02,17.4,4.58,MULTIPLE_FACES
S04488,98.72,1,9.52,0.0,6,53.3,30.1,16.6,LOOKING_AWAY
S04489,100.0,2,0.0,442.7,6,58.83,12.22,28.95,MULTIPLE_FACES
S04490,99.6,1,6.69,0.0,1,91.46,5.55,2.99,NORMAL
S04491,100.0,1,0.0,0.0,8,22.64,24.64,52.72,LOOKING_AWAY
S04492,81.64,1,28.39,0.0,8,8.89,54.51,36.6,NO_FACE
S04493,100.0,1,0.0,0.0,6,38.11,57.05,4.84,LOOKING_LEFT
S04494,99.8,1,1.52,0.0,11,13.39,57.32,29.29,LOOKING_AWAY
S04495,100.0,1,0.0,0.0,4,47.14,32.32,20.54,LOOKING_LEFT
S04496,62.89,2,217.04,272.29,3,78.3,14.53,7.17,MULTIPLE_FACES
S04497,99.57,1,1.79,0.0,4,49.71,28.68,21.61,LOOKING_LEFT
S04498,100.0,1,0.0,0.0,3,45.66,8.86,45.48,LOOKING_RIGHT
S04499,100.0,1,0.0,0.0,1,81.45,16.26,2.29,NORMAL
S04500,100.0,1,0.0,0.0,3,50.72,43.34,5.94,LOOKING_LEFT
S04501,99.49,1,2.88,0.0,0,96.38,1.32,2.3,NORMAL
S04502,100.0,1,0.0,0.0,3,82.89,13.76,3.35,NORMAL
S04503,100.0,1,0.0,0.0,2,63.12,26.01,10.87,NORMAL
S04504,100.0,1,0.0,0.0,3,86.42,8.24,5.34,NORMAL
S04505,100.0,1,0.0,0.0,1,95.17,2.97,1.86,NORMAL
S04506,100.0,1,0.0,0.0,5,64.66,2.52,32.82,LOOKING_RIGHT
S04507,100.0,1,0.0,0.0,8,35.48,61.45,3.07,LOOKING_LEFT
S04508,100.0,2,0.0,4.55,1,72.21,18.08,9.71,MULTIPLE_FACES
S04509,99.83,1,2.66,0.0,7,6.06,76.55,17.39,LOOKING_LEFT
S04510,99.83,1,1.21,0.0,2,49.18,40.88,9.94,LOOKING_LEFT
S04511,100.0,1,0.0,0.0,2,74.79,20.33,4.88,NORMAL
S04512,99.65,1,1.63,0.0,2,85.07,4.55,10.38,NORMAL
S04513,100.0,3,0.0,66.58,3,80.88,8.38,10.74,MULTIPLE_FACES
S04514,99.98,1,0.16,0.0,12,7.57,21.24,71.19,LOOKING_AWAY
S04515,99.77,1,1.25,0.0,1,84.18,7.85,7.97,NORMAL
S04516,100.0,1,0.0,0.0,5,7.47,59.69,32.84,LOOKING_LEFT
S04517,99.99,1,0.05,0.0,5,42.98,47.36,9.66,LOOKING_LEFT
S04518,99.91,2,0.81,1.83,4,87.69,1.27,11.04,NORMAL
S04519,100.0,1,0.0,0.0,0,79.54,16.65,3.81,NORMAL
S04520,78.24,1,72.86,0.0,1,75.71,10.47,13.82,NO_FACE
S04521,99.81,1,1.56,0.0,6,43.75,5.59,50.66,LOOKING_RIGHT
S04522,100.0,1,0.0,0.0,2,89.84,5.25,4.91,NORMAL
S04523,63.48,2,24.84,35.29,2,83.29,11.13,5.58,MULTIPLE_FACES
S04524,100.0,1,0.0,0.0,9,44.81,26.84,28.35,LOOKING_AWAY
S04525,99.99,2,0.16,1.95,5,14.59,16.2,69.21,LOOKING_RIGHT
S04526,97.28,1,12.87,0.0,5,58.17,1.5,40.33,LOOKING_RIGHT
S04527,100.0,2,0.0,38.41,7,77.5,15.69,6.81,MULTIPLE_FACES
S04528,100.0,1,0.0,0.0,7,29.29,43.87,26.84,LOOKING_AWAY
S04529,99.8,1,3.28,0.0,10,6.37,82.81,10.82,LOOKING_LEFT
S04530,27.58,1,870.14,0.0,1,96.65,0.71,2.64,NO_FACE
S04531,99.92,1,0.95,0.0,3,65.74,10.99,23.27,NORMAL
S04532,100.0,1,0.0,0.0,1,14.79,16.25,68.96,LOOKING_RIGHT
S04533,100.0,1,0.0,0.0,3,64.37,31.23,4.4,NORMAL
S04534,99.99,1,0.05,0.0,1,3.32,29.17,67.51,LOOKING_RIGHT
S04535,100.0,2,0.0,89.57,4,84.48,9.77,5.75,MULTIPLE_FACES
S04536,99.27,1,1.3,0.0,2,77.38,5.73,16.89,NORMAL
S04537,99.84,2,0.52,1.6,4,85.4,3.93,10.67,MULTIPLE_FACES
S04538,100.0,1,0.0,0.0,4,79.14,17.62,3.24,NORMAL
S04539,100.0,3,0.0,29.63,2,82.92,3.35,13.73,MULTIPLE_FACES
S04540,99.97,1,0.39,0.0,3,55.36,25.94,18.7,LOOKING_LEFT
S04541,99.8,1,3.12,0.0,4,79.42,7.77,12.81,NORMAL
S04542,55.76,1,126.38,0.0,2,85.5,3.82,10.68,NO_FACE
S04543,99.7,1,1.71,0.0,4,48.9,33.62,17.48,NORMAL
S04544,100.0,1,0.0,0.0,10,17.37,45.95,36.68,LOOKING_AWAY
S04545,100.0,1,0.0,0.0,2,99.2,0.21,0.59,NORMAL
S04546,69.54,1,24.62,0.0,5,60.43,8.59,30.98,NO_FACE
S04547,60.25,2,71.73,79.63,5,66.03,12.88,21.09,MULTIPLE_FACES
S04548,100.0,1,0.0,0.0,8,0.0,25.22,74.78,LOOKING_RIGHT
S04549,61.93,2,33.49,63.89,5,74.49,17.49,8.02,MULTIPLE_FACES
S04550,72.79,1,17.78,0.0,2,67.69,20.96,11.35,NO_FACE
S04551,42.75,1,253.85,0.0,1,92.49,1.39,6.12,NO_FACE
S04552,100.0,1,0.0,0.0,1,53.12,28.91,17.97,NORMAL
S04553,99.95,1,0.27,0.0,4,80.78,6.8,12.42,NORMAL
S04554,100.0,1,0.0,0.0,9,24.45,22.74,52.81,LOOKING_AWAY
S04555,100.0,2,0.0,440.98,3,83.56,12.26,4.18,MULTIPLE_FACES
S04556,9.1,1,168.71,0.0,2,92.62,2.06,5.32,NO_FACE
S04557,99.97,3,0.11,122.84,4,83.5,6.27,10.23,MULTIPLE_FACES
S04558,99.79,2,1.02,67.37,5,61.68,21.86,16.46,MULTIPLE_FACES
S04559,100.0,2,0.0,153.04,1,79.43,10.24,10.33,MULTIPLE_FACES
S04560,100.0,1,0.0,0.0,3,55.87,43.49,0.64,LOOKING_LEFT
S04561,99.93,1,0.54,0.0,5,8.95,27.24,63.81,LOOKING_RIGHT
S04562,78.46,1,203.12,0.0,3,22.91,22.22,54.87,NO_FACE
S04563,100.0,1,0.0,0.0,4,41.59,18.63,39.78,LOOKING_RIGHT
S04564,21.68,1,183.59,0.0,0,79.9,7.05,13.05,NO_FACE
S04565,100.0,1,0.0,0.0,6,21.42,29.98,48.6,LOOKING_AWAY
S04566,99.84,1,0.4,0.0,1,72.89,8.75,18.36,NORMAL
S04567,16.44,1,240.79,0.0,3,47.55,30.08,22.37,NO_FACE
S04568,100.0,1,0.0,0.0,4,65.31,19.49,15.2,NORMAL
S04569,100.0,1,0.0,0.0,9,31.56,26.34,42.1,LOOKING_AWAY
S04570,99.1,1,6.99,0.0,4,48.95,46.86,4.19,LOOKING_LEFT
S04571,100.0,1,0.0,0.0,4,31.46,35.41,33.13,LOOKING_AWAY
S04572,42.14,1,361.71,0.0,0,90.08,3.39,6.53,NO_FACE
S04573,99.99,2,0.08,338.71,1,87.66,4.05,8.29,MULTIPLE_FACES
S04574,100.0,1,0.0,0.0,2,40.7,41.57,17.73,LOOKING_LEFT
S04575,99.57,1,5.66,0.0,10,18.59,38.93,42.48,LOOKING_AWAY
S04576,99.08,1,11.09,0.0,4,47.2,7.41,45.39,LOOKING_RIGHT
S04577,71.95,2,41.26,5.88,4,66.34,23.38,10.28,MULTIPLE_FACES
S04578,100.0,2,0.0,407.53,6,55.91,4.32,39.77,MULTIPLE_FACES
S04579,100.0,2,0.0,128.48,5,79.47,9.18,11.35,MULTIPLE_FACES
S04580,96.28,1,15.65,0.0,0,57.69,6.27,36.04,LOOKING_RIGHT
S04581,74.73,1,28.13,0.0,3,89.93,5.27,4.8,NO_FACE
S04582,100.0,1,0.0,0.0,3,68.93,21.99,9.08,NORMAL
S04583,100.0,1,0.0,0.0,3,48.75,2.23,49.02,LOOKING_RIGHT
S04584,100.0,1,0.0,0.0,0,97.9,0.26,1.84,NORMAL
S04585,99.68,2,2.85,243.5,3,85.1,2.57,12.33,MULTIPLE_FACES
S04586,99.93,1,1.03,0.0,4,62.72,22.98,14.3,NORMAL
S04587,100.0,1,0.0,0.0,0,53.5,29.31,17.19,LOOKING_LEFT
S04588,100.0,1,0.0,0.0,7,28.27,61.48,10.25,LOOKING_LEFT
S04589,100.0,1,0.0,0.0,5,65.33,28.75,5.92,NORMAL
S04590,100.0,1,0.0,0.0,3,60.3,24.43,15.27,NORMAL
S04591,100.0,4,0.0,111.16,6,81.46,2.5,16.04,MULTIPLE_FACES
S04592,98.65,1,1.69,0.0,2,73.79,12.84,13.37,NORMAL
S04593,99.85,2,1.82,2.37,2,88.72,7.43,3.85,MULTIPLE_FACES
S04594,99.89,1,0.65,0.0,1,25.96,22.78,51.26,LOOKING_RIGHT
S04595,99.61,1,1.4,0.0,0,58.72,7.82,33.46,LOOKING_RIGHT
S04596,100.0,1,0.0,0.0,8,21.62,25.91,52.47,LOOKING_RIGHT
S04597,100.0,1,0.0,0.0,2,49.65,10.0,40.35,LOOKING_RIGHT
S04598,99.62,1,4.27,0.0,2,82.31,14.2,3.49,NORMAL
S04599,100.0,1,0.0,0.0,0,73.1,15.58,11.32,NORMAL
S04600,100.0,1,0.0,0.0,3,72.06,26.86,1.08,NORMAL
S04601,70.86,1,96.03,0.0,4,67.09,11.06,21.85,NO_FACE
S04602,100.0,1,0.0,0.0,6,61.81,15.29,22.9,NORMAL
S04603,73.38,1,78.47,0.0,1,78.93,13.59,7.48,NO_FACE
S04604,100.0,2,0.0,59.88,1,53.01,34.37,12.62,MULTIPLE_FACES
S04605,99.92,2,0.27,205.88,1,72.21,7.69,20.1,MULTIPLE_FACES
S04606,100.0,1,0.0,0.0,0,87.91,3.56,8.53,NORMAL
S04607,99.74,1,1.78,0.0,6,76.35,12.19,11.46,NORMAL
S04608,100.0,1,0.0,0.0,7,54.15,8.08,37.77,NORMAL
S04609,100.0,1,0.0,0.0,5,49.2,20.88,29.92,NORMAL
S04610,99.82,1,0.31,0.0,6,0.0,90.74,9.26,LOOKING_LEFT
S04611,100.0,2,0.0,271.03,3,67.44,22.09,10.47,MULTIPLE_FACES
S04612,100.0,1,0.0,0.0,3,79.66,8.1,12.24,NORMAL
S04613,100.0,1,0.0,0.0,6,39.01,8.77,52.22,LOOKING_RIGHT
S04614,100.0,1,0.0,0.0,3,52.46,46.16,1.38,LOOKING_LEFT
S04615,99.75,1,1.36,0.0,2,59.06,10.64,30.3,LOOKING_RIGHT
S04616,99.17,1,0.81,0.0,9,31.92,55.6,12.48,LOOKING_LEFT
S04617,99.97,1,0.12,0.0,7,46.82,23.7,29.48,LOOKING_AWAY
S04618,99.75,1,1.1,0.0,7,51.97,11.76,36.27,LOOKING_AWAY
S04619,99.61,1,2.57,0.0,5,23.32,18.05,58.63,LOOKING_RIGHT
S04620,99.85,1,0.29,0.0,4,74.58,15.71,9.71,NORMAL
S04621,0.0,0,553.25,0.0,0,100.0,0.0,0.0,NO_FACE
S04622,100.0,1,0.0,0.0,4,37.66,5.1,57.24,LOOKING_AWAY
S04623,100.0,1,0.0,0.0,5,63.72,13.85,22.43,NORMAL
S04624,98.38,1,6.24,0.0,6,78.75,16.27,4.98,NORMAL
S04625,100.0,1,0.0,0.0,4,64.64,26.59,8.77,LOOKING_LEFT
S04626,75.47,2,19.46,69.85,8,78.42,1.61,19.97,MULTIPLE_FACES
S04627,99.9,1,0.8,0.0,9,39.43,16.75,43.82,LOOKING_AWAY
S04628,61.96,1,139.35,0.0,2,88.16,3.06,8.78,NO_FACE
S04629,100.0,1,0.0,0.0,2,77.19,7.02,15.79,NORMAL
S04630,99.88,1,0.86,0.0,3,33.36,61.96,4.68,LOOKING_LEFT
S04631,76.79,2,67.17,141.76,3,81.43,3.12,15.45,MULTIPLE_FACES
S04632,94.92,1,18.67,0.0,2,23.19,29.73,47.08,LOOKING_RIGHT
S04633,100.0,1,0.0,0.0,12,17.56,65.21,17.23,LOOKING_AWAY
S04634,0.0,0,738.56,0.0,0,100.0,0.0,0.0,NO_FACE
S04635,100.0,1,0.0,0.0,4,74.34,2.21,23.45,NORMAL
S04636,98.97,1,1.57,0.0,2,87.17,8.93,3.9,NORMAL
S04637,100.0,1,0.0,0.0,13,31.22,36.27,32.51,LOOKING_AWAY
S04638,99.99,1,0.03,0.0,3,55.24,3.98,40.78,LOOKING_RIGHT
S04639,100.0,1,0.0,0.0,6,58.9,0.35,40.75,LOOKING_RIGHT
S04640,100.0,1,0.0,0.0,9,16.22,25.14,58.64,LOOKING_AWAY
S04641,100.0,1,0.0,0.0,1,82.51,4.22,13.27,NORMAL
S04642,97.46,2,2.58,23.35,6,52.58,23.46,23.96,MULTIPLE_FACES
S04643,99.97,1,0.14,0.0,5,62.45,34.84,2.71,LOOKING_LEFT
S04644,79.35,1,75.65,0.0,2,70.82,12.14,17.04,NO_FACE
S04645,100.0,1,0.0,0.0,2,16.1,54.48,29.42,LOOKING_LEFT
S04646,99.55,1,0.62,0.0,3,92.25,4.15,3.6,NORMAL
S04647,99.77,2,0.47,24.91,2,85.59,6.84,7.57,MULTIPLE_FACES
S04648,99.55,1,6.12,0.0,1,75.06,13.94,11.0,NORMAL
S04649,99.98,1,0.18,0.0,2,81.46,8.07,10.47,NORMAL
S04650,99.34,1,6.06,0.0,14,9.15,43.12,47.73,LOOKING_AWAY
S04651,99.58,1,3.4,0.0,2,84.49,9.97,5.54,NORMAL
S04652,100.0,1,0.0,0.0,8,54.36,33.27,12.37,LOOKING_LEFT
S04653,99.75,1,0.56,0.0,14,7.07,28.41,64.52,LOOKING_AWAY
S04654,97.88,1,11.28,0.0,5,0.0,42.0,58.0,LOOKING_RIGHT
S04655,0.0,0,1319.44,0.0,0,100.0,0.0,0.0,NO_FACE
S04656,100.0,1,0.0,0.0,5,31.3,54.88,13.82,LOOKING_LEFT
S04657,100.0,2,0.0,2.59,2,85.99,1.32,12.69,MULTIPLE_FACES
S04658,100.0,1,0.0,0.0,1,80.1,1.84,18.06,NORMAL
S04659,100.0,1,0.0,0.0,7,75.17,9.6,15.23,NORMAL
S04660,99.54,1,3.05,0.0,3,8.06,18.27,73.67,LOOKING_RIGHT
S04661,99.82,1,1.89,0.0,14,36.17,44.83,19.0,LOOKING_AWAY
S04662,100.0,1,0.0,0.0,11,25.39,55.27,19.34,LOOKING_AWAY
S04663,99.72,2,1.71,213.08,3,69.97,9.03,21.0,MULTIPLE_FACES
S04664,99.91,1,0.41,0.0,2,41.56,54.6,3.84,LOOKING_LEFT
S04665,39.08,1,138.83,0.0,5,17.63,41.58,40.79,NO_FACE
S04666,100.0,1,0.0,0.0,2,75.85,19.87,4.28,NORMAL
S04667,100.0,2,0.0,55.79,4,83.24,13.34,3.42,MULTIPLE_FACES
S04668,79.36,1,85.12,0.0,3,57.03,22.44,20.53,NO_FACE
S04669,45.87,1,75.0,0.0,3,90.36,4.78,4.86,NO_FACE
S04670,100.0,1,0.0,0.0,5,48.32,38.84,12.84,LOOKING_LEFT
S04671,99.47,1,2.26,0.0,13,32.03,26.77,41.2,LOOKING_AWAY
S04672,99.78,1,2.17,0.0,5,58.87,17.58,23.55,NORMAL
S04673,100.0,2,0.0,1.87,3,73.46,11.12,15.42,NORMAL
S04674,99.98,1,0.25,0.0,1,59.52,18.57,21.91,NORMAL
S04675,98.32,1,7.99,0.0,5,66.84,9.69,23.47,NORMAL
S04676,100.0,1,0.0,0.0,4,50.86,2.25,46.89,LOOKING_RIGHT
S04677,99.86,2,0.81,54.65,5,83.62,6.07,10.31,MULTIPLE_FACES
S04678,73.02,1,313.01,0.0,7,13.41,13.32,73.27,NO_FACE
S04679,99.67,1,0.5,0.0,0,91.92,3.29,4.79,NORMAL
S04680,98.74,1,1.84,0.0,10,29.88,44.54,25.58,LOOKING_AWAY
S04681,100.0,2,0.0,1.45,4,68.29,2.28,29.43,NORMAL
S04682,59.18,1,444.96,0.0,3,65.68,31.77,2.55,NO_FACE
S04683,100.0,1,0.0,0.0,9,10.62,77.28,12.1,LOOKING_LEFT
S04684,77.07,1,47.16,0.0,1,89.14,4.8,6.06,NO_FACE
S04685,100.0,1,0.0,0.0,5,12.39,33.5,54.11,LOOKING_RIGHT
S04686,99.59,1,0.93,0.0,3,49.12,17.25,33.63,LOOKING_RIGHT
S04687,99.22,1,3.73,0.0,2,84.09,10.53,5.38,NORMAL
S04688,100.0,2,0.0,190.32,2,92.86,3.85,3.29,MULTIPLE_FACES
S04689,99.97,1,0.2,0.0,3,82.37,4.57,13.06,NORMAL
S04690,100.0,1,0.0,0.0,5,44.09,0.75,55.16,LOOKING_RIGHT
S04691,99.98,1,0.16,0.0,3,9.94,74.18,15.88,LOOKING_LEFT
S04692,48.17,1,274.49,0.0,1,80.47,10.75,8.78,NO_FACE
S04693,100.0,1,0.0,0.0,6,75.24,3.03,21.73,NORMAL
S04694,100.0,1,0.0,0.0,3,82.34,7.2,10.46,NORMAL
S04695,99.72,2,0.72,1.94,6,71.0,19.56,9.44,MULTIPLE_FACES
S04696,99.36,1,4.46,0.0,5,66.85,8.45,24.7,NORMAL
S04697,100.0,1,0.0,0.0,6,38.89,57.64,3.47,LOOKING_LEFT
S04698,99.44,1,2.18,0.0,14,53.88,35.17,10.95,LOOKING_AWAY
S04699,100.0,3,0.0,404.32,5,93.76,1.62,4.62,MULTIPLE_FACES
S04700,99.89,1,0.9,0.0,3,65.1,25.05,9.85,NORMAL
S04701,99.92,1,0.85,0.0,1,76.99,14.1,8.91,NORMAL
S04702,100.0,1,0.0,0.0,2,35.51,34.44,30.05,LOOKING_LEFT
S04703,99.62,2,5.17,123.66,4,78.73,21.09,0.18,MULTIPLE_FACES
S04704,99.74,1,1.6,0.0,6,40.61,7.77,51.62,LOOKING_RIGHT
S04705,100.0,1,0.0,0.0,0,76.47,5.69,17.84,NORMAL
S04706,99.91,1,0.53,0.0,6,59.28,30.03,10.69,LOOKING_LEFT
S04707,100.0,1,0.0,0.0,5,49.6,8.56,41.84,LOOKING_RIGHT
S04708,99.93,1,0.4,0.0,7,45.0,27.74,27.26,NORMAL
S04709,99.81,1,0.26,0.0,5,64.24,9.27,26.49,NORMAL
S04710,99.96,1,0.33,0.0,3,1.91,79.52,18.57,LOOKING_LEFT
S04711,99.9,1,0.8,0.0,2,30.88,11.54,57.58,LOOKING_RIGHT
S04712,98.98,1,1.48,0.0,7,36.01,44.2,19.79,LOOKING_LEFT
S04713,99.75,1,2.55,0.0,3,71.39,13.79,14.82,NORMAL
S04714,99.91,1,0.11,0.0,2,91.68,2.29,6.03,NORMAL
S04715,99.98,1,0.21,0.0,7,42.53,52.54,4.93,LOOKING_LEFT
S04716,99.72,2,2.28,19.83,6,77.25,8.17,14.58,MULTIPLE_FACES
S04717,100.0,1,0.0,0.0,9,34.26,22.75,42.99,LOOKING_AWAY
S04718,99.36,1,4.2,0.0,4,45.0,17.41,37.59,NORMAL
S04719,64.45,2,125.62,348.15,6,58.1,36.53,5.37,MULTIPLE_FACES
S04720,89.92,1,9.53,0.0,2,21.81,11.46,66.73,LOOKING_RIGHT
S04721,100.0,1,0.0,0.0,8,25.44,65.56,9.0,LOOKING_LEFT
S04722,100.0,1,0.0,0.0,7,14.3,4.81,80.89,LOOKING_RIGHT
S04723,100.0,2,0.0,0.26,6,33.67,1.21,65.12,LOOKING_RIGHT
S04724,99.85,1,0.42,0.0,5,20.05,58.04,21.91,LOOKING_LEFT
S04725,100.0,1,0.0,0.0,1,61.16,29.2,9.64,LOOKING_LEFT
S04726,99.88,1,1.64,0.0,1,81.71,16.87,1.42,NORMAL
S04727,99.98,1,0.29,0.0,12,15.51,63.05,21.44,LOOKING_AWAY
S04728,100.0,1,0.0,0.0,8,14.82,73.72,11.46,LOOKING_LEFT
S04729,97.77,1,14.62,0.0,3,42.94,47.03,10.03,LOOKING_LEFT
S04730,99.82,2,2.03,434.57,3,66.73,25.39,7.88,MULTIPLE_FACES
S04731,99.9,2,1.14,151.32,7,72.9,10.42,16.68,MULTIPLE_FACES
S04732,99.59,1,1.49,0.0,1,68.95,24.14,6.91,NORMAL
S04733,99.87,1,2.07,0.0,6,4.88,26.5,68.62,LOOKING_RIGHT
S04734,100.0,1,0.0,0.0,4,78.54,5.58,15.88,NORMAL
S04735,99.74,1,2.08,0.0,13,44.27,28.41,27.32,LOOKING_AWAY
S04736,99.71,1,1.56,0.0,1,85.93,3.96,10.11,NORMAL
S04737,99.93,1,0.16,0.0,7,20.17,3.21,76.62,LOOKING_AWAY
S04738,100.0,1,0.0,0.0,2,41.32,13.6,45.08,LOOKING_RIGHT
S04739,100.0,1,0.0,0.0,4,19.68,18.48,61.84,LOOKING_RIGHT
S04740,52.46,1,364.44,0.0,3,78.68,16.51,4.81,NO_FACE
S04741,99.99,1,0.07,0.0,7,36.2,3.07,60.73,LOOKING_RIGHT
S04742,98.13,2,2.64,18.19,2,74.44,1.91,23.65,MULTIPLE_FACES
S04743,70.19,3,99.35,127.63,4,90.57,8.06,1.37,MULTIPLE_FACES
S04744,53.48,1,185.94,0.0,1,79.06,19.05,1.89,NO_FACE
S04745,99.89,1,0.83,0.0,10,16.61,50.3,33.09,LOOKING_AWAY
S04746,99.98,1,0.15,0.0,0,78.03,0.17,21.8,NORMAL
S04747,100.0,1,0.0,0.0,4,90.15,7.97,1.88,NORMAL
S04748,99.98,2,0.39,555.81,11,34.0,42.67,23.33,MULTIPLE_FACES
S04749,99.93,1,0.94,0.0,2,81.69,14.95,3.36,NORMAL
S04750,84.17,1,32.24,0.0,5,75.23,8.6,16.17,NO_FACE
S04751,99.05,2,5.93,37.61,4,71.69,14.69,13.62,MULTIPLE_FACES
S04752,99.34,2,8.89,1.67,5,24.48,12.37,63.15,LOOKING_RIGHT
S04753,98.26,3,2.22,22.96,6,63.59,23.92,12.49,MULTIPLE_FACES
S04754,99.98,1,0.12,0.0,2,35.55,50.18,14.27,LOOKING_LEFT
S04755,50.44,1,150.49,0.0,2,88.82,3.57,7.61,NO_FACE
S04756,99.87,1,1.22,0.0,6,43.86,48.61,7.53,LOOKING_LEFT
S04757,99.97,1,0.22,0.0,4,66.17,20.72,13.11,NORMAL
S04758,98.0,1,9.07,0.0,4,54.2,35.82,9.98,LOOKING_LEFT
S04759,96.87,2,15.96,0.89,5,56.55,16.08,27.37,MULTIPLE_FACES
S04760,99.97,1,0.16,0.0,2,27.04,37.98,34.98,LOOKING_LEFT
S04761,100.0,1,0.0,0.0,5,28.29,5.97,65.74,LOOKING_RIGHT
S04762,99.98,1,0.13,0.0,13,27.35,2.05,70.6,LOOKING_AWAY
S04763,99.44,1,1.65,0.0,4,23.95,49.34,26.71,LOOKING_LEFT
S04764,100.0,1,0.0,0.0,3,54.27,11.58,34.15,LOOKING_RIGHT
S04765,100.0,1,0.0,0.0,1,81.33,2.57,16.1,NORMAL
S04766,100.0,1,0.0,0.0,5,32.48,48.37,19.15,LOOKING_LEFT
S04767,100.0,1,0.0,0.0,2,89.87,3.04,7.09,NORMAL
S04768,99.99,1,0.06,0.0,8,20.98,62.22,16.8,LOOKING_LEFT
S04769,99.85,2,1.04,1.62,1,81.13,11.89,6.98,NORMAL
S04770,97.4,2,14.21,226.16,4,72.26,9.45,18.29,MULTIPLE_FACES
S04771,100.0,1,0.0,0.0,3,55.71,5.77,38.52,LOOKING_RIGHT
S04772,99.88,2,0.64,332.5,1,63.83,15.72,20.45,MULTIPLE_FACES
S04773,100.0,2,0.0,107.91,4,60.47,21.51,18.02,MULTIPLE_FACES
S04774,99.96,1,0.3,0.0,3,91.79,5.55,2.66,NORMAL
S04775,99.98,1,0.09,0.0,6,35.82,36.12,28.06,LOOKING_LEFT
S04776,100.0,1,0.0,0.0,2,45.2,39.87,14.93,LOOKING_LEFT
S04777,100.0,1,0.0,0.0,13,15.52,42.51,41.97,LOOKING_AWAY
S04778,100.0,1,0.0,0.0,4,21.48,48.21,30.31,LOOKING_AWAY
S04779,100.0,2,0.0,1.31,1,89.64,5.69,4.67,NORMAL
S04780,96.04,1,5.2,0.0,9,47.12,34.92,17.96,NORMAL
S04781,100.0,1,0.0,0.0,5,44.96,29.02,26.02,LOOKING_LEFT
S04782,99.5,1,2.64,0.0,1,24.64,15.64,59.72,LOOKING_RIGHT
S04783,98.6,1,18.84,0.0,5,36.47,8.34,55.19,LOOKING_RIGHT
S04784,49.04,1,174.27,0.0,5,43.91,4.28,51.81,NO_FACE
S04785,100.0,1,0.0,0.0,5,28.18,13.11,58.71,LOOKING_RIGHT
S04786,100.0,1,0.0,0.0,7,48.54,4.46,47.0,LOOKING_AWAY
S04787,61.3,2,63.05,0.6,0,89.66,3.66,6.68,MULTIPLE_FACES
S04788,36.88,1,98.43,0.0,13,12.52,75.07,12.41,NO_FACE
S04789,98.86,2,9.34,270.03,4,81.04,10.78,8.18,MULTIPLE_FACES
S04790,99.76,1,3.34,0.0,0,84.47,1.09,14.44,NORMAL
S04791,99.86,2,1.61,0.73,0,88.54,7.75,3.71,MULTIPLE_FACES
S04792,100.0,1,0.0,0.0,5,5.97,21.64,72.39,LOOKING_RIGHT
S04793,100.0,1,0.0,0.0,3,52.8,2.84,44.36,LOOKING_RIGHT
S04794,99.89,3,0.54,131.46,2,73.74,25.31,0.95,MULTIPLE_FACES
S04795,99.82,1,1.3,0.0,6,14.42,63.79,21.79,LOOKING_LEFT
S04796,100.0,1,0.0,0.0,8,24.13,9.16,66.71,LOOKING_AWAY
S04797,7.87,2,401.47,1.12,4,90.63,0.64,8.73,NO_FACE
S04798,94.71,1,16.04,0.0,0,75.27,20.65,4.08,NORMAL
S04799,36.56,1,408.94,0.0,3,79.33,5.06,15.61,NO_FACE
S04800,36.49,1,320.07,0.0,3,12.87,42.2,44.93,NO_FACE
S04801,100.0,1,0.0,0.0,3,92.82,1.57,5.61,NORMAL
S04802,99.79,1,1.77,0.0,3,24.62,39.19,36.19,LOOKING_LEFT
S04803,99.71,1,2.02,0.0,2,72.06,8.6,19.34,NORMAL
S04804,99.8,1,2.92,0.0,9,34.92,3.68,61.4,LOOKING_RIGHT
S04805,98.43,1,11.8,0.0,4,57.79,33.07,9.14,LOOKING_LEFT
S04806,100.0,1,0.0,0.0,2,54.65,34.62,10.73,LOOKING_LEFT
S04807,99.93,1,0.5,0.0,2,52.3,35.76,11.94,LOOKING_LEFT
S04808,99.61,2,0.9,27.59,1,84.32,3.55,12.13,MULTIPLE_FACES
S04809,100.0,2,0.0,178.07,5,76.0,17.99,6.01,MULTIPLE_FACES
S04810,48.64,1,391.62,0.0,2,77.67,12.2,10.13,NO_FACE
S04811,100.0,1,0.0,0.0,4,88.97,7.62,3.41,NORMAL
S04812,100.0,1,0.0,0.0,2,28.9,12.68,58.42,LOOKING_RIGHT
S04813,100.0,1,0.0,0.0,4,77.66,6.18,16.16,NORMAL
S04814,30.65,1,39.18,0.0,5,59.57,13.99,26.44,NO_FACE
S04815,100.0,1,0.0,0.0,3,29.15,1.81,69.04,LOOKING_RIGHT
S04816,69.86,2,60.02,100.81,6,77.57,2.74,19.69,MULTIPLE_FACES
S04817,99.77,1,2.58,0.0,6,35.37,51.11,13.52,LOOKING_AWAY
S04818,99.66,1,2.61,0.0,4,16.25,25.5,58.25,LOOKING_RIGHT
S04819,99.95,1,0.76,0.0,3,0.0,66.18,33.82,LOOKING_LEFT
S04820,99.98,2,0.09,174.7,3,83.14,6.38,10.48,MULTIPLE_FACES
S04821,99.96,2,0.23,397.59,4,50.21,10.38,39.41,MULTIPLE_FACES
S04822,100.0,1,0.0,0.0,2,71.3,20.86,7.84,NORMAL
S04823,100.0,1,0.0,0.0,4,27.32,55.25,17.43,LOOKING_LEFT
S04824,99.9,2,0.88,1.99,6,31.47,64.37,4.16,LOOKING_LEFT
S04825,99.38,1,0.49,0.0,12,30.77,34.54,34.69,LOOKING_AWAY
S04826,99.92,1,0.7,0.0,7,44.62,39.99,15.39,LOOKING_AWAY
S04827,99.65,1,0.92,0.0,2,60.3,27.44,12.26,NORMAL
S04828,0.0,0,943.54,0.0,0,100.0,0.0,0.0,NO_FACE
S04829,99.94,1,0.75,0.0,7,52.68,28.1,19.22,LOOKING_LEFT
S04830,98.66,1,1.78,0.0,2,77.62,10.08,12.3,NORMAL
S04831,100.0,1,0.0,0.0,4,13.84,21.4,64.76,LOOKING_RIGHT
S04832,99.86,1,1.0,0.0,5,40.52,56.85,2.63,LOOKING_AWAY
S04833,67.89,1,115.36,0.0,1,79.37,11.69,8.94,NO_FACE
S04834,100.0,1,0.0,0.0,5,49.08,48.73,2.19,LOOKING_LEFT
S04835,29.46,1,416.46,0.0,0,81.14,11.61,7.25,NO_FACE
S04836,100.0,1,0.0,0.0,1,53.43,44.43,2.14,LOOKING_LEFT
S04837,99.89,1,0.57,0.0,5,59.98,35.77,4.25,LOOKING_LEFT
S04838,99.37,1,4.02,0.0,3,31.37,12.34,56.29,LOOKING_RIGHT
S04839,100.0,1,0.0,0.0,3,30.68,52.34,16.98,LOOKING_LEFT
S04840,99.96,1,0.16,0.0,0,82.37,5.32,12.31,NORMAL
S04841,99.94,1,0.38,0.0,3,0.0,32.07,67.93,LOOKING_RIGHT
S04842,61.53,3,62.17,2.09,3,69.27,20.77,9.96,MULTIPLE_FACES
S04843,100.0,2,0.0,428.66,5,67.66,17.69,14.65,MULTIPLE_FACES
S04844,99.89,1,0.88,0.0,5,41.24,23.72,35.04,LOOKING_RIGHT
S04845,100.0,1,0.0,0.0,3,27.54,13.18,59.28,LOOKING_AWAY
S04846,99.99,1,0.16,0.0,5,54.96,18.42,26.62,NORMAL
S04847,99.96,1,0.1,0.0,3,53.72,45.26,1.02,NORMAL
S04848,99.57,1,1.82,0.0,2,25.13,60.84,14.03,LOOKING_LEFT
S04849,99.87,1,0.38,0.0,3,72.44,11.03,16.53,NORMAL
S04850,98.99,1,8.04,0.0,3,62.94,7.66,29.4,LOOKING_RIGHT
S04851,99.59,2,2.54,190.16,2,81.12,4.12,14.76,MULTIPLE_FACES
S04852,100.0,2,0.0,335.79,7,48.43,34.03,17.54,MULTIPLE_FACES
S04853,100.0,1,0.0,0.0,2,77.36,8.58,14.06,NORMAL
S04854,99.72,2,3.14,1.75,6,81.9,8.51,9.59,MULTIPLE_FACES
S04855,98.88,1,12.91,0.0,4,40.85,41.02,18.13,LOOKING_LEFT
S04856,100.0,1,0.0,0.0,7,2.0,60.47,37.53,LOOKING_AWAY
S04857,99.83,1,0.74,0.0,1,77.49,17.33,5.18,NORMAL
S04858,99.99,1,0.09,0.0,8,0.0,82.12,17.88,LOOKING_LEFT
S04859,94.17,1,14.18,0.0,8,42.83,26.09,31.08,LOOKING_AWAY
S04860,99.91,1,0.65,0.0,6,0.0,78.56,21.44,LOOKING_LEFT
S04861,100.0,1,0.0,0.0,4,77.84,8.98,13.18,NORMAL
S04862,94.71,1,3.06,0.0,10,31.51,11.68,56.81,LOOKING_AWAY
S04863,70.79,2,82.52,360.35,7,59.6,16.68,23.72,MULTIPLE_FACES
S04864,98.15,1,11.63,0.0,5,37.26,3.36,59.38,LOOKING_RIGHT
S04865,99.99,1,0.06,0.0,2,85.79,7.34,6.87,NORMAL
S04866,100.0,1,0.0,0.0,2,83.65,7.49,8.86,NORMAL
S04867,99.92,2,1.06,2.6,2,77.87,19.97,2.16,MULTIPLE_FACES
S04868,39.58,1,325.38,0.0,5,14.31,63.19,22.5,NO_FACE
S04869,99.08,1,7.92,0.0,5,20.0,24.61,55.39,LOOKING_AWAY
S04870,99.96,1,0.46,0.0,1,93.08,3.84,3.08,NORMAL
S04871,99.61,1,4.28,0.0,4,24.22,10.5,65.28,LOOKING_RIGHT
S04872,65.39,1,147.88,0.0,2,88.75,7.73,3.52,NO_FACE
S04873,100.0,1,0.0,0.0,3,63.29,21.06,15.65,NORMAL
S04874,56.51,1,133.41,0.0,3,90.86,3.98,5.16,NO_FACE
S04875,100.0,1,0.0,0.0,2,91.67,4.11,4.22,NORMAL
S04876,99.99,1,0.15,0.0,3,41.67,50.62,7.71,LOOKING_LEFT
S04877,99.85,1,1.66,0.0,3,42.34,48.27,9.39,LOOKING_LEFT
S04878,99.31,1,7.57,0.0,6,13.92,37.79,48.29,LOOKING_AWAY
S04879,99.86,1,0.98,0.0,6,43.87,18.2,37.93,LOOKING_AWAY
S04880,100.0,1,0.0,0.0,7,28.52,56.4,15.08,LOOKING_LEFT
S04881,100.0,2,0.0,1.36,12,6.29,92.0,1.71,LOOKING_LEFT
S04882,99.96,2,0.33,1.57,2,59.84,34.03,6.13,MULTIPLE_FACES
S04883,99.99,1,0.02,0.0,6,62.0,27.72,10.28,LOOKING_AWAY
S04884,0.0,0,1319.94,0.0,0,100.0,0.0,0.0,NO_FACE
S04885,99.98,1,0.11,0.0,4,64.95,13.05,22.0,LOOKING_RIGHT
S04886,100.0,1,0.0,0.0,6,44.14,40.47,15.39,LOOKING_LEFT
S04887,99.8,1,1.77,0.0,0,74.75,9.29,15.96,NORMAL
S04888,100.0,1,0.0,0.0,1,45.7,39.43,14.87,LOOKING_LEFT
S04889,99.58,1,2.72,0.0,12,17.84,43.98,38.18,LOOKING_AWAY
S04890,96.35,1,3.33,0.0,4,31.42,26.2,42.38,LOOKING_AWAY
S04891,99.25,1,4.76,0.0,0,78.05,2.29,19.66,NORMAL
S04892,89.47,1,12.52,0.0,4,1.89,23.71,74.4,NO_FACE
S04893,98.73,1,8.49,0.0,3,28.42,23.54,48.04,LOOKING_RIGHT
S04894,75.25,2,37.67,12.1,1,76.29,12.04,11.67,MULTIPLE_FACES
S04895,99.55,1,2.64,0.0,10,38.4,40.77,20.83,LOOKING_AWAY
S04896,100.0,1,0.0,0.0,4,71.95,26.87,1.18,LOOKING_LEFT
S04897,0.0,0,935.7,0.0,0,100.0,0.0,0.0,NO_FACE
S04898,99.67,1,2.76,0.0,4,44.37,41.68,13.95,LOOKING_LEFT
S04899,99.35,1,4.51,0.0,9,23.34,37.51,39.15,LOOKING_AWAY
S04900,100.0,1,0.0,0.0,4,46.45,16.1,37.45,LOOKING_RIGHT
S04901,100.0,1,0.0,0.0,5,19.23,51.76,29.01,LOOKING_LEFT
S04902,98.61,1,9.01,0.0,5,58.98,33.38,7.64,LOOKING_LEFT
S04903,98.9,1,2.21,0.0,1,76.37,11.84,11.79,NORMAL
S04904,99.99,2,0.09,485.8,4,72.17,17.16,10.67,MULTIPLE_FACES
S04905,98.77,1,2.3,0.0,4,47.26,42.26,10.48,LOOKING_LEFT
S04906,100.0,1,0.0,0.0,3,41.24,51.25,7.51,LOOKING_LEFT
S04907,100.0,1,0.0,0.0,8,50.56,30.97,18.47,NORMAL
S04908,100.0,1,0.0,0.0,2,87.65,6.28,6.07,NORMAL
S04909,61.99,2,37.18,2.05,4,90.31,7.34,2.35,MULTIPLE_FACES
S04910,100.0,1,0.0,0.0,6,47.65,10.41,41.94,LOOKING_AWAY
S04911,66.22,2,261.45,334.89,2,89.62,1.53,8.85,MULTIPLE_FACES
S04912,96.81,1,4.17,0.0,12,17.46,28.99,53.55,LOOKING_AWAY
S04913,100.0,1,0.0,0.0,0,89.52,1.66,8.82,NORMAL
S04914,100.0,1,0.0,0.0,3,41.95,13.17,44.88,LOOKING_RIGHT
S04915,99.98,1,0.37,0.0,4,31.41,10.9,57.69,LOOKING_RIGHT
S04916,100.0,2,0.0,1.62,1,54.94,14.85,30.21,LOOKING_RIGHT
S04917,100.0,1,0.0,0.0,1,51.03,26.73,22.24,LOOKING_LEFT
S04918,60.79,2,294.19,92.7,5,83.42,5.11,11.47,MULTIPLE_FACES
S04919,99.98,1,0.14,0.0,4,62.08,30.99,6.93,LOOKING_LEFT
S04920,97.74,1,3.89,0.0,7,44.49,7.79,47.72,LOOKING_RIGHT
S04921,100.0,1,0.0,0.0,7,16.71,68.75,14.54,LOOKING_LEFT
S04922,100.0,1,0.0,0.0,2,18.06,53.39,28.55,LOOKING_LEFT
S04923,98.78,3,11.34,183.37,4,65.91,23.55,10.54,MULTIPLE_FACES
S04924,100.0,1,0.0,0.0,4,45.15,51.79,3.06,LOOKING_LEFT
S04925,99.81,2,0.89,63.48,5,49.64,35.26,15.1,MULTIPLE_FACES
S04926,100.0,1,0.0,0.0,4,12.67,7.57,79.76,LOOKING_RIGHT
S04927,100.0,1,0.0,0.0,1,37.67,59.5,2.83,LOOKING_LEFT
S04928,100.0,1,0.0,0.0,6,22.81,76.39,0.8,LOOKING_LEFT
S04929,68.67,1,68.2,0.0,3,52.84,28.67,18.49,NO_FACE
S04930,100.0,1,0.0,0.0,4,25.46,26.81,47.73,LOOKING_RIGHT
S04931,16.55,1,135.02,0.0,0,95.35,1.84,2.81,NO_FACE
S04932,95.48,1,18.93,0.0,6,75.47,17.47,7.06,NORMAL
S04933,100.0,1,0.0,0.0,4,75.24,9.7,15.06,NORMAL
S04934,47.85,1,261.31,0.0,3,40.4,20.23,39.37,NO_FACE
S04935,100.0,3,0.0,1.09,4,78.23,15.61,6.16,MULTIPLE_FACES
S04936,100.0,1,0.01,0.0,4,0.0,54.63,45.37,LOOKING_LEFT
S04937,74.19,1,22.41,0.0,3,89.84,3.93,6.23,NO_FACE
S04938,99.97,1,0.25,0.0,13,44.63,48.21,7.16,LOOKING_AWAY
S04939,100.0,1,0.0,0.0,3,66.43,22.65,10.92,LOOKING_LEFT
S04940,14.68,1,856.36,0.0,1,75.89,3.47,20.64,NO_FACE
S04941,72.06,1,16.18,0.0,2,76.44,4.69,18.87,NO_FACE
S04942,100.0,1,0.0,0.0,2,83.34,7.38,9.28,NORMAL
S04943,97.72,1,11.44,0.0,4,78.83,11.6,9.57,NORMAL
S04944,100.0,1,0.0,0.0,3,24.34,16.54,59.12,LOOKING_RIGHT
S04945,100.0,2,0.0,1.63,3,6.61,66.47,26.92,LOOKING_LEFT
S04946,56.15,1,38.87,0.0,5,27.69,40.75,31.56,NO_FACE
S04947,100.0,1,0.0,0.0,2,90.22,7.44,2.34,NORMAL
S04948,100.0,1,0.0,0.0,4,60.63,27.37,12.0,NORMAL
S04949,100.0,1,0.0,0.0,6,51.78,19.08,29.14,LOOKING_RIGHT
S04950,100.0,2,0.0,87.63,1,61.29,17.05,21.66,MULTIPLE_FACES
S04951,68.75,1,11.16,0.0,4,1.18,65.74,33.08,NO_FACE
S04952,99.19,1,4.06,0.0,6,25.2,46.08,28.72,LOOKING_AWAY
S04953,99.88,1,1.88,0.0,5,34.24,15.16,50.6,LOOKING_RIGHT
S04954,99.99,1,0.14,0.0,8,20.85,59.3,19.85,LOOKING_LEFT
S04955,100.0,1,0.0,0.0,4,70.75,24.78,4.47,LOOKING_LEFT
S04956,99.97,1,0.42,0.0,4,32.24,23.68,44.08,LOOKING_RIGHT
S04957,100.0,1,0.0,0.0,7,64.08,7.26,28.66,NORMAL
S04958,100.0,2,0.0,150.58,2,96.28,0.45,3.27,MULTIPLE_FACES
S04959,100.0,1,0.0,0.0,6,74.54,9.56,15.9,NORMAL
S04960,100.0,2,0.0,12.91,3,87.6,3.17,9.23,MULTIPLE_FACES
S04961,100.0,1,0.0,0.0,6,41.13,45.55,13.32,LOOKING_AWAY
S04962,99.64,1,4.67,0.0,7,56.36,36.53,7.11,LOOKING_LEFT
S04963,99.69,1,1.4,0.0,1,95.53,0.78,3.69,NORMAL
S04964,100.0,1,0.0,0.0,15,20.16,54.74,25.1,LOOKING_AWAY
S04965,100.0,1,0.0,0.0,7,31.85,24.16,43.99,LOOKING_AWAY
S04966,100.0,2,0.0,65.33,8,72.29,17.53,10.18,MULTIPLE_FACES
S04967,21.26,1,185.02,0.0,0,92.13,6.84,1.03,NO_FACE
S04968,99.79,1,1.13,0.0,2,81.2,2.33,16.47,NORMAL
S04969,100.0,1,0.0,0.0,1,78.18,14.68,7.14,NORMAL
S04970,100.0,1,0.0,0.0,3,72.72,7.7,19.58,NORMAL
S04971,100.0,1,0.0,0.0,9,23.56,24.72,51.72,LOOKING_RIGHT
S04972,100.0,1,0.0,0.0,2,83.03,5.04,11.93,NORMAL
S04973,0.0,0,663.6,0.0,0,100.0,0.0,0.0,NO_FACE
S04974,100.0,1,0.01,0.0,4,76.4,1.85,21.75,NORMAL
S04975,100.0,1,0.0,0.0,0,94.65,1.25,4.1,NORMAL
S04976,16.8,1,138.24,0.0,4,26.05,51.9,22.05,NO_FACE
S04977,99.65,1,1.61,0.0,5,37.07,36.16,26.77,LOOKING_AWAY
S04978,100.0,1,0.0,0.0,5,79.63,7.08,13.29,NORMAL
S04979,100.0,1,0.0,0.0,4,32.2,23.15,44.65,LOOKING_AWAY
S04980,99.98,1,0.24,0.0,3,32.37,64.36,3.27,LOOKING_LEFT
S04981,99.66,1,1.52,0.0,5,68.05,1.25,30.7,LOOKING_RIGHT
S04982,100.0,1,0.0,0.0,3,72.59,6.03,21.38,NORMAL
S04983,97.02,1,8.92,0.0,12,27.17,55.32,17.51,LOOKING_AWAY
S04984,9.79,1,39.16,0.0,2,85.14,5.55,9.31,NO_FACE
S04985,100.0,1,0.0,0.0,5,30.07,52.04,17.89,LOOKING_LEFT
S04986,99.92,1,0.44,0.0,2,71.77,25.96,2.27,LOOKING_LEFT
S04987,99.99,1,0.12,0.0,5,65.7,26.4,7.9,NORMAL
S04988,99.84,1,1.55,0.0,1,69.53,1.59,28.88,NORMAL
S04989,99.53,1,1.2,0.0,1,91.32,2.08,6.6,NORMAL
S04990,100.0,1,0.0,0.0,10,31.4,35.8,32.8,LOOKING_LEFT
S04991,100.0,2,0.0,105.19,5,53.53,40.33,6.14,MULTIPLE_FACES
S04992,0.0,0,1269.41,0.0,0,100.0,0.0,0.0,NO_FACE
S04993,99.91,1,1.48,0.0,8,24.95,54.47,20.58,LOOKING_LEFT
S04994,100.0,1,0.0,0.0,6,29.54,16.13,54.33,LOOKING_AWAY
S04995,89.7,1,15.21,0.0,0,91.18,2.82,6.0,NO_FACE
S04996,99.88,1,0.91,0.0,3,73.3,22.0,4.7,LOOKING_LEFT
S04997,100.0,1,0.0,0.0,5,42.41,53.05,4.54,LOOKING_LEFT
S04998,100.0,1,0.0,0.0,1,75.89,15.81,8.3,NORMAL
S04999,99.98,1,0.23,0.0,0,80.6,5.53,13.87,NORMAL
S05000,75.26,1,85.78,0.0,0,79.85,2.45,17.7,NO_FACE
S05001,95.0,1,18.02,0.0,5,39.9,23.58,36.52,LOOKING_RIGHT
S05002,100.0,1,0.0,0.0,1,90.24,2.71,7.05,NORMAL
S05003,73.43,1,117.78,0.0,2,57.62,22.88,19.5,NO_FACE
S05004,97.83,1,5.37,0.0,3,0.0,78.24,21.76,LOOKING_LEFT
S05005,100.0,1,0.04,0.0,2,42.25,35.59,22.16,LOOKING_LEFT
S05006,0.0,0,485.49,0.0,0,100.0,0.0,0.0,NO_FACE
S05007,99.97,1,0.51,0.0,3,35.03,7.63,57.34,LOOKING_RIGHT
S05008,0.0,0,550.5,0.0,0,100.0,0.0,0.0,NO_FACE
S05009,31.92,1,98.3,0.0,6,17.69,62.75,19.56,NO_FACE
S05010,98.88,1,7.5,0.0,14,16.76,46.27,36.97,LOOKING_AWAY
S05011,100.0,2,0.0,484.25,7,72.07,19.18,8.75,MULTIPLE_FACES
S05012,99.99,1,0.11,0.0,2,15.95,52.4,31.65,LOOKING_LEFT
S05013,51.38,1,102.15,0.0,4,84.23,0.81,14.96,NO_FACE
S05014,100.0,1,0.0,0.0,1,91.0,1.2,7.8,NORMAL
S05015,54.25,1,76.0,0.0,3,80.65,6.7,12.65,NO_FACE
S05016,99.91,1,0.64,0.0,0,65.55,20.43,14.02,NORMAL
S05017,99.63,1,3.98,0.0,8,69.34,4.96,25.7,NORMAL
S05018,100.0,1,0.0,0.0,9,25.45,32.37,42.18,LOOKING_AWAY
S05019,98.8,2,10.12,2.18,2,73.81,7.07,19.12,MULTIPLE_FACES
S05020,100.0,1,0.0,0.0,13,10.66,72.14,17.2,LOOKING_LEFT
S05021,0.0,0,852.02,0.0,0,100.0,0.0,0.0,NO_FACE
S05022,100.0,1,0.0,0.0,3,36.83,53.62,9.55,LOOKING_LEFT
S05023,100.0,1,0.0,0.0,2,40.15,22.3,37.55,LOOKING_RIGHT
S05024,99.94,1,0.17,0.0,1,72.54,15.84,11.62,NORMAL
S05025,100.0,1,0.0,0.0,3,81.65,2.48,15.87,NORMAL
S05026,97.64,1,6.54,0.0,2,15.78,64.23,19.99,LOOKING_LEFT
S05027,98.6,1,8.13,0.0,17,30.97,10.44,58.59,LOOKING_AWAY
S05028,100.0,1,0.0,0.0,3,66.67,11.33,22.0,LOOKING_RIGHT
S05029,99.99,1,0.09,0.0,3,0.0,20.11,79.89,LOOKING_RIGHT
S05030,100.0,1,0.0,0.0,2,69.42,3.1,27.48,NORMAL
S05031,100.0,1,0.0,0.0,1,26.86,12.32,60.82,LOOKING_RIGHT
S05032,98.85,1,6.9,0.0,8,46.46,18.42,35.12,LOOKING_AWAY
S05033,100.0,1,0.01,0.0,7,13.48,54.82,31.7,LOOKING_LEFT
S05034,99.92,1,0.79,0.0,1,83.2,11.83,4.97,NORMAL
S05035,99.8,2,0.58,108.61,6,71.36,12.06,16.58,MULTIPLE_FACES
S05036,100.0,1,0.0,0.0,3,40.98,55.38,3.64,LOOKING_LEFT
S05037,100.0,1,0.0,0.0,1,90.86,8.86,0.28,NORMAL
S05038,11.4,1,918.32,0.0,2,64.98,18.41,16.61,NO_FACE
S05039,97.16,1,16.71,0.0,2,61.7,24.71,13.59,NORMAL
S05040,74.18,1,98.88,0.0,1,90.21,2.92,6.87,NO_FACE
S05041,99.99,2,0.05,542.65,0,95.19,3.38,1.43,MULTIPLE_FACES
S05042,100.0,1,0.0,0.0,3,76.23,13.18,10.59,NORMAL
S05043,100.0,1,0.0,0.0,5,15.03,13.13,71.84,LOOKING_RIGHT
S05044,100.0,1,0.0,0.0,5,76.71,20.84,2.45,NORMAL
S05045,99.67,1,4.45,0.0,4,20.55,60.8,18.65,LOOKING_AWAY
S05046,100.0,1,0.0,0.0,6,25.83,68.71,5.46,LOOKING_LEFT
S05047,99.51,1,0.76,0.0,4,79.63,13.3,7.07,NORMAL
S05048,100.0,1,0.0,0.0,9,25.23,36.53,38.24,LOOKING_AWAY
S05049,99.91,1,0.45,0.0,1,22.51,56.35,21.14,LOOKING_LEFT
S05050,100.0,1,0.0,0.0,5,41.14,51.82,7.04,LOOKING_LEFT
S05051,49.0,1,14.92,0.0,4,63.29,4.35,32.36,NO_FACE
S05052,100.0,2,0.0,0.71,3,69.38,5.07,25.55,NORMAL
S05053,15.33,2,539.87,0.43,1,80.3,1.44,18.26,NO_FACE
S05054,99.15,1,5.11,0.0,0,91.87,3.28,4.85,NORMAL
S05055,100.0,1,0.0,0.0,5,21.63,15.4,62.97,LOOKING_RIGHT
S05056,100.0,1,0.0,0.0,10,3.3,17.54,79.16,LOOKING_AWAY
S05057,99.98,1,0.13,0.0,4,16.56,62.28,21.16,LOOKING_LEFT
S05058,100.0,1,0.0,0.0,5,77.04,5.06,17.9,NORMAL
S05059,99.94,1,0.78,0.0,5,75.52,22.0,2.48,LOOKING_LEFT
S05060,28.16,1,139.11,0.0,1,58.72,16.38,24.9,NO_FACE
S05061,99.88,1,0.46,0.0,1,94.62,3.71,1.67,NORMAL
S05062,100.0,1,0.0,0.0,3,70.79,18.21,11.0,NORMAL
S05063,100.0,1,0.0,0.0,5,58.93,3.74,37.33,LOOKING_RIGHT
S05064,100.0,2,0.0,248.56,1,89.2,6.73,4.07,MULTIPLE_FACES
S05065,100.0,1,0.0,0.0,7,61.09,33.94,4.97,NORMAL
S05066,9.64,1,727.23,0.0,2,89.33,4.06,6.61,NO_FACE
S05067,100.0,1,0.0,0.0,7,53.88,15.29,30.83,LOOKING_AWAY
S05068,96.79,1,6.34,0.0,5,40.94,51.9,7.16,LOOKING_LEFT
S05069,100.0,1,0.0,0.0,4,7.39,72.05,20.56,LOOKING_LEFT
S05070,100.0,1,0.0,0.0,1,86.38,2.09,11.53,NORMAL
S05071,62.55,2,129.37,5.06,7,40.39,26.23,33.38,MULTIPLE_FACES
S05072,99.63,2,3.75,1.01,9,51.28,40.77,7.95,LOOKING_AWAY
S05073,99.33,2,3.95,258.65,0,80.74,9.77,9.49,MULTIPLE_FACES
S05074,14.61,1,407.9,0.0,2,45.0,33.43,21.57,NO_FACE
S05075,99.63,1,4.11,0.0,2,48.78,24.11,27.11,LOOKING_RIGHT
S05076,98.01,1,21.1,0.0,3,31.98,2.43,65.59,LOOKING_RIGHT
S05077,99.84,1,0.56,0.0,3,33.11,53.2,13.69,LOOKING_LEFT
S05078,100.0,2,0.0,2.0,2,77.28,15.44,7.28,NORMAL
S05079,100.0,1,0.0,0.0,12,26.49,23.16,50.35,LOOKING_AWAY
S05080,99.95,1,0.31,0.0,1,84.79,2.61,12.6,NORMAL
S05081,99.24,2,2.02,70.81,2,94.36,1.98,3.66,MULTIPLE_FACES
S05082,100.0,2,0.0,126.02,1,88.38,4.09,7.53,MULTIPLE_FACES
S05083,100.0,1,0.0,0.0,6,34.18,53.17,12.65,LOOKING_AWAY
S05084,100.0,1,0.0,0.0,3,41.47,49.02,9.51,LOOKING_LEFT
S05085,100.0,1,0.0,0.0,7,0.0,46.95,53.05,LOOKING_RIGHT
S05086,99.32,1,4.76,0.0,6,58.33,7.9,33.77,LOOKING_RIGHT
S05087,58.72,1,186.98,0.0,2,85.55,9.76,4.69,NO_FACE
S05088,100.0,1,0.0,0.0,2,51.06,37.32,11.62,LOOKING_LEFT
S05089,53.62,1,368.16,0.0,2,87.24,8.99,3.77,NO_FACE
S05090,99.87,1,1.34,0.0,8,12.29,55.74,31.97,LOOKING_AWAY
S05091,100.0,1,0.0,0.0,3,75.86,21.81,2.33,NORMAL
S05092,75.78,4,67.44,257.0,2,87.3,12.32,0.38,MULTIPLE_FACES
S05093,99.98,1,0.15,0.0,5,33.37,50.89,15.74,LOOKING_LEFT
S05094,99.98,1,0.3,0.0,10,20.26,14.12,65.62,LOOKING_AWAY
S05095,99.51,1,2.26,0.0,8,0.0,26.38,73.62,LOOKING_RIGHT
S05096,100.0,1,0.0,0.0,16,27.53,43.14,29.33,LOOKING_AWAY
S05097,99.99,2,0.04,3.0,4,56.8,31.7,11.5,MULTIPLE_FACES
S05098,100.0,2,0.0,64.36,6,78.86,14.99,6.15,MULTIPLE_FACES
S05099,100.0,1,0.0,0.0,4,38.98,17.45,43.57,LOOKING_RIGHT
S05100,72.41,1,100.61,0.0,2,7.15,31.3,61.55,NO_FACE
S05101,99.23,1,5.45,0.0,1,79.77,0.39,19.84,NORMAL
S05102,100.0,1,0.0,0.0,3,46.31,3.86,49.83,LOOKING_RIGHT
S05103,99.98,1,0.13,0.0,6,41.52,12.3,46.18,LOOKING_AWAY
S05104,100.0,1,0.0,0.0,4,57.48,25.41,17.11,LOOKING_LEFT
S05105,50.15,1,490.24,0.0,0,91.18,5.84,2.98,NO_FACE
S05106,100.0,1,0.0,0.0,2,17.13,31.98,50.89,LOOKING_RIGHT
S05107,76.83,1,206.82,0.0,4,80.97,1.45,17.58,NO_FACE
S05108,100.0,1,0.0,0.0,7,1.53,28.5,69.97,LOOKING_RIGHT
S05109,100.0,4,0.0,2.79,6,59.91,31.93,8.16,MULTIPLE_FACES
S05110,100.0,1,0.0,0.0,1,92.37,4.98,2.65,NORMAL
S05111,98.25,1,23.64,0.0,2,97.36,2.3,0.34,NORMAL
S05112,99.99,1,0.05,0.0,5,37.43,34.44,28.13,LOOKING_LEFT
S05113,77.62,2,28.89,39.86,2,84.67,5.78,9.55,MULTIPLE_FACES
S05114,100.0,2,0.0,140.86,5,76.21,6.3,17.49,MULTIPLE_FACES
S05115,100.0,1,0.0,0.0,1,84.11,12.49,3.4,NORMAL
S05116,97.46,1,11.79,0.0,3,62.21,30.93,6.86,NORMAL
S05117,100.0,1,0.0,0.0,5,64.86,17.7,17.44,NORMAL
S05118,99.99,1,0.05,0.0,3,86.5,12.4,1.1,NORMAL
S05119,100.0,1,0.02,0.0,2,87.97,5.16,6.87,NORMAL
S05120,99.97,3,0.21,154.91,3,58.3,12.91,28.79,MULTIPLE_FACES
S05121,99.85,1,0.42,0.0,1,97.14,1.54,1.32,NORMAL
S05122,100.0,1,0.0,0.0,7,30.33,58.95,10.72,LOOKING_LEFT
S05123,100.0,2,0.0,40.34,3,60.91,27.69,11.4,MULTIPLE_FACES
S05124,99.66,1,2.74,0.0,9,19.96,50.35,29.69,LOOKING_AWAY
S05125,100.0,1,0.0,0.0,1,92.0,0.78,7.22,NORMAL
S05126,99.95,1,0.24,0.0,1,25.76,19.0,55.24,LOOKING_RIGHT
S05127,100.0,1,0.0,0.0,2,64.64,7.04,28.32,LOOKING_RIGHT
S05128,99.93,1,0.22,0.0,3,47.06,0.92,52.02,LOOKING_RIGHT
S05129,99.5,2,5.06,415.76,2,93.44,3.54,3.02,MULTIPLE_FACES
S05130,100.0,1,0.0,0.0,4,56.83,13.83,29.34,LOOKING_RIGHT
S05131,44.05,1,158.53,0.0,6,17.89,68.75,13.36,NO_FACE
S05132,99.95,2,0.51,104.79,1,79.99,12.0,8.01,MULTIPLE_FACES
S05133,99.9,1,0.2,0.0,2,70.4,12.51,17.09,NORMAL
S05134,99.95,1,0.12,0.0,1,91.28,0.69,8.03,NORMAL
S05135,63.45,1,128.52,0.0,4,61.32,20.93,17.75,NO_FACE
S05136,100.0,1,0.0,0.0,6,65.47,22.83,11.7,NORMAL
S05137,99.41,1,0.98,0.0,4,81.77,1.31,16.92,NORMAL
S05138,100.0,1,0.0,0.0,2,22.43,63.37,14.2,LOOKING_LEFT
S05139,100.0,1,0.0,0.0,8,31.74,3.29,64.97,LOOKING_RIGHT
S05140,100.0,1,0.0,0.0,6,34.56,44.6,20.84,LOOKING_AWAY
S05141,74.18,1,99.27,0.0,6,49.56,19.24,31.2,NO_FACE
S05142,100.0,1,0.0,0.0,1,46.96,4.94,48.1,LOOKING_RIGHT
S05143,99.63,2,1.47,135.49,1,88.82,1.25,9.93,MULTIPLE_FACES
S05144,32.81,1,96.09,0.0,1,88.16,0.58,11.26,NO_FACE
S05145,99.83,1,1.84,0.0,2,73.2,5.93,20.87,NORMAL
S05146,13.58,1,546.06,0.0,4,82.79,5.86,11.35,NO_FACE
S05147,100.0,1,0.0,0.0,7,47.1,40.04,12.86,LOOKING_LEFT
S05148,100.0,1,0.0,0.0,4,63.67,22.0,14.33,LOOKING_LEFT
S05149,99.85,1,0.25,0.0,9,14.69,13.25,72.06,LOOKING_RIGHT
S05150,99.9,1,0.54,0.0,4,7.54,75.6,16.86,LOOKING_LEFT
S05151,100.0,1,0.0,0.0,4,42.41,6.9,50.69,LOOKING_RIGHT
S05152,100.0,1,0.0,0.0,1,18.08,42.46,39.46,LOOKING_LEFT
S05153,100.0,1,0.0,0.0,5,40.47,6.66,52.87,LOOKING_RIGHT
S05154,100.0,1,0.0,0.0,7,34.1,37.8,28.1,LOOKING_AWAY
S05155,100.0,1,0.0,0.0,0,95.03,4.44,0.53,NORMAL
S05156,100.0,1,0.0,0.0,3,5.45,76.7,17.85,LOOKING_LEFT
S05157,100.0,1,0.0,0.0,2,36.46,49.31,14.23,LOOKING_LEFT
S05158,99.91,1,0.77,0.0,1,78.65,12.98,8.37,NORMAL
S05159,99.91,1,1.27,0.0,9,13.39,13.02,73.59,LOOKING_RIGHT
S05160,99.89,1,0.96,0.0,1,85.25,10.11,4.64,NORMAL
S05161,99.85,1,0.73,0.0,0,26.21,63.32,10.47,LOOKING_LEFT
S05162,100.0,2,0.0,12.49,0,86.53,7.21,6.26,MULTIPLE_FACES
S05163,99.87,1,0.46,0.0,5,68.01,17.27,14.72,NORMAL
S05164,100.0,2,0.0,30.32,1,93.11,3.07,3.82,MULTIPLE_FACES
S05165,99.7,2,1.79,1.43,2,78.46,8.9,12.64,NORMAL
S05166,99.97,1,0.29,0.0,5,54.26,16.17,29.57,LOOKING_AWAY
S05167,76.94,2,139.74,2.57,1,79.85,1.52,18.63,MULTIPLE_FACES
S05168,99.96,2,0.4,55.74,3,73.0,15.14,11.86,MULTIPLE_FACES
S05169,100.0,2,0.0,126.6,3,78.7,14.66,6.64,MULTIPLE_FACES
S05170,78.38,1,39.94,0.0,1,62.09,31.76,6.15,NO_FACE
S05171,89.49,1,151.25,0.0,1,23.09,48.91,28.0,NO_FACE
S05172,99.91,1,0.62,0.0,8,29.53,50.37,20.1,LOOKING_AWAY
S05173,99.96,1,0.12,0.0,2,22.8,62.42,14.78,LOOKING_LEFT
S05174,99.6,1,3.13,0.0,9,37.2,58.65,4.15,LOOKING_LEFT
S05175,0.0,0,1492.25,0.0,0,100.0,0.0,0.0,NO_FACE
S05176,99.86,1,0.34,0.0,5,82.68,7.05,10.27,NORMAL
S05177,100.0,1,0.0,0.0,19,23.73,5.07,71.2,LOOKING_AWAY
S05178,99.78,1,0.53,0.0,1,82.89,13.14,3.97,NORMAL
S05179,100.0,1,0.0,0.0,10,15.43,48.3,36.27,LOOKING_AWAY
S05180,98.7,2,20.33,93.39,2,78.44,2.11,19.45,MULTIPLE_FACES
S05181,100.0,1,0.01,0.0,9,32.57,52.85,14.58,LOOKING_AWAY
S05182,54.7,1,100.96,0.0,1,82.31,3.3,14.39,NO_FACE
S05183,0.0,0,194.12,0.0,0,100.0,0.0,0.0,NO_FACE
S05184,99.63,1,1.65,0.0,20,18.62,17.86,63.52,LOOKING_AWAY
S05185,100.0,1,0.0,0.0,4,25.29,47.68,27.03,LOOKING_LEFT
S05186,98.86,1,2.74,0.0,0,85.34,3.89,10.77,NORMAL
S05187,98.61,1,2.65,0.0,5,33.79,16.3,49.91,LOOKING_AWAY
S05188,100.0,1,0.0,0.0,9,21.72,32.39,45.89,LOOKING_AWAY
S05189,97.83,2,13.89,302.5,5,67.56,24.82,7.62,MULTIPLE_FACES
S05190,100.0,1,0.03,0.0,2,42.65,37.62,19.73,LOOKING_LEFT
S05191,100.0,1,0.0,0.0,5,44.74,11.19,44.07,LOOKING_RIGHT
S05192,99.7,1,1.69,0.0,4,14.5,71.54,13.96,LOOKING_LEFT
S05193,100.0,1,0.0,0.0,13,34.42,38.28,27.3,LOOKING_AWAY
S05194,41.39,1,212.96,0.0,1,72.68,2.9,24.42,NO_FACE
S05195,86.55,1,38.61,0.0,6,54.47,22.52,23.01,NO_FACE
S05196,99.92,2,0.25,22.99,2,83.77,6.15,10.08,MULTIPLE_FACES
S05197,99.87,1,1.69,0.0,5,66.32,27.38,6.3,NORMAL
S05198,100.0,1,0.0,0.0,10,36.52,40.58,22.9,LOOKING_AWAY
S05199,100.0,1,0.0,0.0,2,19.45,55.81,24.74,LOOKING_LEFT
S05200,99.51,1,0.82,0.0,3,43.38,18.32,38.3,LOOKING_RIGHT
S05201,99.6,1,1.57,0.0,3,21.96,7.46,70.58,LOOKING_RIGHT
S05202,100.0,2,0.0,142.38,1,68.47,17.0,14.53,MULTIPLE_FACES
S05203,99.97,1,0.48,0.0,7,22.1,47.42,30.48,LOOKING_AWAY
S05204,97.94,1,22.74,0.0,7,25.93,21.76,52.31,LOOKING_RIGHT
S05205,98.69,1,2.86,0.0,3,45.0,32.32,22.68,NORMAL
S05206,99.9,1,1.12,0.0,8,2.0,27.22,70.78,LOOKING_AWAY
S05207,99.1,2,2.89,153.42,4,74.17,13.58,12.25,MULTIPLE_FACES
S05208,99.58,2,2.44,84.29,6,61.46,16.84,21.7,MULTIPLE_FACES
S05209,26.79,1,612.6,0.0,3,77.08,15.5,7.42,NO_FACE
S05210,100.0,1,0.0,0.0,2,75.95,5.32,18.73,NORMAL
S05211,99.78,1,0.88,0.0,0,95.58,2.16,2.26,NORMAL
S05212,99.84,1,1.72,0.0,4,59.89,22.94,17.17,LOOKING_LEFT
S05213,99.98,1,0.18,0.0,1,39.8,48.01,12.19,LOOKING_LEFT
S05214,100.0,1,0.0,0.0,2,29.75,57.98,12.27,LOOKING_LEFT
S05215,99.96,1,0.28,0.0,4,54.46,4.47,41.07,LOOKING_RIGHT
S05216,100.0,1,0.0,0.0,10,38.91,20.01,41.08,LOOKING_AWAY
S05217,0.0,0,1503.78,0.0,0,100.0,0.0,0.0,NO_FACE
S05218,99.78,1,1.93,0.0,7,44.52,34.05,21.43,LOOKING_AWAY
S05219,57.14,1,275.52,0.0,1,77.48,3.07,19.45,NO_FACE
S05220,99.98,2,0.25,442.97,5,45.16,27.89,26.95,MULTIPLE_FACES
S05221,100.0,1,0.0,0.0,4,59.79,2.74,37.47,LOOKING_RIGHT
S05222,87.69,1,26.17,0.0,3,73.34,24.58,2.08,NO_FACE
S05223,99.96,1,0.38,0.0,4,22.01,59.86,18.13,LOOKING_LEFT
S05224,47.42,1,295.18,0.0,6,65.46,23.69,10.85,NO_FACE
S05225,99.65,1,4.57,0.0,4,26.54,35.23,38.23,LOOKING_RIGHT
S05226,100.0,2,0.0,0.72,2,74.0,19.9,6.1,MULTIPLE_FACES
S05227,100.0,1,0.0,0.0,2,89.18,8.55,2.27,NORMAL
S05228,83.72,1,78.04,0.0,1,21.9,24.92,53.18,NO_FACE
S05229,100.0,1,0.0,0.0,2,45.05,47.51,7.44,LOOKING_LEFT
S05230,99.81,1,1.44,0.0,3,53.74,9.24,37.02,LOOKING_RIGHT
S05231,100.0,1,0.0,0.0,0,97.58,0.68,1.74,NORMAL
S05232,8.61,1,189.67,0.0,2,92.26,3.15,4.59,NO_FACE
S05233,99.62,1,2.58,0.0,1,75.67,14.49,9.84,NORMAL
S05234,99.63,1,1.59,0.0,2,27.67,20.18,52.15,LOOKING_RIGHT
S05235,45.79,1,305.51,0.0,5,12.5,50.95,36.55,NO_FACE
S05236,39.92,1,106.08,0.0,0,85.82,8.64,5.54,NO_FACE
S05237,100.0,2,0.0,112.42,3,82.68,2.15,15.17,MULTIPLE_FACES
S05238,100.0,2,0.0,208.06,3,79.09,3.94,16.97,MULTIPLE_FACES
S05239,99.62,1,4.92,0.0,0,88.49,4.66,6.85,NORMAL
S05240,99.98,1,0.12,0.0,5,56.14,10.88,32.98,LOOKING_RIGHT
S05241,87.14,1,34.26,0.0,0,90.03,0.94,9.03,NO_FACE
S05242,99.87,2,0.73,53.34,1,66.68,25.02,8.3,MULTIPLE_FACES
S05243,78.73,1,127.67,0.0,1,90.51,3.95,5.54,NO_FACE
S05244,100.0,1,0.0,0.0,11,11.44,50.72,37.84,LOOKING_AWAY
S05245,99.02,1,1.23,0.0,7,42.46,4.48,53.06,LOOKING_RIGHT
S05246,72.59,4,105.66,76.83,7,58.21,30.13,11.66,MULTIPLE_FACES
S05247,98.2,1,2.08,0.0,5,83.78,1.84,14.38,NORMAL
S05248,100.0,2,0.0,51.34,0,87.62,5.99,6.39,MULTIPLE_FACES
S05249,99.16,2,3.1,1.9,3,86.75,7.51,5.74,NORMAL
S05250,53.94,1,246.84,0.0,2,81.5,10.55,7.95,NO_FACE
S05251,99.43,1,2.36,0.0,1,63.61,32.41,3.98,NORMAL
S05252,99.93,1,0.59,0.0,2,86.73,5.1,8.17,NORMAL
S05253,0.0,0,247.17,0.0,0,100.0,0.0,0.0,NO_FACE
S05254,99.4,1,3.3,0.0,7,26.18,27.56,46.26,LOOKING_AWAY
S05255,99.81,1,1.89,0.0,0,93.04,3.78,3.18,NORMAL
S05256,100.0,2,0.0,151.93,5,89.6,9.22,1.18,MULTIPLE_FACES
S05257,100.0,2,0.0,2.68,2,72.58,19.03,8.39,MULTIPLE_FACES
S05258,99.26,1,1.35,0.0,6,63.05,17.76,19.19,NORMAL
S05259,99.23,2,4.21,2.5,7,45.02,41.31,13.67,MULTIPLE_FACES
S05260,100.0,1,0.0,0.0,7,46.99,43.86,9.15,LOOKING_LEFT
S05261,30.01,1,102.73,0.0,1,82.31,7.6,10.09,NO_FACE
S05262,17.66,1,480.7,0.0,1,92.04,4.18,3.78,NO_FACE
S05263,99.7,2,1.47,160.29,4,74.99,21.5,3.51,MULTIPLE_FACES
S05264,66.08,1,76.05,0.0,2,89.9,6.22,3.88,NO_FACE
S05265,99.93,1,0.51,0.0,7,48.4,27.3,24.3,LOOKING_LEFT
S05266,99.49,2,5.34,147.64,5,72.89,9.87,17.24,MULTIPLE_FACES
S05267,99.79,1,0.31,0.0,2,40.21,0.6,59.19,LOOKING_RIGHT
S05268,99.8,2,2.69,128.67,10,49.76,49.38,0.86,MULTIPLE_FACES
S05269,100.0,2,0.0,259.2,5,81.6,9.57,8.83,MULTIPLE_FACES
S05270,99.86,1,1.0,0.0,13,27.77,40.64,31.59,LOOKING_AWAY
S05271,66.71,1,60.94,0.0,3,75.06,3.25,21.69,NO_FACE
S05272,98.94,1,3.05,0.0,1,94.25,0.31,5.44,NORMAL
S05273,99.92,1,0.86,0.0,4,38.41,10.34,51.25,LOOKING_RIGHT
S05274,100.0,1,0.0,0.0,4,70.95,27.64,1.41,NORMAL
S05275,100.0,1,0.0,0.0,7,79.98,15.41,4.61,NORMAL
S05276,0.0,0,751.18,0.0,0,100.0,0.0,0.0,NO_FACE
S05277,63.4,1,184.66,0.0,3,11.28,81.63,7.09,NO_FACE
S05278,100.0,1,0.0,0.0,4,39.6,15.23,45.17,LOOKING_RIGHT
S05279,100.0,3,0.0,252.79,10,54.56,23.32,22.12,MULTIPLE_FACES
S05280,100.0,1,0.0,0.0,7,32.36,35.9,31.74,LOOKING_AWAY
S05281,99.84,1,1.2,0.0,6,18.52,61.49,19.99,LOOKING_LEFT
S05282,79.14,4,118.57,260.5,3,74.94,6.57,18.49,MULTIPLE_FACES
S05283,98.5,1,21.93,0.0,4,15.63,49.03,35.34,LOOKING_LEFT
S05284,99.64,1,1.42,0.0,6,61.68,23.16,15.16,LOOKING_AWAY
S05285,100.0,3,0.0,1.16,2,93.74,1.79,4.47,MULTIPLE_FACES
S05286,98.26,1,12.16,0.0,13,49.5,39.1,11.4,LOOKING_AWAY
S05287,99.9,1,0.13,0.0,5,21.35,29.06,49.59,LOOKING_RIGHT
S05288,100.0,1,0.0,0.0,2,87.73,4.89,7.38,NORMAL
S05289,100.0,1,0.0,0.0,2,63.43,28.71,7.86,LOOKING_LEFT
S05290,99.52,1,1.13,0.0,6,26.86,13.0,60.14,LOOKING_AWAY
S05291,98.66,1,21.38,0.0,3,65.97,0.11,33.92,LOOKING_RIGHT
S05292,100.0,1,0.0,0.0,2,87.8,1.58,10.62,NORMAL
S05293,99.78,1,2.18,0.0,2,65.38,1.98,32.64,LOOKING_RIGHT
S05294,99.99,1,0.02,0.0,9,14.56,27.25,58.19,LOOKING_RIGHT
S05295,99.2,1,2.63,0.0,12,31.69,13.01,55.3,LOOKING_AWAY
S05296,99.4,1,0.81,0.0,3,77.67,21.51,0.82,NORMAL
S05297,100.0,1,0.0,0.0,4,35.01,6.18,58.81,LOOKING_RIGHT
S05298,100.0,1,0.0,0.0,1,65.98,4.97,29.05,NORMAL
S05299,98.93,1,2.84,0.0,3,32.62,54.31,13.07,LOOKING_LEFT
S05300,100.0,1,0.0,0.0,4,57.49,34.08,8.43,LOOKING_LEFT
S05301,99.78,1,2.67,0.0,8,35.45,20.13,44.42,LOOKING_AWAY
S05302,99.92,2,0.54,175.51,2,91.8,1.97,6.23,MULTIPLE_FACES
S05303,100.0,1,0.0,0.0,3,88.77,9.21,2.02,NORMAL
S05304,99.85,1,0.98,0.0,1,85.58,7.23,7.19,NORMAL
S05305,99.88,1,1.57,0.0,7,32.19,3.84,63.97,LOOKING_RIGHT
S05306,99.97,1,0.09,0.0,8,11.27,68.9,19.83,LOOKING_LEFT
S05307,100.0,3,0.0,213.1,2,90.94,2.54,6.52,MULTIPLE_FACES
S05308,0.0,0,946.55,0.0,0,100.0,0.0,0.0,NO_FACE
S05309,100.0,1,0.0,0.0,1,18.86,32.54,48.6,LOOKING_RIGHT
S05310,99.83,1,1.54,0.0,1,73.52,21.09,5.39,NORMAL
S05311,100.0,1,0.0,0.0,2,82.09,15.19,2.72,NORMAL
S05312,97.74,1,11.44,0.0,7,31.85,21.45,46.7,LOOKING_AWAY
S05313,51.91,1,29.31,0.0,6,64.82,27.96,7.22,NO_FACE
S05314,100.0,1,0.03,0.0,9,36.34,27.46,36.2,LOOKING_AWAY
S05315,99.36,1,1.24,0.0,2,66.09,1.02,32.89,LOOKING_RIGHT
S05316,100.0,1,0.0,0.0,2,23.47,2.73,73.8,LOOKING_RIGHT
S05317,100.0,1,0.0,0.0,2,28.08,64.2,7.72,LOOKING_LEFT
S05318,100.0,2,0.0,400.59,3,81.8,7.48,10.72,MULTIPLE_FACES
S05319,99.59,1,1.08,0.0,7,36.03,51.45,12.52,LOOKING_LEFT
S05320,42.6,1,234.5,0.0,3,85.41,9.83,4.76,NO_FACE
S05321,99.61,2,0.74,41.3,3,56.67,25.12,18.21,MULTIPLE_FACES
S05322,100.0,1,0.0,0.0,6,24.14,22.78,53.08,LOOKING_RIGHT
S05323,97.61,4,13.09,0.59,8,65.93,16.7,17.37,MULTIPLE_FACES
S05324,100.0,2,0.0,150.09,1,83.5,10.91,5.59,MULTIPLE_FACES
S05325,100.0,1,0.0,0.0,6,47.99,31.0,21.01,LOOKING_LEFT
S05326,22.61,1,486.48,0.0,1,75.32,21.45,3.23,NO_FACE
S05327,61.11,2,63.92,96.89,4,84.41,6.45,9.14,MULTIPLE_FACES
S05328,99.55,2,2.45,71.96,6,63.49,2.16,34.35,MULTIPLE_FACES
S05329,71.14,2,118.12,190.02,1,91.4,6.96,1.64,MULTIPLE_FACES
S05330,99.66,1,3.91,0.0,3,73.69,15.45,10.86,NORMAL
S05331,99.87,1,1.37,0.0,2,61.19,7.33,31.48,LOOKING_RIGHT
S05332,100.0,1,0.0,0.0,5,2.52,30.32,67.16,LOOKING_RIGHT
S05333,72.0,1,14.37,0.0,1,98.31,0.69,1.0,NO_FACE
S05334,84.15,1,96.07,0.0,5,45.0,28.67,26.33,NO_FACE
S05335,85.15,1,69.9,0.0,8,5.93,58.3,35.77,NO_FACE
S05336,99.96,1,0.55,0.0,10,35.8,20.75,43.45,LOOKING_AWAY
S05337,100.0,2,0.0,61.1,6,83.17,11.66,5.17,MULTIPLE_FACES
S05338,99.14,1,2.49,0.0,1,81.04,17.39,1.57,NORMAL
S05339,100.0,1,0.0,0.0,4,68.22,25.16,6.62,NORMAL
S05340,89.15,1,18.25,0.0,4,69.29,2.38,28.33,NO_FACE
S05341,100.0,1,0.0,0.0,3,40.64,43.33,16.03,LOOKING_LEFT
S05342,99.7,1,0.75,0.0,14,28.53,14.04,57.43,LOOKING_AWAY
S05343,99.92,1,0.78,0.0,8,39.24,32.75,28.01,LOOKING_AWAY
S05344,99.8,1,2.98,0.0,6,0.0,72.96,27.04,LOOKING_LEFT
S05345,99.95,1,0.49,0.0,2,88.27,7.65,4.08,NORMAL
S05346,99.55,1,2.53,0.0,1,38.2,19.28,42.52,LOOKING_RIGHT
S05347,63.72,1,93.57,0.0,5,65.8,21.79,12.41,NO_FACE
S05348,100.0,1,0.0,0.0,1,93.72,2.59,3.69,NORMAL
S05349,31.78,1,51.73,0.0,3,73.81,13.85,12.34,NO_FACE
S05350,100.0,1,0.0,0.0,5,65.09,4.47,30.44,LOOKING_RIGHT
S05351,100.0,1,0.0,0.0,1,85.76,7.81,6.43,NORMAL
S05352,100.0,1,0.0,0.0,9,32.29,40.83,26.88,LOOKING_AWAY
S05353,100.0,1,0.0,0.0,2,33.63,13.47,52.9,LOOKING_AWAY
S05354,100.0,1,0.0,0.0,2,71.26,10.66,18.08,NORMAL
S05355,100.0,1,0.0,0.0,8,18.48,24.39,57.13,LOOKING_AWAY
S05356,99.65,1,0.95,0.0,4,68.35,27.46,4.19,LOOKING_LEFT
S05357,99.97,1,0.24,0.0,4,63.12,23.84,13.04,NORMAL
S05358,98.98,2,0.96,52.41,1,78.68,11.39,9.93,MULTIPLE_FACES
S05359,100.0,1,0.0,0.0,4,44.36,36.72,18.92,LOOKING_LEFT
S05360,100.0,1,0.0,0.0,2,2.39,29.42,68.19,LOOKING_RIGHT
S05361,100.0,1,0.0,0.0,2,94.12,3.9,1.98,NORMAL
S05362,81.1,1,140.51,0.0,3,65.11,18.19,16.7,NO_FACE
S05363,100.0,1,0.0,0.0,6,39.52,7.38,53.1,LOOKING_RIGHT
S05364,99.75,1,2.11,0.0,3,60.7,31.69,7.61,LOOKING_LEFT
S05365,10.93,1,91.69,0.0,6,3.72,83.76,12.52,NO_FACE
S05366,99.96,2,0.5,1.49,3,50.93,36.19,12.88,MULTIPLE_FACES
S05367,98.44,1,23.46,0.0,4,42.33,21.61,36.06,LOOKING_RIGHT
S05368,99.38,1,6.81,0.0,3,92.47,3.06,4.47,NORMAL
S05369,99.95,1,0.33,0.0,6,56.52,42.41,1.07,LOOKING_LEFT
S05370,100.0,1,0.0,0.0,4,76.04,10.41,13.55,NORMAL
S05371,19.15,1,316.98,0.0,1,84.99,0.88,14.13,NO_FACE
S05372,60.65,2,50.39,24.9,2,62.22,11.49,26.29,MULTIPLE_FACES
S05373,9.2,1,377.65,0.0,4,70.52,14.05,15.43,NO_FACE
S05374,5.06,1,122.82,0.0,4,77.4,12.34,10.26,NO_FACE
S05375,100.0,1,0.0,0.0,0,68.88,28.78,2.34,NORMAL
S05376,99.5,1,5.46,0.0,6,35.32,27.17,37.51,LOOKING_RIGHT
S05377,96.63,1,6.5,0.0,3,36.0,11.94,52.06,LOOKING_RIGHT
S05378,31.37,1,106.98,0.0,2,56.38,23.78,19.84,NO_FACE
S05379,14.85,1,294.3,0.0,1,87.7,10.47,1.83,NO_FACE
S05380,99.83,1,0.87,0.0,5,21.07,38.32,40.61,LOOKING_AWAY
S05381,98.97,1,6.23,0.0,2,80.53,6.69,12.78,NORMAL
S05382,100.0,1,0.0,0.0,3,68.08,24.52,7.4,LOOKING_LEFT
S05383,99.92,1,0.57,0.0,12,37.14,33.3,29.56,LOOKING_AWAY
S05384,89.63,1,5.57,0.0,2,66.47,20.4,13.13,NO_FACE
S05385,99.98,1,0.09,0.0,2,84.21,7.39,8.4,NORMAL
S05386,99.61,1,0.56,0.0,11,13.3,50.1,36.6,LOOKING_AWAY
S05387,98.65,3,19.8,332.64,3,73.29,20.52,6.19,MULTIPLE_FACES
S05388,99.42,1,0.94,0.0,2,84.48,2.53,12.99,NORMAL
S05389,100.0,2,0.0,93.28,2,85.14,4.35,10.51,MULTIPLE_FACES
S05390,61.45,2,196.75,51.01,3,88.59,7.85,3.56,MULTIPLE_FACES
S05391,98.65,1,8.46,0.0,7,17.95,54.19,27.86,LOOKING_LEFT
S05392,99.63,1,2.86,0.0,4,81.0,0.18,18.82,NORMAL
S05393,100.0,1,0.0,0.0,0,93.7,0.97,5.33,NORMAL
S05394,100.0,1,0.0,0.0,10,2.0,86.4,11.6,LOOKING_AWAY
S05395,99.95,1,0.51,0.0,7,15.29,9.22,75.49,LOOKING_RIGHT
S05396,100.0,1,0.0,0.0,6,84.24,6.6,9.16,NORMAL
S05397,100.0,1,0.0,0.0,4,14.64,68.25,17.11,LOOKING_LEFT
S05398,0.0,0,188.07,0.0,0,100.0,0.0,0.0,NO_FACE
S05399,15.99,1,390.71,0.0,5,52.35,5.36,42.29,NO_FACE
S05400,41.41,1,196.97,0.0,2,78.68,5.87,15.45,NO_FACE
S05401,99.72,1,1.11,0.0,1,36.72,17.09,46.19,LOOKING_RIGHT
S05402,40.04,1,588.35,0.0,4,42.18,37.24,20.58,NO_FACE
S05403,99.96,1,0.29,0.0,3,37.06,57.21,5.73,LOOKING_LEFT
S05404,99.82,1,0.74,0.0,5,45.71,36.38,17.91,LOOKING_LEFT
S05405,100.0,1,0.0,0.0,1,93.66,3.25,3.09,NORMAL
S05406,99.89,1,0.28,0.0,2,80.26,11.31,8.43,NORMAL
S05407,100.0,1,0.0,0.0,2,44.2,10.59,45.21,LOOKING_RIGHT
S05408,99.92,1,0.68,0.0,3,94.61,4.65,0.74,NORMAL
S05409,99.81,1,1.12,0.0,14,19.28,26.84,53.88,LOOKING_AWAY
S05410,98.51,1,12.39,0.0,2,56.61,41.85,1.54,LOOKING_LEFT
S05411,93.59,1,17.28,0.0,4,81.95,6.1,11.95,NORMAL
S05412,97.31,1,2.63,0.0,14,35.8,28.76,35.44,LOOKING_AWAY
S05413,99.94,1,0.66,0.0,10,17.11,62.47,20.42,LOOKING_AWAY
S05414,100.0,1,0.0,0.0,3,31.85,5.66,62.49,LOOKING_RIGHT
S05415,93.88,1,16.42,0.0,9,20.27,56.4,23.33,LOOKING_AWAY
S05416,11.01,1,392.83,0.0,3,90.87,2.07,7.06,NO_FACE
S05417,100.0,1,0.0,0.0,6,28.66,55.81,15.53,LOOKING_AWAY
S05418,99.89,1,0.31,0.0,3,77.73,16.77,5.5,NORMAL
S05419,24.39,1,276.4,0.0,2,65.56,6.38,28.06,NO_FACE
S05420,100.0,1,0.0,0.0,4,75.62,7.11,17.27,NORMAL
S05421,100.0,1,0.0,0.0,6,6.17,68.78,25.05,LOOKING_LEFT
S05422,99.9,1,1.15,0.0,3,9.06,75.13,15.81,LOOKING_LEFT
S05423,79.81,1,31.33,0.0,3,65.91,10.85,23.24,NO_FACE
S05424,100.0,1,0.0,0.0,2,40.26,25.07,34.67,LOOKING_RIGHT
S05425,98.02,1,14.66,0.0,7,19.4,4.55,76.05,LOOKING_RIGHT
S05426,100.0,1,0.0,0.0,3,28.07,51.86,20.07,LOOKING_LEFT
S05427,99.9,1,0.73,0.0,3,24.39,61.46,14.15,LOOKING_LEFT
S05428,100.0,1,0.0,0.0,4,0.0,77.21,22.79,LOOKING_LEFT
S05429,99.92,1,0.82,0.0,3,65.42,5.09,29.49,LOOKING_RIGHT
S05430,99.81,1,1.54,0.0,15,11.59,40.51,47.9,LOOKING_AWAY
S05431,99.98,1,0.15,0.0,3,69.15,11.17,19.68,NORMAL
S05432,99.85,1,0.75,0.0,2,73.97,11.99,14.04,NORMAL
S05433,100.0,1,0.0,0.0,2,48.32,40.25,11.43,LOOKING_LEFT
S05434,100.0,1,0.0,0.0,8,41.03,34.23,24.74,LOOKING_AWAY
S05435,100.0,1,0.0,0.0,6,32.58,58.41,9.01,LOOKING_LEFT
S05436,100.0,1,0.0,0.0,12,19.1,37.89,43.01,LOOKING_AWAY
S05437,99.84,2,0.9,174.91,5,89.66,4.42,5.92,MULTIPLE_FACES
S05438,100.0,2,0.0,0.52,7,24.72,11.54,63.74,LOOKING_AWAY
S05439,99.76,1,2.21,0.0,3,18.26,76.2,5.54,LOOKING_LEFT
S05440,67.36,2,82.85,190.7,4,38.41,42.7,18.89,MULTIPLE_FACES
S05441,99.99,1,0.06,0.0,2,57.42,42.3,0.28,LOOKING_LEFT
S05442,66.74,4,157.69,168.86,3,93.24,2.92,3.84,MULTIPLE_FACES
S05443,10.45,1,646.07,0.0,4,88.6,5.25,6.15,NO_FACE
S05444,99.96,1,0.58,0.0,9,48.08,10.8,41.12,LOOKING_AWAY
S05445,100.0,2,0.0,211.54,4,77.37,7.02,15.61,MULTIPLE_FACES
S05446,29.45,1,288.48,0.0,1,82.43,10.41,7.16,NO_FACE
S05447,100.0,1,0.0,0.0,12,13.74,77.82,8.44,LOOKING_LEFT
S05448,99.99,1,0.07,0.0,12,27.37,22.15,50.48,LOOKING_AWAY
S05449,99.55,1,4.02,0.0,6,0.0,29.68,70.32,LOOKING_RIGHT
S05450,100.0,1,0.0,0.0,9,34.73,39.34,25.93,LOOKING_AWAY
S05451,99.74,1,3.2,0.0,3,67.6,20.29,12.11,NORMAL
S05452,99.94,1,0.35,0.0,12,22.12,36.16,41.72,LOOKING_AWAY
S05453,100.0,1,0.0,0.0,3,19.79,48.36,31.85,LOOKING_LEFT
S05454,99.83,1,0.95,0.0,8,39.69,32.12,28.19,LOOKING_AWAY
S05455,100.0,1,0.0,0.0,8,26.5,53.74,19.76,LOOKING_AWAY
S05456,99.97,1,0.43,0.0,3,74.08,20.33,5.59,NORMAL
S05457,100.0,1,0.0,0.0,1,33.71,26.41,39.88,LOOKING_RIGHT
S05458,100.0,1,0.0,0.0,8,2.0,17.2,80.8,LOOKING_AWAY
S05459,98.45,1,6.47,0.0,2,77.05,10.87,12.08,NORMAL
S05460,99.67,1,0.95,0.0,4,26.25,16.99,56.76,LOOKING_RIGHT
S05461,99.59,2,1.05,1.88,2,94.25,1.05,4.7,NORMAL
S05462,99.98,1,0.08,0.0,6,66.28,19.46,14.26,NORMAL
S05463,98.8,1,3.6,0.0,9,49.06,9.38,41.56,LOOKING_AWAY
S05464,99.99,1,0.08,0.0,3,46.4,28.51,25.09,LOOKING_LEFT
S05465,99.9,1,1.13,0.0,11,18.69,33.43,47.88,LOOKING_AWAY
S05466,99.97,1,0.03,0.0,2,87.9,10.25,1.85,NORMAL
S05467,100.0,1,0.0,0.0,4,58.31,27.54,14.15,NORMAL
S05468,100.0,1,0.0,0.0,9,27.47,58.48,14.05,LOOKING_AWAY
S05469,99.98,1,0.08,0.0,7,42.96,38.98,18.06,LOOKING_LEFT
S05470,100.0,1,0.0,0.0,4,47.01,7.96,45.03,LOOKING_RIGHT
S05471,100.0,1,0.0,0.0,1,28.96,54.94,16.1,LOOKING_LEFT
S05472,99.9,2,0.78,0.87,8,37.68,23.47,38.85,MULTIPLE_FACES
S05473,99.79,1,0.45,0.0,5,42.32,54.72,2.96,LOOKING_AWAY
S05474,99.94,4,0.52,299.11,7,73.24,15.41,11.35,MULTIPLE_FACES
S05475,99.91,2,0.68,117.88,2,78.35,7.54,14.11,MULTIPLE_FACES
S05476,99.95,2,0.38,124.23,5,88.51,4.09,7.4,MULTIPLE_FACES
S05477,42.08,1,180.21,0.0,4,84.15,13.61,2.24,NO_FACE
S05478,99.86,2,1.11,115.38,6,87.94,4.83,7.23,MULTIPLE_FACES
S05479,99.68,1,3.98,0.0,3,16.46,49.35,34.19,LOOKING_LEFT
S05480,100.0,1,0.0,0.0,3,45.77,48.61,5.62,LOOKING_LEFT
S05481,100.0,2,0.0,272.19,5,59.85,20.44,19.71,MULTIPLE_FACES
S05482,98.59,1,5.45,0.0,5,19.33,48.98,31.69,LOOKING_LEFT
S05483,63.94,1,277.17,0.0,3,81.74,15.55,2.71,NO_FACE
S05484,100.0,1,0.0,0.0,5,44.54,21.52,33.94,LOOKING_RIGHT
S05485,99.83,1,2.02,0.0,7,59.79,14.49,25.72,NORMAL
S05486,100.0,2,0.0,2.42,2,80.33,4.89,14.78,MULTIPLE_FACES
S05487,99.13,1,10.76,0.0,6,13.65,25.67,60.68,LOOKING_AWAY
S05488,55.58,1,530.04,0.0,4,26.69,45.56,27.75,NO_FACE
S05489,99.36,1,4.83,0.0,1,72.3,22.0,5.7,LOOKING_LEFT
S05490,100.0,1,0.0,0.0,10,52.84,11.6,35.56,LOOKING_AWAY
S05491,99.88,2,0.69,239.4,2,67.19,9.73,23.08,MULTIPLE_FACES
S05492,100.0,1,0.0,0.0,3,69.13,23.64,7.23,NORMAL
S05493,99.35,1,8.32,0.0,5,49.36,8.52,42.12,LOOKING_RIGHT
S05494,100.0,1,0.0,0.0,4,34.44,9.63,55.93,LOOKING_RIGHT
S05495,63.57,3,60.96,55.91,6,60.3,10.52,29.18,MULTIPLE_FACES
S05496,99.91,1,0.18,0.0,4,2.1,57.83,40.07,LOOKING_LEFT
S05497,99.65,1,0.52,0.0,6,20.28,59.28,20.44,LOOKING_LEFT
S05498,10.99,1,929.17,0.0,3,56.78,33.48,9.74,NO_FACE
S05499,99.95,1,0.16,0.0,14,28.6,42.59,28.81,LOOKING_AWAY
S05500,65.74,1,46.99,0.0,5,54.31,6.16,39.53,NO_FACE
S05501,89.2,1,17.16,0.0,6,13.86,19.8,66.34,LOOKING_RIGHT
S05502,99.94,1,0.16,0.0,2,87.72,3.03,9.25,NORMAL
S05503,99.9,3,1.11,458.72,5,81.89,1.26,16.85,MULTIPLE_FACES
S05504,99.91,1,0.4,0.0,5,31.17,7.73,61.1,LOOKING_RIGHT
S05505,5.82,1,112.36,0.0,3,31.24,42.52,26.24,NO_FACE
S05506,99.55,1,5.33,0.0,1,81.83,9.08,9.09,NORMAL
S05507,99.62,1,3.07,0.0,3,55.06,36.78,8.16,LOOKING_LEFT
S05508,100.0,1,0.0,0.0,2,84.95,8.43,6.62,NORMAL
S05509,99.17,1,3.34,0.0,5,62.66,8.21,29.13,NORMAL
S05510,69.07,1,291.81,0.0,4,74.04,5.42,20.54,NO_FACE
S05511,98.64,2,23.44,289.29,6,71.55,24.87,3.58,MULTIPLE_FACES
S05512,100.0,1,0.0,0.0,3,70.14,22.43,7.43,NORMAL
S05513,99.92,1,0.6,0.0,4,37.63,22.87,39.5,LOOKING_RIGHT
S05514,100.0,1,0.0,0.0,11,6.2,22.13,71.67,LOOKING_RIGHT
S05515,100.0,1,0.0,0.0,4,65.21,28.27,6.52,NORMAL
S05516,100.0,1,0.0,0.0,8,6.12,75.17,18.71,LOOKING_AWAY
S05517,99.83,1,2.08,0.0,3,46.36,36.59,17.05,LOOKING_LEFT
S05518,99.8,1,0.24,0.0,9,27.82,59.26,12.92,LOOKING_AWAY
S05519,100.0,1,0.0,0.0,2,82.74,11.12,6.14,NORMAL
S05520,99.79,1,2.24,0.0,5,59.44,2.8,37.76,LOOKING_RIGHT
S05521,100.0,1,0.0,0.0,0,64.76,27.93,7.31,NORMAL
S05522,97.04,2,4.22,0.68,4,37.56,29.72,32.72,LOOKING_RIGHT
S05523,99.7,1,1.96,0.0,7,21.45,46.74,31.81,LOOKING_AWAY
S05524,100.0,1,0.0,0.0,4,22.31,48.98,28.71,LOOKING_LEFT
S05525,27.68,1,707.81,0.0,2,57.67,19.22,23.11,NO_FACE
S05526,99.72,1,2.76,0.0,3,45.81,5.86,48.33,LOOKING_RIGHT
S05527,99.71,1,2.29,0.0,8,0.0,38.55,61.45,LOOKING_RIGHT
S05528,99.93,1,0.29,0.0,7,21.01,74.24,4.75,LOOKING_LEFT
S05529,100.0,1,0.0,0.0,0,90.57,4.99,4.44,NORMAL
S05530,99.82,1,1.66,0.0,6,40.4,3.64,55.96,LOOKING_AWAY
S05531,98.88,1,12.85,0.0,6,21.74,63.82,14.44,LOOKING_LEFT
S05532,99.61,1,0.44,0.0,2,48.85,39.85,11.3,LOOKING_LEFT
S05533,98.0,4,19.82,158.1,3,67.42,15.14,17.44,MULTIPLE_FACES
S05534,100.0,1,0.0,0.0,2,74.98,6.69,18.33,NORMAL
S05535,99.51,1,1.27,0.0,2,63.96,1.37,34.67,LOOKING_RIGHT
S05536,99.35,1,0.82,0.0,1,59.76,32.48,7.76,LOOKING_LEFT
S05537,81.9,1,70.23,0.0,2,86.32,12.12,1.56,NO_FACE
S05538,100.0,1,0.0,0.0,5,40.25,9.13,50.62,LOOKING_RIGHT
S05539,99.73,1,1.35,0.0,7,54.82,17.67,27.51,NORMAL
S05540,98.29,1,15.45,0.0,11,28.67,34.96,36.37,LOOKING_AWAY
S05541,99.84,2,0.37,4.56,3,91.73,0.48,7.79,MULTIPLE_FACES
S05542,100.0,1,0.0,0.0,5,52.42,1.52,46.06,LOOKING_RIGHT
S05543,100.0,1,0.0,0.0,9,26.64,20.65,52.71,LOOKING_RIGHT
S05544,51.85,1,238.75,0.0,3,66.74,17.76,15.5,NO_FACE
S05545,97.59,1,9.73,0.0,7,27.22,49.41,23.37,LOOKING_LEFT
S05546,100.0,1,0.0,0.0,2,84.9,9.46,5.64,NORMAL
S05547,100.0,1,0.0,0.0,3,86.22,5.25,8.53,NORMAL
S05548,18.46,1,234.87,0.0,1,94.1,1.45,4.45,NO_FACE
S05549,99.98,1,0.16,0.0,3,62.88,11.56,25.56,LOOKING_RIGHT
S05550,99.94,1,0.5,0.0,3,25.03,15.46,59.51,LOOKING_RIGHT
S05551,0.0,0,1377.01,0.0,0,100.0,0.0,0.0,NO_FACE
S05552,100.0,1,0.0,0.0,4,54.54,35.44,10.02,LOOKING_LEFT
S05553,100.0,1,0.0,0.0,5,54.61,21.09,24.3,NORMAL
S05554,100.0,1,0.0,0.0,2,77.98,8.65,13.37,NORMAL
S05555,99.99,1,0.13,0.0,6,49.61,40.24,10.15,LOOKING_LEFT
S05556,98.92,1,5.69,0.0,3,59.0,19.0,22.0,LOOKING_RIGHT
S05557,85.09,1,19.75,0.0,5,32.78,55.15,12.07,NO_FACE
S05558,100.0,2,0.0,503.24,2,59.76,9.39,30.85,MULTIPLE_FACES
S05559,99.91,1,0.77,0.0,4,54.62,24.6,20.78,NORMAL
S05560,99.24,2,8.41,213.74,7,49.34,27.64,23.02,MULTIPLE_FACES
S05561,99.79,1,2.9,0.0,6,33.49,61.13,5.38,LOOKING_AWAY
S05562,100.0,1,0.0,0.0,8,26.8,54.54,18.66,LOOKING_LEFT
S05563,99.97,1,0.21,0.0,1,65.45,6.01,28.54,NORMAL
S05564,99.3,1,2.96,0.0,4,23.98,5.44,70.58,LOOKING_RIGHT
S05565,100.0,2,0.0,69.39,2,93.24,1.2,5.56,MULTIPLE_FACES
S05566,85.37,1,41.54,0.0,1,53.02,11.62,35.36,NO_FACE
S05567,100.0,1,0.0,0.0,4,47.6,40.11,12.29,LOOKING_LEFT
S05568,99.9,1,1.16,0.0,8,0.0,33.44,66.56,LOOKING_RIGHT
S05569,100.0,1,0.0,0.0,2,52.26,3.22,44.52,LOOKING_RIGHT
S05570,100.0,1,0.0,0.0,6,26.7,71.39,1.91,LOOKING_LEFT
S05571,100.0,1,0.0,0.0,4,19.62,77.26,3.12,LOOKING_LEFT
S05572,99.94,1,0.71,0.0,6,50.49,29.54,19.97,LOOKING_AWAY
S05573,99.76,1,0.14,0.0,3,57.19,13.77,29.04,LOOKING_RIGHT
S05574,100.0,1,0.03,0.0,2,63.69,26.95,9.36,NORMAL
S05575,0.0,0,1406.24,0.0,0,100.0,0.0,0.0,NO_FACE
S05576,100.0,1,0.0,0.0,1,93.37,1.3,5.33,NORMAL
S05577,99.99,1,0.1,0.0,4,75.74,8.29,15.97,NORMAL
S05578,99.17,1,4.03,0.0,5,46.67,4.27,49.06,LOOKING_RIGHT
S05579,100.0,1,0.0,0.0,3,54.67,42.69,2.64,LOOKING_LEFT
S05580,100.0,3,0.0,209.55,1,67.76,8.02,24.22,MULTIPLE_FACES
S05581,99.08,2,11.38,1.83,5,80.63,1.85,17.52,NORMAL
S05582,100.0,1,0.0,0.0,4,51.88,11.86,36.26,LOOKING_AWAY
S05583,99.99,1,0.04,0.0,6,51.39,25.75,22.86,LOOKING_AWAY
S05584,99.81,1,2.34,0.0,0,91.52,6.98,1.5,NORMAL
S05585,100.0,1,0.0,0.0,3,49.82,23.42,26.76,LOOKING_AWAY
S05586,99.99,1,0.06,0.0,8,9.06,43.05,47.89,LOOKING_AWAY
S05587,100.0,1,0.0,0.0,2,88.97,4.04,6.99,NORMAL
S05588,99.93,1,0.72,0.0,7,11.42,36.39,52.19,LOOKING_AWAY
S05589,71.27,2,98.75,61.53,3,92.82,2.13,5.05,MULTIPLE_FACES
S05590,62.01,2,204.39,81.72,5,69.78,13.43,16.79,MULTIPLE_FACES
S05591,100.0,1,0.0,0.0,3,71.21,8.83,19.96,NORMAL
S05592,100.0,1,0.0,0.0,3,88.0,1.14,10.86,NORMAL
S05593,10.7,1,46.53,0.0,2,75.99,5.74,18.27,NO_FACE
S05594,100.0,2,0.0,47.62,3,86.25,6.18,7.57,MULTIPLE_FACES
S05595,57.52,1,459.54,0.0,2,72.61,25.88,1.51,NO_FACE
S05596,100.0,1,0.0,0.0,16,2.0,71.05,26.95,LOOKING_AWAY
S05597,47.18,1,112.05,0.0,4,70.39,17.07,12.54,NO_FACE
S05598,99.59,1,4.56,0.0,3,64.19,19.6,16.21,NORMAL
S05599,100.0,1,0.0,0.0,8,53.65,24.8,21.55,LOOKING_AWAY
S05600,100.0,4,0.0,172.02,1,82.75,0.9,16.35,MULTIPLE_FACES
S05601,100.0,1,0.0,0.0,2,40.42,31.29,28.29,LOOKING_LEFT
S05602,99.45,1,1.87,0.0,2,70.51,17.46,12.03,NORMAL
S05603,100.0,1,0.0,0.0,3,23.22,4.11,72.67,LOOKING_RIGHT
S05604,100.0,2,0.0,11.62,4,76.29,13.83,9.88,MULTIPLE_FACES
S05605,100.0,1,0.0,0.0,6,43.4,34.12,22.48,LOOKING_AWAY
S05606,99.39,1,1.09,0.0,4,24.15,69.08,6.77,LOOKING_LEFT
S05607,9.44,1,70.58,0.0,5,58.61,10.07,31.32,NO_FACE
S05608,100.0,1,0.0,0.0,3,71.0,8.99,20.01,NORMAL
S05609,100.0,1,0.0,0.0,1,82.7,0.32,16.98,NORMAL
S05610,100.0,1,0.0,0.0,3,50.59,36.64,12.77,LOOKING_LEFT
S05611,100.0,1,0.0,0.0,9,63.95,17.76,18.29,NORMAL
S05612,100.0,1,0.0,0.0,0,80.25,16.57,3.18,NORMAL
S05613,99.99,1,0.16,0.0,4,41.69,53.67,4.64,LOOKING_LEFT
S05614,100.0,1,0.0,0.0,1,86.05,9.39,4.56,NORMAL
S05615,71.48,3,65.64,1.76,4,79.4,9.97,10.63,MULTIPLE_FACES
S05616,99.77,1,1.78,0.0,2,28.37,14.27,57.36,LOOKING_RIGHT
S05617,82.34,1,107.03,0.0,4,49.39,21.02,29.59,NO_FACE
S05618,99.82,1,1.72,0.0,1,84.29,10.59,5.12,NORMAL
S05619,99.66,1,2.31,0.0,3,33.24,13.92,52.84,LOOKING_RIGHT
S05620,48.45,1,219.77,0.0,5,21.61,37.28,41.11,NO_FACE
S05621,99.91,2,0.21,21.4,5,80.31,3.47,16.22,MULTIPLE_FACES
S05622,99.75,1,3.65,0.0,1,80.58,12.09,7.33,NORMAL
S05623,95.53,1,10.49,0.0,5,54.75,27.59,17.66,LOOKING_LEFT
S05624,84.19,1,127.01,0.0,2,33.79,41.59,24.62,NO_FACE
S05625,99.99,1,0.07,0.0,1,83.46,10.89,5.65,NORMAL
S05626,7.79,1,297.08,0.0,7,19.46,38.7,41.84,NO_FACE
S05627,39.84,1,195.4,0.0,1,1.76,18.38,79.86,NO_FACE
S05628,100.0,2,0.0,44.47,7,87.92,6.64,5.44,MULTIPLE_FACES
S05629,100.0,2,0.0,295.53,4,82.95,14.07,2.98,MULTIPLE_FACES
S05630,99.97,1,0.26,0.0,8,42.12,29.89,27.99,LOOKING_AWAY
S05631,100.0,1,0.0,0.0,8,0.0,8.0,92.0,LOOKING_RIGHT
S05632,100.0,1,0.0,0.0,9,27.26,33.73,39.01,LOOKING_AWAY
S05633,100.0,1,0.0,0.0,5,69.13,5.87,25.0,NORMAL
S05634,100.0,1,0.0,0.0,9,45.0,28.86,26.14,NORMAL
S05635,100.0,1,0.0,0.0,8,68.55,8.07,23.38,NORMAL
S05636,80.8,1,178.24,0.0,5,83.71,3.05,13.24,NO_FACE
S05637,99.15,1,0.51,0.0,3,76.79,10.47,12.74,NORMAL
S05638,98.99,1,3.77,0.0,0,90.51,1.66,7.83,NORMAL
S05639,99.79,1,1.75,0.0,2,92.54,3.63,3.83,NORMAL
S05640,99.91,1,0.4,0.0,6,23.75,44.8,31.45,LOOKING_LEFT
S05641,99.92,1,1.29,0.0,1,84.61,0.87,14.52,NORMAL
S05642,100.0,1,0.0,0.0,3,48.82,27.09,24.09,LOOKING_LEFT
S05643,71.27,1,216.03,0.0,3,82.7,8.02,9.28,NO_FACE
S05644,99.94,1,0.33,0.0,2,72.75,17.47,9.78,NORMAL
S05645,99.98,2,0.06,96.18,3,92.94,2.16,4.9,MULTIPLE_FACES
S05646,67.53,2,94.5,35.86,0,88.83,5.37,5.8,MULTIPLE_FACES
S05647,100.0,1,0.0,0.0,7,43.09,55.29,1.62,LOOKING_LEFT
S05648,100.0,1,0.0,0.0,5,18.38,20.24,61.38,LOOKING_RIGHT
S05649,99.96,1,0.09,0.0,6,65.47,5.82,28.71,NORMAL
S05650,99.87,1,0.76,0.0,4,69.74,2.87,27.39,LOOKING_RIGHT
S05651,99.01,1,6.68,0.0,2,85.36,8.68,5.96,NORMAL
S05652,99.87,1,0.68,0.0,1,87.24,3.7,9.06,NORMAL
S05653,99.98,1,0.13,0.0,8,21.93,45.86,32.21,LOOKING_AWAY
S05654,99.9,1,0.87,0.0,8,53.11,33.03,13.86,LOOKING_AWAY
S05655,99.91,1,0.28,0.0,4,71.09,10.02,18.89,NORMAL
S05656,100.0,1,0.0,0.0,3,36.67,22.77,40.56,LOOKING_RIGHT
S05657,99.62,1,1.42,0.0,13,13.22,62.37,24.41,LOOKING_AWAY
S05658,99.84,1,2.09,0.0,0,71.24,7.86,20.9,NORMAL
S05659,41.5,1,484.72,0.0,3,92.59,5.75,1.66,NO_FACE
S05660,0.0,0,577.65,0.0,0,100.0,0.0,0.0,NO_FACE
S05661,100.0,2,0.0,40.52,1,89.8,8.87,1.33,MULTIPLE_FACES
S05662,98.54,1,9.1,0.0,6,43.26,22.81,33.93,LOOKING_AWAY
S05663,96.4,1,3.8,0.0,2,74.0,14.21,11.79,NORMAL
S05664,100.0,1,0.0,0.0,3,60.74,26.37,12.89,LOOKING_LEFT
S05665,100.0,2,0.0,184.33,2,79.76,18.27,1.97,MULTIPLE_FACES
S05666,100.0,1,0.0,0.0,2,92.09,2.42,5.49,NORMAL
S05667,100.0,1,0.0,0.0,11,9.16,36.77,54.07,LOOKING_AWAY
S05668,99.28,2,0.98,34.38,7,77.04,9.16,13.8,MULTIPLE_FACES
S05669,64.96,1,116.78,0.0,0,87.45,2.01,10.54,NO_FACE
S05670,99.92,2,0.34,84.63,0,87.26,12.19,0.55,MULTIPLE_FACES
S05671,99.96,1,0.43,0.0,3,48.99,23.05,27.96,LOOKING_RIGHT
S05672,100.0,1,0.0,0.0,5,0.0,69.95,30.05,LOOKING_LEFT
S05673,99.96,1,0.53,0.0,2,59.0,22.0,19.0,LOOKING_LEFT
S05674,99.95,1,0.81,0.0,7,0.47,8.91,90.62,LOOKING_RIGHT
S05675,97.01,1,15.53,0.0,5,54.75,18.19,27.06,NORMAL
S05676,47.08,1,90.97,0.0,1,90.39,4.62,4.99,NO_FACE
S05677,92.32,2,14.84,0.81,2,41.99,38.57,19.44,LOOKING_LEFT
S05678,100.0,1,0.0,0.0,3,76.59,11.78,11.63,NORMAL
S05679,12.41,1,750.71,0.0,5,23.64,53.88,22.48,NO_FACE
S05680,100.0,1,0.0,0.0,8,26.68,51.38,21.94,LOOKING_LEFT
S05681,100.0,1,0.0,0.0,4,78.13,18.81,3.06,NORMAL
S05682,99.85,2,1.9,2.45,1,77.81,5.79,16.4,MULTIPLE_FACES
S05683,97.96,1,6.06,0.0,4,60.88,26.89,12.23,LOOKING_LEFT
S05684,100.0,1,0.0,0.0,4,8.72,60.65,30.63,LOOKING_LEFT
S05685,100.0,1,0.0,0.0,5,76.48,17.96,5.56,NORMAL
S05686,100.0,1,0.0,0.0,5,56.38,5.76,37.86,LOOKING_RIGHT
S05687,52.78,1,40.74,0.0,3,65.02,6.17,28.81,NO_FACE
S05688,100.0,1,0.0,0.0,1,96.87,1.51,1.62,NORMAL
S05689,100.0,1,0.0,0.0,2,61.98,4.94,33.08,LOOKING_RIGHT
S05690,99.14,2,8.53,0.69,2,24.18,15.47,60.35,LOOKING_RIGHT
S05691,100.0,1,0.0,0.0,7,31.44,4.78,63.78,LOOKING_RIGHT
S05692,100.0,1,0.0,0.0,5,25.81,15.04,59.15,LOOKING_RIGHT
S05693,100.0,1,0.0,0.0,8,29.28,55.46,15.26,LOOKING_AWAY
S05694,100.0,2,0.0,270.83,3,97.62,2.05,0.33,MULTIPLE_FACES
S05695,99.8,1,0.31,0.0,13,2.0,14.65,83.35,LOOKING_AWAY
S05696,100.0,2,0.0,76.91,3,58.54,8.3,33.16,MULTIPLE_FACES
S05697,100.0,1,0.0,0.0,3,34.61,50.29,15.1,LOOKING_LEFT
S05698,100.0,1,0.0,0.0,2,73.15,5.16,21.69,NORMAL
S05699,100.0,1,0.0,0.0,1,82.81,0.61,16.58,NORMAL
S05700,99.5,2,1.0,1.49,13,10.32,75.76,13.92,LOOKING_AWAY
S05701,100.0,2,0.0,111.52,6,69.06,24.26,6.68,MULTIPLE_FACES
S05702,99.95,1,0.64,0.0,2,0.0,68.72,31.28,LOOKING_LEFT
S05703,100.0,1,0.0,0.0,1,78.33,1.78,19.89,NORMAL
S05704,100.0,1,0.0,0.0,5,23.78,24.84,51.38,LOOKING_RIGHT
S05705,95.92,2,20.6,2.17,3,67.03,17.81,15.16,MULTIPLE_FACES
S05706,18.69,1,398.22,0.0,4,68.66,19.83,11.51,NO_FACE
S05707,99.94,3,0.51,157.37,7,38.84,6.95,54.21,MULTIPLE_FACES
S05708,100.0,1,0.0,0.0,3,52.25,18.45,29.3,NORMAL
S05709,100.0,1,0.0,0.0,4,65.07,0.5,34.43,LOOKING_RIGHT
S05710,100.0,1,0.0,0.0,4,78.18,13.52,8.3,NORMAL
S05711,100.0,1,0.0,0.0,15,3.37,55.25,41.38,LOOKING_AWAY
S05712,83.6,1,58.75,0.0,2,80.35,2.64,17.01,NO_FACE
S05713,99.51,1,5.56,0.0,4,50.94,15.92,33.14,NORMAL
S05714,100.0,1,0.0,0.0,2,85.01,4.88,10.11,NORMAL
S05715,99.86,1,2.16,0.0,7,65.75,22.22,12.03,NORMAL
S05716,100.0,1,0.0,0.0,10,20.13,36.64,43.23,LOOKING_AWAY
S05717,99.64,1,1.05,0.0,7,30.49,12.74,56.77,LOOKING_RIGHT
S05718,76.4,2,69.16,2.93,4,53.32,38.99,7.69,MULTIPLE_FACES
S05719,99.97,1,0.31,0.0,9,32.56,52.62,14.82,LOOKING_AWAY
S05720,99.79,1,1.83,0.0,6,15.87,52.6,31.53,LOOKING_LEFT
S05721,100.0,1,0.0,0.0,1,77.67,8.71,13.62,NORMAL
S05722,100.0,4,0.0,468.07,3,97.35,1.96,0.69,MULTIPLE_FACES
S05723,99.94,1,0.25,0.0,4,28.27,18.96,52.77,LOOKING_RIGHT
S05724,98.66,1,4.67,0.0,0,83.05,11.09,5.86,NORMAL
S05725,6.37,1,142.47,0.0,3,85.05,8.77,6.18,NO_FACE
S05726,99.4,1,2.72,0.0,4,74.68,21.69,3.63,NORMAL
S05727,99.74,1,2.19,0.0,1,71.3,26.02,2.68,NORMAL
S05728,98.77,1,12.09,0.0,2,44.6,29.2,26.2,LOOKING_LEFT
S05729,100.0,1,0.0,0.0,11,23.65,41.88,34.47,LOOKING_AWAY
S05730,70.63,1,131.97,0.0,1,78.0,7.57,14.43,NO_FACE
S05731,99.64,1,0.45,0.0,1,29.01,25.5,45.49,LOOKING_RIGHT
S05732,99.49,2,5.45,0.96,12,43.25,47.03,9.72,LOOKING_AWAY
S05733,99.95,1,0.7,0.0,4,41.29,9.06,49.65,LOOKING_RIGHT
S05734,70.14,1,88.94,0.0,4,84.66,5.48,9.86,NO_FACE
S05735,99.96,1,0.33,0.0,2,14.05,68.75,17.2,LOOKING_LEFT
S05736,100.0,2,0.0,302.87,7,67.39,16.78,15.83,MULTIPLE_FACES
S05737,100.0,1,0.0,0.0,8,75.67,14.41,9.92,NORMAL
S05738,99.91,1,0.35,0.0,3,46.1,42.66,11.24,LOOKING_LEFT
S05739,100.0,1,0.0,0.0,6,30.75,51.43,17.82,LOOKING_LEFT
S05740,99.82,3,1.16,127.67,3,84.01,4.64,11.35,MULTIPLE_FACES
S05741,100.0,1,0.0,0.0,0,43.62,29.69,26.69,LOOKING_LEFT
S05742,99.73,2,0.24,46.33,3,57.11,28.41,14.48,MULTIPLE_FACES
S05743,100.0,2,0.0,233.2,6,62.55,21.92,15.53,MULTIPLE_FACES
S05744,99.92,1,0.13,0.0,2,17.36,9.29,73.35,LOOKING_RIGHT
S05745,99.75,2,1.83,205.84,4,71.1,23.64,5.26,MULTIPLE_FACES
S05746,54.55,1,372.41,0.0,2,54.27,33.1,12.63,NO_FACE
S05747,99.47,1,2.07,0.0,8,35.24,12.52,52.24,LOOKING_AWAY
S05748,100.0,1,0.0,0.0,5,19.0,15.3,65.7,LOOKING_RIGHT
S05749,100.0,2,0.01,0.52,1,84.14,3.63,12.23,MULTIPLE_FACES
S05750,99.97,1,0.22,0.0,2,34.16,6.08,59.76,LOOKING_RIGHT
S05751,99.82,1,0.94,0.0,6,13.92,78.14,7.94,LOOKING_LEFT
S05752,99.89,1,1.51,0.0,5,49.22,24.63,26.15,NORMAL
S05753,24.51,1,364.57,0.0,2,83.0,9.13,7.87,NO_FACE
S05754,99.61,2,3.66,299.3,6,51.25,15.95,32.8,MULTIPLE_FACES
S05755,78.73,3,9.26,0.56,4,70.01,21.97,8.02,MULTIPLE_FACES
S05756,99.73,1,2.97,0.0,3,76.71,9.54,13.75,NORMAL
S05757,99.82,4,0.85,38.01,2,73.71,19.61,6.68,MULTIPLE_FACES
S05758,40.43,1,216.95,0.0,4,2.87,68.45,28.68,NO_FACE
S05759,99.86,1,0.13,0.0,2,69.94,8.06,22.0,NORMAL
S05760,61.29,3,205.57,80.95,1,90.35,6.96,2.69,MULTIPLE_FACES
S05761,99.82,3,2.14,239.51,1,86.01,12.51,1.48,MULTIPLE_FACES
S05762,0.0,0,1159.31,0.0,0,100.0,0.0,0.0,NO_FACE
S05763,100.0,1,0.0,0.0,6,18.15,79.01,2.84,LOOKING_LEFT
S05764,99.68,1,1.44,0.0,6,38.91,49.48,11.61,LOOKING_LEFT
S05765,76.86,1,63.17,0.0,4,92.85,2.75,4.4,NO_FACE
S05766,99.74,1,1.73,0.0,6,1.12,14.19,84.69,LOOKING_RIGHT
S05767,100.0,1,0.0,0.0,7,50.0,36.42,13.58,LOOKING_LEFT
S05768,100.0,1,0.0,0.0,8,30.83,23.16,46.01,LOOKING_AWAY
S05769,99.94,1,0.38,0.0,9,25.17,18.74,56.09,LOOKING_AWAY
S05770,100.0,1,0.0,0.0,4,45.81,28.58,25.61,NORMAL
S05771,99.54,1,2.11,0.0,4,42.07,1.19,56.74,LOOKING_RIGHT
S05772,99.54,1,4.23,0.0,3,26.7,45.32,27.98,LOOKING_LEFT
S05773,100.0,1,0.0,0.0,0,47.6,28.46,23.94,LOOKING_LEFT
S05774,100.0,3,0.0,46.57,2,64.6,4.18,31.22,MULTIPLE_FACES
S05775,100.0,1,0.0,0.0,7,42.04,44.94,13.02,LOOKING_LEFT
S05776,88.99,1,62.5,0.0,1,87.5,11.1,1.4,NO_FACE
S05777,96.12,2,5.59,1.52,8,8.06,65.11,26.83,LOOKING_LEFT
S05778,99.9,1,1.27,0.0,4,20.48,62.46,17.06,LOOKING_LEFT
S05779,99.93,1,0.46,0.0,10,7.23,44.75,48.02,LOOKING_AWAY
S05780,99.99,1,0.08,0.0,2,50.92,26.04,23.04,LOOKING_LEFT
S05781,99.85,2,0.57,25.81,3,87.58,10.3,2.12,MULTIPLE_FACES
S05782,99.09,1,3.65,0.0,5,68.81,10.2,20.99,NORMAL
S05783,99.88,1,1.29,0.0,2,53.18,34.63,12.19,LOOKING_LEFT
S05784,100.0,1,0.0,0.0,4,37.23,44.08,18.69,LOOKING_LEFT
S05785,99.6,1,3.24,0.0,2,57.13,9.03,33.84,LOOKING_RIGHT
S05786,100.0,1,0.0,0.0,0,90.19,6.92,2.89,NORMAL
S05787,100.0,2,0.0,432.31,3,65.72,32.01,2.27,MULTIPLE_FACES
S05788,100.0,3,0.0,121.38,8,69.12,26.36,4.52,MULTIPLE_FACES
S05789,40.82,1,46.06,0.0,2,91.17,4.53,4.3,NO_FACE
S05790,98.76,2,9.44,93.82,7,59.09,5.62,35.29,MULTIPLE_FACES
S05791,100.0,1,0.0,0.0,4,56.5,12.03,31.47,NORMAL
S05792,81.49,1,153.59,0.0,3,71.33,5.24,23.43,NO_FACE
S05793,100.0,1,0.0,0.0,3,32.52,1.0,66.48,LOOKING_RIGHT
S05794,99.83,2,0.6,113.86,1,71.9,1.85,26.25,MULTIPLE_FACES
S05795,98.58,1,17.03,0.0,1,70.13,19.78,10.09,NORMAL
S05796,89.75,1,66.27,0.0,3,52.52,46.03,1.45,NO_FACE
S05797,99.75,1,2.11,0.0,3,44.52,53.01,2.47,LOOKING_LEFT
S05798,100.0,1,0.0,0.0,3,42.58,48.78,8.64,LOOKING_LEFT
S05799,100.0,1,0.0,0.0,4,61.83,33.42,4.75,LOOKING_LEFT
S05800,99.86,1,0.4,0.0,13,25.02,46.13,28.85,LOOKING_AWAY
S05801,99.71,1,1.21,0.0,14,17.18,51.98,30.84,LOOKING_AWAY
S05802,98.82,1,14.99,0.0,1,70.3,22.26,7.44,NORMAL
S05803,100.0,2,0.0,34.09,4,84.02,8.4,7.58,MULTIPLE_FACES
S05804,100.0,1,0.0,0.0,7,43.69,43.07,13.24,LOOKING_LEFT
S05805,89.33,1,62.65,0.0,2,76.67,8.23,15.1,NO_FACE
S05806,54.38,1,101.5,0.0,1,87.26,12.25,0.49,NO_FACE
S05807,99.99,1,0.1,0.0,7,52.63,26.71,20.66,NORMAL
S05808,100.0,2,0.0,453.62,5,60.03,27.18,12.79,MULTIPLE_FACES
S05809,100.0,1,0.0,0.0,7,30.87,24.19,44.94,LOOKING_AWAY
S05810,100.0,1,0.0,0.0,2,65.19,26.79,8.02,NORMAL
S05811,47.88,1,390.06,0.0,2,49.54,30.62,19.84,NO_FACE
S05812,100.0,1,0.0,0.0,2,45.0,21.47,33.53,NORMAL
S05813,73.13,1,221.26,0.0,4,35.0,31.95,33.05,NO_FACE
S05814,58.9,1,19.22,0.0,7,73.01,10.56,16.43,NO_FACE
S05815,99.92,1,0.65,0.0,2,74.64,16.65,8.71,NORMAL
S05816,97.23,1,18.35,0.0,1,85.65,9.17,5.18,NORMAL
S05817,100.0,1,0.0,0.0,1,84.07,3.01,12.92,NORMAL
S05818,100.0,1,0.0,0.0,1,91.33,7.58,1.09,NORMAL
S05819,82.92,1,44.16,0.0,1,81.57,10.78,7.65,NO_FACE
S05820,100.0,4,0.0,95.75,5,73.37,16.63,10.0,MULTIPLE_FACES
S05821,99.39,1,6.15,0.0,2,89.98,9.34,0.68,NORMAL
S05822,99.84,2,1.46,162.53,9,34.0,28.27,37.73,MULTIPLE_FACES
S05823,99.92,3,0.45,112.26,1,98.04,0.24,1.72,MULTIPLE_FACES
S05824,99.16,1,6.31,0.0,8,31.37,4.35,64.28,LOOKING_RIGHT
S05825,72.24,1,5.08,0.0,0,75.04,10.22,14.74,NO_FACE
S05826,100.0,2,0.0,0.66,0,62.02,24.49,13.49,MULTIPLE_FACES
S05827,99.9,1,1.24,0.0,2,17.69,37.07,45.24,LOOKING_RIGHT
S05828,99.91,1,1.18,0.0,6,11.1,14.33,74.57,LOOKING_RIGHT
S05829,100.0,2,0.0,100.46,8,78.07,6.82,15.11,MULTIPLE_FACES
S05830,98.66,1,5.66,0.0,3,28.32,27.26,44.42,LOOKING_RIGHT
S05831,58.17,1,54.13,0.0,2,75.82,18.29,5.89,NO_FACE
S05832,99.75,1,3.76,0.0,5,38.03,8.84,53.13,LOOKING_RIGHT
S05833,100.0,1,0.0,0.0,8,19.27,56.23,24.5,LOOKING_LEFT
S05834,100.0,2,0.0,1.39,4,92.72,2.57,4.71,MULTIPLE_FACES
S05835,68.75,3,137.28,122.91,5,67.66,1.34,31.0,MULTIPLE_FACES
S05836,99.85,1,1.18,0.0,15,20.84,29.8,49.36,LOOKING_AWAY
S05837,99.98,1,0.17,0.0,6,30.8,31.46,37.74,LOOKING_AWAY
S05838,100.0,1,0.0,0.0,5,46.89,1.87,51.24,LOOKING_RIGHT
S05839,72.1,1,71.22,0.0,1,82.89,14.08,3.03,NO_FACE
S05840,99.81,1,0.46,0.0,2,54.48,14.99,30.53,LOOKING_RIGHT
S05841,100.0,1,0.0,0.0,4,78.74,6.57,14.69,NORMAL
S05842,31.55,1,329.29,0.0,2,92.64,3.29,4.07,NO_FACE
S05843,99.66,1,0.83,0.0,6,50.32,14.85,34.83,LOOKING_AWAY
S05844,99.8,2,1.47,92.94,3,51.01,31.44,17.55,MULTIPLE_FACES
S05845,12.27,1,824.13,0.0,3,93.26,0.47,6.27,NO_FACE
S05846,7.0,1,358.01,0.0,4,81.13,10.72,8.15,NO_FACE
S05847,100.0,1,0.0,0.0,1,70.51,8.02,21.47,NORMAL
S05848,99.95,1,0.59,0.0,7,16.29,17.89,65.82,LOOKING_RIGHT
S05849,100.0,1,0.01,0.0,5,19.09,25.56,55.35,LOOKING_RIGHT
S05850,100.0,2,0.0,5.67,6,76.19,10.3,13.51,MULTIPLE_FACES
S05851,99.95,1,0.58,0.0,4,78.66,2.85,18.49,NORMAL
S05852,100.0,1,0.0,0.0,0,91.16,7.72,1.12,NORMAL
S05853,0.0,0,826.76,0.0,0,100.0,0.0,0.0,NO_FACE
S05854,99.99,1,0.09,0.0,1,96.52,0.7,2.78,NORMAL
S05855,99.78,1,0.76,0.0,3,57.1,18.65,24.25,NORMAL
S05856,100.0,1,0.0,0.0,4,70.37,16.54,13.09,NORMAL
S05857,100.0,1,0.0,0.0,6,29.71,24.81,45.48,LOOKING_AWAY
S05858,100.0,1,0.0,0.0,3,63.06,17.96,18.98,NORMAL
S05859,75.83,2,153.4,47.86,5,47.97,23.94,28.09,MULTIPLE_FACES
S05860,84.25,1,16.29,0.0,1,58.07,27.09,14.84,NO_FACE
S05861,16.71,1,555.81,0.0,4,28.73,11.59,59.68,NO_FACE
S05862,51.75,1,280.49,0.0,1,78.17,9.45,12.38,NO_FACE
S05863,100.0,1,0.0,0.0,4,69.03,8.97,22.0,LOOKING_RIGHT
S05864,99.87,1,0.74,0.0,6,37.18,32.35,30.47,LOOKING_AWAY
S05865,100.0,3,0.0,285.87,1,80.93,14.54,4.53,MULTIPLE_FACES
S05866,100.0,1,0.0,0.0,6,83.47,8.01,8.52,NORMAL
S05867,100.0,1,0.0,0.0,0,74.16,19.66,6.18,NORMAL
S05868,71.02,1,76.28,0.0,4,79.58,12.5,7.92,NO_FACE
S05869,99.98,2,0.09,387.35,3,61.3,15.74,22.96,MULTIPLE_FACES
S05870,29.36,1,661.15,0.0,0,41.86,17.28,40.86,NO_FACE
S05871,100.0,1,0.0,0.0,6,21.82,57.58,20.6,LOOKING_AWAY
S05872,100.0,1,0.0,0.0,3,61.86,13.32,24.82,NORMAL
S05873,100.0,1,0.0,0.0,4,74.83,2.83,22.34,NORMAL
S05874,95.96,1,11.36,0.0,14,45.08,29.24,25.68,LOOKING_AWAY
S05875,100.0,1,0.0,0.0,0,82.68,12.27,5.05,NORMAL
S05876,99.18,1,1.95,0.0,0,81.4,1.07,17.53,NORMAL
S05877,99.95,1,0.82,0.0,4,47.88,8.08,44.04,LOOKING_RIGHT
S05878,99.93,1,0.41,0.0,3,64.02,31.12,4.86,LOOKING_LEFT
S05879,99.06,1,6.12,0.0,6,39.59,42.61,17.8,LOOKING_LEFT
S05880,86.19,1,23.84,0.0,9,0.0,87.02,12.98,LOOKING_LEFT
S05881,100.0,1,0.0,0.0,5,30.78,7.56,61.66,LOOKING_RIGHT
S05882,99.87,2,0.29,118.58,6,69.79,3.87,26.34,MULTIPLE_FACES
S05883,99.91,2,0.98,441.55,5,58.53,37.39,4.08,MULTIPLE_FACES
S05884,97.17,1,6.37,0.0,2,66.92,5.57,27.51,LOOKING_RIGHT
S05885,97.16,1,12.65,0.0,2,70.57,28.6,0.83,LOOKING_LEFT
S05886,99.91,1,1.1,0.0,3,86.26,4.13,9.61,NORMAL
S05887,99.23,1,6.91,0.0,3,74.09,6.78,19.13,NORMAL
S05888,100.0,1,0.0,0.0,3,80.84,12.92,6.24,NORMAL
S05889,97.78,1,8.64,0.0,1,50.38,15.93,33.69,LOOKING_RIGHT
S05890,82.84,1,69.62,0.0,1,96.21,2.34,1.45,NO_FACE
S05891,99.92,1,1.28,0.0,7,61.5,15.98,22.52,NORMAL
S05892,99.92,1,0.67,0.0,4,92.0,0.15,7.85,NORMAL
S05893,99.99,1,0.05,0.0,8,11.69,10.96,77.35,LOOKING_AWAY
S05894,100.0,1,0.0,0.0,1,84.13,3.98,11.89,NORMAL
S05895,100.0,1,0.0,0.0,8,46.38,8.02,45.6,LOOKING_RIGHT
S05896,99.73,1,1.13,0.0,9,13.31,60.17,26.52,LOOKING_LEFT
S05897,100.0,2,0.0,21.89,5,56.52,38.57,4.91,MULTIPLE_FACES
S05898,100.0,1,0.0,0.0,4,45.9,28.55,25.55,LOOKING_LEFT
S05899,100.0,1,0.0,0.0,9,27.27,16.92,55.81,LOOKING_AWAY
S05900,100.0,1,0.0,0.0,1,88.25,8.89,2.86,NORMAL
S05901,100.0,1,0.0,0.0,5,31.74,8.97,59.29,LOOKING_AWAY
S05902,99.94,1,0.21,0.0,7,20.45,11.57,67.98,LOOKING_AWAY
S05903,13.71,1,565.11,0.0,1,72.15,10.63,17.22,NO_FACE
S05904,99.85,1,1.29,0.0,4,52.95,36.42,10.63,NORMAL
S05905,99.96,1,0.45,0.0,1,75.05,24.58,0.37,NORMAL
S05906,100.0,1,0.0,0.0,1,87.95,7.59,4.46,NORMAL
S05907,99.46,2,1.31,15.17,3,54.0,9.87,36.13,MULTIPLE_FACES
S05908,100.0,1,0.0,0.0,9,30.91,6.17,62.92,LOOKING_RIGHT
S05909,99.81,1,0.83,0.0,1,60.62,13.45,25.93,NORMAL
S05910,100.0,1,0.0,0.0,6,48.43,42.19,9.38,LOOKING_AWAY
S05911,99.76,1,1.37,0.0,7,80.51,4.35,15.14,NORMAL
S05912,61.09,1,320.19,0.0,3,38.02,22.64,39.34,NO_FACE
S05913,98.24,1,3.46,0.0,8,38.48,34.27,27.25,LOOKING_AWAY
S05914,100.0,1,0.0,0.0,10,2.0,28.58,69.42,LOOKING_AWAY
S05915,99.96,1,0.31,0.0,6,43.9,45.15,10.95,LOOKING_LEFT
S05916,98.38,4,11.73,387.02,8,59.92,17.15,22.93,MULTIPLE_FACES
S05917,52.47,1,9.05,0.0,3,50.58,17.44,31.98,NO_FACE
S05918,96.19,1,14.52,0.0,4,55.73,26.69,17.58,NORMAL
S05919,43.92,1,74.28,0.0,2,60.88,18.95,20.17,NO_FACE
S05920,99.99,1,0.02,0.0,4,59.23,11.11,29.66,LOOKING_RIGHT
S05921,100.0,1,0.0,0.0,4,73.72,12.65,13.63,NORMAL
S05922,99.12,2,1.94,17.95,4,78.81,1.0,20.19,MULTIPLE_FACES
S05923,99.98,1,0.13,0.0,8,26.75,5.67,67.58,LOOKING_RIGHT
S05924,0.0,0,1283.11,0.0,0,100.0,0.0,0.0,NO_FACE
S05925,99.95,1,0.57,0.0,12,14.8,74.22,10.98,LOOKING_AWAY
S05926,99.94,1,0.71,0.0,3,36.47,52.95,10.58,LOOKING_LEFT
S05927,100.0,1,0.0,0.0,5,83.55,7.47,8.98,NORMAL
S05928,99.81,1,1.69,0.0,3,39.44,13.67,46.89,LOOKING_RIGHT
S05929,100.0,1,0.0,0.0,9,58.05,41.44,0.51,LOOKING_LEFT
S05930,60.33,1,113.38,0.0,5,48.95,3.35,47.7,NO_FACE
S05931,99.42,1,1.01,0.0,16,21.35,36.49,42.16,LOOKING_AWAY
S05932,70.05,1,273.91,0.0,1,72.68,24.32,3.0,NO_FACE
S05933,47.5,1,309.81,0.0,1,92.09,2.03,5.88,NO_FACE
S05934,100.0,1,0.0,0.0,6,28.86,59.37,11.77,LOOKING_LEFT
S05935,0.0,0,720.56,0.0,0,100.0,0.0,0.0,NO_FACE
S05936,26.99,1,308.73,0.0,3,79.89,8.88,11.23,NO_FACE
S05937,100.0,1,0.0,0.0,9,15.31,53.42,31.27,LOOKING_AWAY
S05938,99.99,1,0.04,0.0,0,92.44,4.46,3.1,NORMAL
S05939,96.63,1,14.77,0.0,3,20.53,25.82,53.65,LOOKING_RIGHT
S05940,99.86,2,2.05,519.06,0,72.62,18.4,8.98,MULTIPLE_FACES
S05941,100.0,1,0.0,0.0,3,20.12,43.78,36.1,LOOKING_LEFT
S05942,99.96,1,0.63,0.0,4,46.46,18.91,34.63,NORMAL
S05943,62.61,3,97.59,43.46,2,76.0,7.69,16.31,MULTIPLE_FACES
S05944,99.79,1,1.11,0.0,7,63.57,31.04,5.39,LOOKING_LEFT
S05945,99.97,1,0.14,0.0,8,22.45,36.78,40.77,LOOKING_AWAY
S05946,99.97,1,0.24,0.0,9,7.16,51.9,40.94,LOOKING_AWAY
S05947,99.97,1,0.27,0.0,7,0.0,18.69,81.31,LOOKING_RIGHT
S05948,99.95,1,0.33,0.0,1,69.13,14.13,16.74,NORMAL
S05949,100.0,1,0.0,0.0,5,23.9,29.36,46.74,LOOKING_RIGHT
S05950,100.0,1,0.0,0.0,5,22.22,31.21,46.57,LOOKING_RIGHT
S05951,100.0,1,0.0,0.0,11,25.94,28.83,45.23,LOOKING_AWAY
S05952,78.78,1,33.12,0.0,2,61.2,24.65,14.15,NO_FACE
S05953,62.51,1,167.71,0.0,0,76.35,18.46,5.19,NO_FACE
S05954,27.78,1,14.4,0.0,1,68.45,12.0,19.55,NO_FACE
S05955,10.38,1,153.58,0.0,4,30.73,8.66,60.61,NO_FACE
S05956,100.0,2,0.0,47.11,3,81.56,9.87,8.57,MULTIPLE_FACES
S05957,99.95,1,0.3,0.0,5,77.45,15.21,7.34,NORMAL
S05958,99.59,1,1.8,0.0,11,46.83,45.91,7.26,LOOKING_AWAY
S05959,97.66,1,6.51,0.0,4,62.3,15.2,22.5,NORMAL
S05960,100.0,1,0.0,0.0,2,52.71,40.8,6.49,LOOKING_AWAY
S05961,88.07,1,121.18,0.0,4,95.35,1.3,3.35,NO_FACE
S05962,22.86,1,52.34,0.0,0,52.01,31.29,16.7,NO_FACE
S05963,99.25,1,3.86,0.0,10,66.44,28.05,5.51,NORMAL
S05964,100.0,1,0.0,0.0,2,74.59,16.6,8.81,NORMAL
S05965,100.0,1,0.0,0.0,2,59.73,5.22,35.05,LOOKING_RIGHT
S05966,98.42,1,13.19,0.0,5,79.79,6.31,13.9,NORMAL
S05967,26.17,1,204.37,0.0,1,90.11,5.25,4.64,NO_FACE
S05968,12.6,1,20.08,0.0,2,10.99,54.5,34.51,NO_FACE
S05969,100.0,3,0.0,34.85,2,71.04,15.93,13.03,MULTIPLE_FACES
S05970,100.0,1,0.0,0.0,4,28.03,55.95,16.02,LOOKING_LEFT
S05971,100.0,1,0.0,0.0,6,27.34,31.61,41.05,LOOKING_AWAY
S05972,63.43,1,83.99,0.0,3,73.88,10.53,15.59,NO_FACE
S05973,70.29,2,70.89,3.93,4,83.23,1.8,14.97,MULTIPLE_FACES
S05974,99.9,3,0.39,145.19,4,74.18,12.54,13.28,MULTIPLE_FACES
S05975,100.0,1,0.0,0.0,3,73.37,24.24,2.39,NORMAL
S05976,100.0,1,0.0,0.0,6,30.29,23.5,46.21,LOOKING_RIGHT
S05977,100.0,1,0.0,0.0,8,35.52,50.75,13.73,LOOKING_AWAY
S05978,98.8,1,9.93,0.0,3,32.92,35.04,32.04,LOOKING_LEFT
S05979,100.0,1,0.0,0.0,1,88.42,4.62,6.96,NORMAL
S05980,100.0,1,0.0,0.0,6,27.83,44.66,27.51,LOOKING_LEFT
S05981,99.85,2,1.3,292.89,3,76.92,18.01,5.07,MULTIPLE_FACES
S05982,65.58,1,76.16,0.0,10,29.42,35.77,34.81,NO_FACE
S05983,67.05,1,67.4,0.0,7,50.93,11.78,37.29,NO_FACE
S05984,100.0,1,0.0,0.0,12,45.64,24.87,29.49,LOOKING_AWAY
S05985,56.43,1,18.59,0.0,5,1.08,47.37,51.55,NO_FACE
S05986,99.96,1,0.29,0.0,2,48.22,51.42,0.36,LOOKING_LEFT
S05987,98.5,1,2.81,0.0,6,16.48,49.39,34.13,LOOKING_AWAY
S05988,99.99,1,0.13,0.0,12,47.21,7.86,44.93,LOOKING_AWAY
S05989,99.98,1,0.07,0.0,2,20.68,22.13,57.19,LOOKING_RIGHT
S05990,100.0,1,0.0,0.0,11,23.99,53.46,22.55,LOOKING_LEFT
S05991,0.0,0,1481.24,0.0,0,100.0,0.0,0.0,NO_FACE
S05992,100.0,1,0.0,0.0,8,23.23,46.48,30.29,LOOKING_AWAY
S05993,100.0,3,0.0,53.87,8,34.0,21.81,44.19,MULTIPLE_FACES
S05994,99.84,2,1.24,38.03,4,85.14,4.52,10.34,MULTIPLE_FACES
S05995,99.44,1,4.93,0.0,2,68.47,19.04,12.49,NORMAL
S05996,99.94,1,0.08,0.0,2,33.16,29.27,37.57,LOOKING_RIGHT
S05997,99.64,1,1.41,0.0,7,60.88,14.59,24.53,LOOKING_AWAY
S05998,94.34,1,21.22,0.0,6,56.36,12.21,31.43,LOOKING_RIGHT
S05999,99.92,1,0.47,0.0,1,72.7,14.35,12.95,NORMAL
S06000,0.0,0,1110.89,0.0,0,100.0,0.0,0.0,NO_FACE
S06001,96.67,1,4.83,0.0,4,81.48,7.15,11.37,NORMAL
S06002,99.71,1,2.09,0.0,1,80.5,6.38,13.12,NORMAL
S06003,100.0,1,0.0,0.0,1,44.47,45.31,10.22,LOOKING_LEFT
S06004,48.22,1,5.25,0.0,0,86.41,7.49,6.1,NO_FACE
S06005,99.88,1,1.14,0.0,7,37.12,9.19,53.69,LOOKING_RIGHT
S06006,100.0,1,0.0,0.0,5,19.58,9.51,70.91,LOOKING_RIGHT
S06007,99.47,1,2.23,0.0,6,54.79,41.69,3.52,LOOKING_LEFT
S06008,97.68,2,5.04,107.81,3,76.63,5.57,17.8,MULTIPLE_FACES
S06009,99.99,1,0.02,0.0,7,35.79,3.07,61.14,LOOKING_RIGHT
S06010,100.0,1,0.0,0.0,8,4.17,57.76,38.07,LOOKING_AWAY
S06011,100.0,1,0.0,0.0,3,53.69,11.83,34.48,LOOKING_RIGHT
S06012,99.98,1,0.2,0.0,3,26.06,64.03,9.91,LOOKING_LEFT
S06013,100.0,1,0.0,0.0,3,33.58,9.33,57.09,LOOKING_RIGHT
S06014,100.0,1,0.0,0.0,1,65.25,4.95,29.8,NORMAL
S06015,100.0,1,0.0,0.0,2,46.29,34.44,19.27,LOOKING_LEFT
S06016,99.87,3,0.42,31.44,6,55.48,40.77,3.75,MULTIPLE_FACES
S06017,100.0,1,0.0,0.0,5,42.63,36.61,20.76,LOOKING_AWAY
S06018,100.0,1,0.0,0.0,13,23.51,16.3,60.19,LOOKING_AWAY
S06019,83.49,1,33.66,0.0,3,70.24,16.79,12.97,NO_FACE
S06020,99.74,1,0.3,0.0,3,55.67,35.08,9.25,LOOKING_LEFT
S06021,99.42,1,5.92,0.0,7,30.96,54.18,14.86,LOOKING_AWAY
S06022,100.0,2,0.0,319.84,2,95.87,3.3,0.83,MULTIPLE_FACES
S06023,73.1,1,86.57,0.0,4,34.67,59.08,6.25,NO_FACE
S06024,100.0,1,0.0,0.0,4,65.2,13.97,20.83,NORMAL
S06025,29.79,1,397.96,0.0,1,88.89,3.92,7.19,NO_FACE
S06026,100.0,2,0.0,6.18,3,92.76,1.13,6.11,MULTIPLE_FACES
S06027,100.0,1,0.0,0.0,4,45.51,10.4,44.09,LOOKING_RIGHT
S06028,100.0,1,0.0,0.0,6,28.95,7.27,63.78,LOOKING_RIGHT
S06029,99.98,1,0.36,0.0,3,30.77,22.79,46.44,LOOKING_RIGHT
S06030,100.0,1,0.0,0.0,4,62.17,9.84,27.99,NORMAL
S06031,98.09,1,1.79,0.0,0,95.93,2.42,1.65,NORMAL
S06032,100.0,1,0.0,0.0,7,42.19,25.26,32.55,LOOKING_AWAY
S06033,100.0,1,0.0,0.0,4,43.89,12.13,43.98,LOOKING_RIGHT
S06034,99.73,2,1.28,226.79,4,75.36,14.5,10.14,MULTIPLE_FACES
S06035,99.19,3,1.91,78.01,4,87.02,2.2,10.78,MULTIPLE_FACES
S06036,99.75,2,0.68,30.45,3,94.77,2.86,2.37,MULTIPLE_FACES
S06037,100.0,1,0.0,0.0,2,91.01,4.73,4.26,NORMAL
S06038,100.0,1,0.0,0.0,9,7.44,39.46,53.1,LOOKING_AWAY
S06039,98.35,1,17.69,0.0,1,31.96,53.16,14.88,LOOKING_LEFT
S06040,99.92,1,0.7,0.0,2,76.07,9.88,14.05,NORMAL
S06041,31.94,1,82.02,0.0,1,86.29,4.48,9.23,NO_FACE
S06042,99.95,1,0.42,0.0,4,86.62,7.04,6.34,NORMAL
S06043,99.76,1,1.16,0.0,7,28.34,19.5,52.16,LOOKING_AWAY
S06044,100.0,1,0.0,0.0,1,39.58,17.68,42.74,LOOKING_RIGHT
S06045,100.0,2,0.0,13.98,6,68.69,19.12,12.19,MULTIPLE_FACES
S06046,99.43,1,6.3,0.0,12,24.08,31.93,43.99,LOOKING_AWAY
S06047,100.0,2,0.0,97.51,6,65.88,15.3,18.82,MULTIPLE_FACES
S06048,100.0,1,0.06,0.0,7,2.0,45.93,52.07,LOOKING_AWAY
S06049,100.0,1,0.0,0.0,10,22.18,50.99,26.83,LOOKING_AWAY
S06050,99.41,1,1.57,0.0,5,64.93,24.94,10.13,LOOKING_LEFT
S06051,100.0,1,0.0,0.0,4,59.85,37.37,2.78,LOOKING_LEFT
S06052,99.99,1,0.06,0.0,6,27.4,4.28,68.32,LOOKING_RIGHT
S06053,100.0,1,0.0,0.0,6,83.92,4.88,11.2,NORMAL
S06054,95.86,1,13.02,0.0,6,26.38,53.96,19.66,LOOKING_LEFT
S06055,100.0,1,0.0,0.0,4,71.32,8.81,19.87,NORMAL
S06056,99.93,1,0.69,0.0,8,14.42,9.78,75.8,LOOKING_AWAY
S06057,100.0,1,0.0,0.0,7,21.31,70.5,8.19,LOOKING_LEFT
S06058,100.0,1,0.0,0.0,5,28.64,57.59,13.77,LOOKING_LEFT
S06059,99.95,1,0.48,0.0,1,88.36,8.06,3.58,NORMAL
S06060,72.44,1,48.49,0.0,3,74.45,11.0,14.55,NO_FACE
S06061,100.0,2,0.0,279.23,2,86.63,0.6,12.77,MULTIPLE_FACES
S06062,100.0,1,0.0,0.0,1,30.55,49.87,19.58,LOOKING_LEFT
S06063,99.88,1,0.19,0.0,1,24.48,62.45,13.07,LOOKING_LEFT
S06064,100.0,1,0.0,0.0,3,29.05,59.14,11.81,LOOKING_LEFT
S06065,99.78,1,0.53,0.0,4,35.48,52.61,11.91,LOOKING_LEFT
S06066,100.0,1,0.0,0.0,4,31.6,31.11,37.29,LOOKING_AWAY
S06067,100.0,1,0.0,0.0,2,22.4,61.95,15.65,LOOKING_LEFT
S06068,100.0,1,0.0,0.0,1,70.68,19.34,9.98,NORMAL
S06069,62.94,1,302.99,0.0,3,48.11,12.08,39.81,NO_FACE
S06070,99.54,1,1.89,0.0,1,74.56,5.3,20.14,NORMAL
S06071,100.0,1,0.0,0.0,1,35.09,55.12,9.79,LOOKING_LEFT
S06072,100.0,1,0.0,0.0,2,78.54,9.18,12.28,NORMAL
S06073,100.0,1,0.0,0.0,21,7.79,38.28,53.93,LOOKING_AWAY
S06074,100.0,2,0.0,488.44,4,81.31,8.7,9.99,MULTIPLE_FACES
S06075,99.91,1,1.24,0.0,6,7.14,80.7,12.16,LOOKING_LEFT
S06076,100.0,1,0.0,0.0,8,20.5,15.32,64.18,LOOKING_RIGHT
S06077,75.82,2,64.79,124.05,6,72.27,18.86,8.87,MULTIPLE_FACES
S06078,0.0,0,721.84,0.0,0,100.0,0.0,0.0,NO_FACE
S06079,32.11,1,80.56,0.0,2,55.15,10.0,34.85,NO_FACE
S06080,97.66,1,11.07,0.0,10,14.22,26.17,59.61,LOOKING_RIGHT
S06081,100.0,1,0.0,0.0,6,22.08,50.14,27.78,LOOKING_AWAY
S06082,100.0,1,0.0,0.0,2,39.88,25.44,34.68,LOOKING_RIGHT
S06083,100.0,1,0.0,0.0,3,74.22,3.78,22.0,LOOKING_RIGHT
S06084,99.97,1,0.25,0.0,1,70.51,17.96,11.53,NORMAL
S06085,100.0,1,0.0,0.0,3,62.87,25.62,11.51,NORMAL
S06086,99.99,1,0.09,0.0,6,20.98,66.99,12.03,LOOKING_LEFT
S06087,100.0,1,0.0,0.0,6,0.0,25.87,74.13,LOOKING_RIGHT
S06088,0.0,0,1046.64,0.0,0,100.0,0.0,0.0,NO_FACE
S06089,99.34,1,1.08,0.0,5,43.85,19.35,36.8,LOOKING_AWAY
S06090,19.39,1,701.31,0.0,6,84.19,9.51,6.3,NO_FACE
S06091,100.0,1,0.0,0.0,14,16.64,26.47,56.89,LOOKING_AWAY
S06092,47.48,1,150.78,0.0,1,95.01,0.4,4.59,NO_FACE
S06093,99.65,1,3.45,0.0,2,76.4,17.64,5.96,NORMAL
S06094,99.9,1,1.27,0.0,4,37.55,1.14,61.31,LOOKING_AWAY
S06095,100.0,1,0.0,0.0,7,27.42,20.59,51.99,LOOKING_AWAY
S06096,75.81,1,224.83,0.0,2,75.74,14.39,9.87,NO_FACE
S06097,100.0,1,0.0,0.0,6,30.81,64.63,4.56,LOOKING_LEFT
S06098,41.75,1,82.65,0.0,4,78.9,6.61,14.49,NO_FACE
S06099,97.81,3,12.43,302.65,0,88.52,2.26,9.22,MULTIPLE_FACES
S06100,100.0,1,0.0,0.0,5,43.5,44.93,11.57,LOOKING_LEFT
S06101,99.99,1,0.09,0.0,5,69.15,9.92,20.93,NORMAL
S06102,76.07,1,309.8,0.0,3,41.59,10.33,48.08,NO_FACE
S06103,76.91,2,66.74,67.12,7,63.72,28.3,7.98,MULTIPLE_FACES
S06104,21.46,1,85.09,0.0,1,64.88,12.98,22.14,NO_FACE
S06105,100.0,1,0.0,0.0,10,55.82,6.42,37.76,LOOKING_AWAY
S06106,99.35,2,7.53,1.67,6,26.62,0.81,72.57,LOOKING_RIGHT
S06107,99.96,1,0.37,0.0,2,48.14,50.22,1.64,LOOKING_LEFT
S06108,99.83,1,0.2,0.0,5,0.08,22.76,77.16,LOOKING_RIGHT
S06109,27.23,1,443.19,0.0,1,69.35,16.28,14.37,NO_FACE
S06110,100.0,1,0.0,0.0,2,23.08,15.17,61.75,LOOKING_RIGHT
S06111,99.87,1,0.88,0.0,1,78.02,19.19,2.79,NORMAL
S06112,100.0,2,0.0,5.44,8,63.08,11.67,25.25,MULTIPLE_FACES
S06113,99.6,1,0.57,0.0,4,39.77,48.88,11.35,LOOKING_LEFT
S06114,100.0,1,0.0,0.0,6,46.02,37.89,16.09,NORMAL
S06115,100.0,1,0.0,0.0,7,18.79,61.35,19.86,LOOKING_LEFT
S06116,99.99,1,0.07,0.0,0,93.53,3.63,2.84,NORMAL
S06117,0.0,0,568.52,0.0,0,100.0,0.0,0.0,NO_FACE
S06118,100.0,1,0.0,0.0,9,43.28,36.71,20.01,LOOKING_LEFT
S06119,85.04,1,44.6,0.0,6,76.47,10.3,13.23,NO_FACE
S06120,100.0,1,0.0,0.0,12,22.62,37.2,40.18,LOOKING_AWAY
S06121,56.67,1,179.86,0.0,2,79.22,4.45,16.33,NO_FACE
S06122,100.0,1,0.0,0.0,5,34.43,12.72,52.85,LOOKING_RIGHT
S06123,97.13,1,9.46,0.0,3,0.0,66.87,33.13,LOOKING_LEFT
S06124,8.68,1,966.1,0.0,6,21.26,59.73,19.01,NO_FACE
S06125,99.64,1,0.68,0.0,4,77.39,8.04,14.57,NORMAL
S06126,99.52,1,1.17,0.0,5,45.33,44.85,9.82,LOOKING_LEFT
S06127,74.46,1,77.3,0.0,1,81.56,7.66,10.78,NO_FACE
S06128,65.88,1,32.52,0.0,2,69.9,14.12,15.98,NO_FACE
S06129,82.55,1,121.83,0.0,3,85.68,13.38,0.94,NO_FACE
S06130,99.51,1,4.95,0.0,5,33.59,49.69,16.72,LOOKING_AWAY
S06131,100.0,2,0.0,2.17,5,55.27,25.8,18.93,MULTIPLE_FACES
S06132,95.68,1,9.94,0.0,5,53.76,33.62,12.62,LOOKING_LEFT
S06133,98.64,2,6.16,1.03,6,51.65,27.35,21.0,MULTIPLE_FACES
S06134,99.85,1,0.78,0.0,4,86.72,2.65,10.63,NORMAL
S06135,98.85,1,10.71,0.0,5,18.66,31.32,50.02,LOOKING_RIGHT
S06136,64.57,1,74.37,0.0,3,91.52,2.23,6.25,NO_FACE
S06137,100.0,1,0.0,0.0,5,25.87,20.11,54.02,LOOKING_RIGHT
S06138,99.7,1,3.72,0.0,5,35.68,45.46,18.86,LOOKING_AWAY
S06139,0.0,0,200.67,0.0,0,100.0,0.0,0.0,NO_FACE
S06140,100.0,1,0.0,0.0,1,81.23,6.42,12.35,NORMAL
S06141,99.98,2,0.3,1.84,1,86.14,12.36,1.5,MULTIPLE_FACES
S06142,100.0,1,0.0,0.0,6,23.21,70.1,6.69,LOOKING_LEFT
S06143,24.34,1,523.65,0.0,4,56.11,13.87,30.02,NO_FACE
S06144,100.0,1,0.0,0.0,0,92.45,3.92,3.63,NORMAL
S06145,99.63,1,1.17,0.0,6,53.15,42.61,4.24,LOOKING_LEFT
S06146,63.27,2,40.54,1.44,2,84.57,14.85,0.58,MULTIPLE_FACES
S06147,99.38,1,9.05,0.0,5,46.94,19.82,33.24,LOOKING_AWAY
S06148,34.45,1,124.58,0.0,2,29.74,48.35,21.91,NO_FACE
S06149,99.89,1,0.95,0.0,4,70.77,28.03,1.2,LOOKING_LEFT
S06150,100.0,1,0.0,0.0,2,56.71,25.81,17.48,LOOKING_LEFT
S06151,100.0,1,0.0,0.0,6,4.6,46.2,49.2,LOOKING_RIGHT
S06152,100.0,1,0.0,0.0,4,49.86,26.57,23.57,LOOKING_LEFT
S06153,100.0,1,0.0,0.0,4,48.13,0.29,51.58,LOOKING_RIGHT
S06154,99.78,2,0.83,0.99,3,60.43,30.7,8.87,LOOKING_LEFT
S06155,100.0,1,0.0,0.0,0,82.09,11.45,6.46,NORMAL
S06156,99.97,1,0.4,0.0,1,81.83,13.28,4.89,NORMAL
S06157,100.0,1,0.0,0.0,1,85.05,5.26,9.69,NORMAL
S06158,99.94,1,0.32,0.0,9,25.09,28.08,46.83,LOOKING_AWAY
S06159,99.94,1,0.36,0.0,3,12.42,64.64,22.94,LOOKING_LEFT
S06160,100.0,1,0.0,0.0,6,75.34,14.33,10.33,NORMAL
S06161,100.0,1,0.0,0.0,6,15.31,63.86,20.83,LOOKING_AWAY
S06162,100.0,2,0.0,2.14,3,87.14,8.87,3.99,MULTIPLE_FACES
S06163,100.0,1,0.0,0.0,1,20.14,38.43,41.43,LOOKING_RIGHT
S06164,99.87,1,0.96,0.0,6,33.37,44.25,22.38,LOOKING_LEFT
S06165,100.0,1,0.0,0.0,3,57.1,3.79,39.11,LOOKING_RIGHT
S06166,99.97,1,0.23,0.0,1,69.34,28.88,1.78,NORMAL
S06167,96.75,1,8.64,0.0,1,91.36,3.67,4.97,NORMAL
S06168,100.0,1,0.0,0.0,3,45.23,40.4,14.37,LOOKING_AWAY
S06169,100.0,1,0.0,0.0,4,26.91,60.05,13.04,LOOKING_LEFT
S06170,100.0,1,0.0,0.0,15,24.45,23.48,52.07,LOOKING_AWAY
S06171,40.13,1,58.11,0.0,4,85.99,13.54,0.47,NO_FACE
S06172,100.0,1,0.0,0.0,7,56.82,42.82,0.36,LOOKING_LEFT
S06173,99.07,2,5.75,2.82,5,85.91,3.47,10.62,MULTIPLE_FACES
S06174,99.99,1,0.21,0.0,3,79.55,2.31,18.14,NORMAL
S06175,98.44,1,11.83,0.0,3,63.95,23.52,12.53,NORMAL
S06176,7.03,1,358.64,0.0,5,74.34,20.79,4.87,NO_FACE
S06177,78.6,1,112.63,0.0,3,93.02,2.16,4.82,NO_FACE
S06178,100.0,1,0.0,0.0,6,31.75,9.66,58.59,LOOKING_RIGHT
S06179,50.35,1,117.94,0.0,1,89.17,5.62,5.21,NO_FACE
S06180,100.0,1,0.0,0.0,2,65.33,28.98,5.69,NORMAL
S06181,54.94,1,605.63,0.0,1,81.66,6.58,11.76,NO_FACE
S06182,100.0,1,0.0,0.0,7,28.12,61.84,10.04,LOOKING_LEFT
S06183,99.75,1,1.84,0.0,5,72.59,13.56,13.85,NORMAL
S06184,100.0,1,0.0,0.0,7,17.11,62.77,20.12,LOOKING_LEFT
S06185,99.91,1,0.45,0.0,7,26.14,9.41,64.45,LOOKING_AWAY
S06186,99.93,1,0.54,0.0,2,26.67,50.04,23.29,LOOKING_LEFT
S06187,100.0,2,0.0,0.54,11,21.5,27.81,50.69,LOOKING_AWAY
S06188,100.0,1,0.0,0.0,10,16.46,57.14,26.4,LOOKING_AWAY
S06189,98.33,1,19.33,0.0,0,42.26,47.84,9.9,LOOKING_LEFT
S06190,100.0,1,0.0,0.0,8,2.08,65.53,32.39,LOOKING_AWAY
S06191,99.69,1,1.42,0.0,7,32.32,3.15,64.53,LOOKING_RIGHT
S06192,49.44,1,228.32,0.0,2,93.27,4.08,2.65,NO_FACE
S06193,86.16,1,69.83,0.0,3,14.02,80.76,5.22,NO_FACE
S06194,99.9,1,0.58,0.0,8,7.32,70.51,22.17,LOOKING_LEFT
S06195,75.05,3,39.03,78.02,5,69.76,29.47,0.77,MULTIPLE_FACES
S06196,99.66,1,4.63,0.0,3,37.01,47.96,15.03,LOOKING_LEFT
S06197,89.2,1,9.22,0.0,1,83.53,13.68,2.79,NO_FACE
S06198,99.49,1,4.08,0.0,3,34.32,65.37,0.31,LOOKING_LEFT
S06199,51.7,1,502.33,0.0,2,76.28,0.57,23.15,NO_FACE
S06200,100.0,1,0.02,0.0,12,36.9,11.03,52.07,LOOKING_AWAY
S06201,99.64,1,1.99,0.0,5,48.69,8.33,42.98,LOOKING_AWAY
S06202,100.0,1,0.0,0.0,11,20.04,59.43,20.53,LOOKING_AWAY
S06203,99.89,1,0.28,0.0,1,87.88,7.78,4.34,NORMAL
S06204,100.0,1,0.0,0.0,5,45.54,47.55,6.91,LOOKING_LEFT
S06205,100.0,1,0.0,0.0,0,51.54,22.73,25.73,LOOKING_RIGHT
S06206,99.98,1,0.12,0.0,4,34.6,34.2,31.2,LOOKING_LEFT
S06207,99.95,1,0.5,0.0,2,83.78,10.27,5.95,NORMAL
S06208,100.0,1,0.0,0.0,3,64.41,22.39,13.2,NORMAL
S06209,99.93,1,0.8,0.0,1,59.57,34.57,5.86,LOOKING_LEFT
S06210,78.55,1,83.73,0.0,5,68.43,5.27,26.3,NO_FACE
S06211,100.0,2,0.0,43.37,3,81.63,4.07,14.3,MULTIPLE_FACES
S06212,98.86,1,11.61,0.0,6,32.63,42.88,24.49,LOOKING_AWAY
S06213,98.18,2,10.04,1.67,2,17.21,63.86,18.93,LOOKING_LEFT
S06214,99.47,1,8.0,0.0,0,78.99,17.65,3.36,NORMAL
S06215,99.99,1,0.03,0.0,8,57.48,9.17,33.35,NORMAL
S06216,99.89,1,1.26,0.0,2,91.83,6.75,1.42,NORMAL
S06217,100.0,1,0.0,0.0,4,5.49,74.34,20.17,LOOKING_LEFT
S06218,100.0,1,0.0,0.0,2,52.8,2.43,44.77,LOOKING_RIGHT
S06219,99.92,1,1.15,0.0,3,76.78,8.62,14.6,NORMAL
S06220,99.99,1,0.03,0.0,12,23.47,21.54,54.99,LOOKING_AWAY
S06221,53.04,1,87.08,0.0,4,39.02,58.2,2.78,NO_FACE
S06222,99.99,2,0.06,15.41,0,97.15,0.53,2.32,MULTIPLE_FACES
S06223,99.97,2,0.19,2.3,2,69.48,4.21,26.31,MULTIPLE_FACES
S06224,59.1,1,268.78,0.0,3,64.98,27.47,7.55,NO_FACE
S06225,100.0,1,0.0,0.0,7,20.71,46.31,32.98,LOOKING_AWAY
S06226,98.25,1,2.44,0.0,2,37.33,26.07,36.6,LOOKING_RIGHT
S06227,99.96,1,0.43,0.0,3,57.49,34.92,7.59,LOOKING_LEFT
S06228,98.61,1,16.74,0.0,4,79.69,8.8,11.51,NORMAL
S06229,54.45,1,25.32,0.0,0,75.29,16.26,8.45,NO_FACE
S06230,99.96,1,0.24,0.0,8,60.07,6.54,33.39,NORMAL
S06231,46.56,1,125.89,0.0,0,55.61,33.64,10.75,NO_FACE
S06232,99.06,2,1.54,8.66,2,46.57,18.08,35.35,MULTIPLE_FACES
S06233,100.0,1,0.0,0.0,8,40.72,28.87,30.41,LOOKING_AWAY
S06234,100.0,1,0.0,0.0,3,82.96,8.2,8.84,NORMAL
S06235,98.47,1,6.65,0.0,5,37.7,31.15,31.15,LOOKING_AWAY
S06236,99.74,1,2.57,0.0,9,40.29,21.81,37.9,LOOKING_AWAY
S06237,44.29,1,285.85,0.0,0,87.35,7.59,5.06,NO_FACE
S06238,59.05,1,37.49,0.0,4,68.15,29.12,2.73,NO_FACE
S06239,100.0,2,0.0,153.25,3,66.27,4.96,28.77,MULTIPLE_FACES
S06240,100.0,1,0.02,0.0,4,73.96,13.54,12.5,NORMAL
S06241,75.53,1,171.43,0.0,5,74.3,12.38,13.32,NO_FACE
S06242,100.0,1,0.01,0.0,5,62.75,27.48,9.77,NORMAL
S06243,99.35,1,1.97,0.0,4,37.03,21.68,41.29,LOOKING_RIGHT
S06244,99.99,1,0.05,0.0,5,34.89,1.82,63.29,LOOKING_RIGHT
S06245,100.0,1,0.0,0.0,9,41.99,6.55,51.46,LOOKING_RIGHT
S06246,99.8,1,1.02,0.0,3,0.0,28.1,71.9,LOOKING_RIGHT
S06247,100.0,1,0.0,0.0,6,22.29,59.56,18.15,LOOKING_LEFT
S06248,99.32,1,2.94,0.0,2,80.63,10.79,8.58,NORMAL
S06249,94.06,1,13.59,0.0,10,38.51,35.66,25.83,LOOKING_AWAY
S06250,99.99,1,0.08,0.0,7,39.65,4.01,56.34,LOOKING_RIGHT
S06251,99.98,1,0.15,0.0,2,89.11,6.31,4.58,NORMAL
S06252,17.72,1,287.46,0.0,2,83.19,10.7,6.11,NO_FACE
S06253,99.77,1,1.84,0.0,9,7.94,31.2,60.86,LOOKING_RIGHT
S06254,99.98,1,0.27,0.0,4,28.57,14.09,57.34,LOOKING_RIGHT
S06255,100.0,1,0.0,0.0,8,38.05,31.08,30.87,LOOKING_AWAY
S06256,100.0,1,0.0,0.0,3,36.45,1.76,61.79,LOOKING_RIGHT
S06257,85.17,1,122.67,0.0,3,87.37,6.07,6.56,NO_FACE
S06258,100.0,1,0.0,0.0,6,48.33,21.58,30.09,NORMAL
S06259,62.98,3,97.65,22.21,5,69.96,16.05,13.99,MULTIPLE_FACES
S06260,100.0,1,0.0,0.0,3,75.11,17.75,7.14,NORMAL
S06261,98.97,1,9.99,0.0,11,35.68,44.3,20.02,LOOKING_AWAY
S06262,49.96,1,612.24,0.0,0,77.21,19.27,3.52,NO_FACE
S06263,69.68,1,76.4,0.0,3,88.73,4.99,6.28,NO_FACE
S06264,99.46,1,0.38,0.0,9,29.42,46.89,23.69,LOOKING_LEFT
S06265,10.68,1,357.24,0.0,3,80.1,15.42,4.48,NO_FACE
S06266,99.53,1,2.02,0.0,15,29.85,20.56,49.59,LOOKING_AWAY
S06267,100.0,2,0.0,271.91,5,72.26,10.17,17.57,MULTIPLE_FACES
S06268,100.0,1,0.0,0.0,6,34.69,43.61,21.7,LOOKING_AWAY
S06269,99.9,1,0.68,0.0,5,76.95,20.68,2.37,NORMAL
S06270,99.31,2,0.83,71.73,3,65.34,21.17,13.49,MULTIPLE_FACES
S06271,100.0,1,0.0,0.0,1,36.2,16.04,47.76,LOOKING_RIGHT
S06272,60.53,1,326.27,0.0,3,23.89,62.2,13.91,NO_FACE
S06273,99.28,1,9.49,0.0,5,46.81,33.91,19.28,NORMAL
S06274,100.0,4,0.0,214.84,7,51.96,25.32,22.72,MULTIPLE_FACES
S06275,100.0,1,0.0,0.0,3,84.11,10.34,5.55,NORMAL
S06276,99.79,1,0.13,0.0,7,22.26,47.33,30.41,LOOKING_AWAY
S06277,99.79,1,2.08,0.0,5,26.92,70.01,3.07,LOOKING_LEFT
S06278,100.0,1,0.0,0.0,8,40.78,45.71,13.51,LOOKING_AWAY
S06279,75.53,1,41.46,0.0,4,5.25,11.36,83.39,NO_FACE
S06280,0.0,0,793.57,0.0,0,100.0,0.0,0.0,NO_FACE
S06281,73.96,1,84.4,0.0,2,79.45,2.57,17.98,NO_FACE
S06282,100.0,3,0.0,63.87,4,81.14,16.61,2.25,MULTIPLE_FACES
S06283,99.9,1,1.23,0.0,5,65.04,30.47,4.49,LOOKING_LEFT
S06284,100.0,1,0.0,0.0,2,83.63,11.08,5.29,NORMAL
S06285,99.56,1,1.36,0.0,6,0.0,15.24,84.76,LOOKING_RIGHT
S06286,100.0,1,0.0,0.0,16,13.59,41.26,45.15,LOOKING_AWAY
S06287,99.82,1,0.76,0.0,5,56.09,15.68,28.23,LOOKING_AWAY
S06288,99.77,2,1.95,250.96,8,40.69,28.58,30.73,MULTIPLE_FACES
S06289,97.12,1,14.24,0.0,6,48.65,45.66,5.69,LOOKING_AWAY
S06290,99.14,2,3.65,1.09,4,24.52,60.41,15.07,LOOKING_LEFT
S06291,100.0,1,0.0,0.0,2,86.74,7.06,6.2,NORMAL
S06292,0.0,0,1755.77,0.0,0,100.0,0.0,0.0,NO_FACE
S06293,99.57,1,6.11,0.0,4,65.78,25.19,9.03,NORMAL
S06294,99.49,1,2.74,0.0,4,67.9,29.01,3.09,LOOKING_LEFT
S06295,99.94,1,0.23,0.0,3,45.22,44.6,10.18,LOOKING_AWAY
S06296,23.94,1,473.2,0.0,4,79.03,4.77,16.2,NO_FACE
S06297,83.96,1,27.74,0.0,2,75.85,7.65,16.5,NO_FACE
S06298,100.0,1,0.0,0.0,4,43.32,37.45,19.23,LOOKING_LEFT
S06299,98.74,1,4.93,0.0,9,39.41,50.28,10.31,LOOKING_AWAY
S06300,99.84,1,0.94,0.0,11,35.66,39.3,25.04,LOOKING_AWAY
S06301,99.91,1,0.86,0.0,5,25.17,47.62,27.21,LOOKING_LEFT
S06302,100.0,1,0.0,0.0,0,68.56,9.44,22.0,LOOKING_RIGHT
S06303,69.59,1,286.97,0.0,1,89.21,5.68,5.11,NO_FACE
S06304,99.9,1,0.68,0.0,10,12.41,20.05,67.54,LOOKING_AWAY
S06305,87.01,1,141.45,0.0,3,51.93,13.34,34.73,NO_FACE
S06306,99.99,1,0.13,0.0,7,40.29,11.27,48.44,LOOKING_RIGHT
S06307,33.93,1,53.04,0.0,4,16.56,51.43,32.01,NO_FACE
S06308,47.74,1,312.46,0.0,1,94.56,2.25,3.19,NO_FACE
S06309,91.01,1,15.86,0.0,1,85.26,11.32,3.42,NORMAL
S06310,99.6,1,0.67,0.0,5,22.04,65.41,12.55,LOOKING_LEFT
S06311,99.89,1,0.8,0.0,0,94.22,5.19,0.59,NORMAL
S06312,100.0,1,0.0,0.0,2,85.43,13.56,1.01,NORMAL
S06313,99.73,2,2.43,40.63,8,40.53,27.0,32.47,MULTIPLE_FACES
S06314,99.39,1,5.35,0.0,3,14.95,53.25,31.8,LOOKING_AWAY
S06315,99.98,1,0.18,0.0,2,57.76,10.99,31.25,LOOKING_RIGHT
S06316,100.0,1,0.0,0.0,5,21.31,25.95,52.74,LOOKING_RIGHT
S06317,13.99,1,126.89,0.0,3,77.96,1.4,20.64,NO_FACE
S06318,100.0,1,0.0,0.0,6,50.28,23.77,25.95,LOOKING_AWAY
S06319,73.87,1,67.14,0.0,0,82.0,6.26,11.74,NO_FACE
S06320,100.0,1,0.0,0.0,7,29.94,54.21,15.85,LOOKING_LEFT
S06321,99.85,1,1.58,0.0,5,44.76,35.72,19.52,LOOKING_AWAY
S06322,98.7,1,10.88,0.0,1,81.22,1.43,17.35,NORMAL
S06323,99.89,1,0.58,0.0,4,47.27,18.62,34.11,LOOKING_RIGHT
S06324,100.0,1,0.0,0.0,8,6.18,92.0,1.82,LOOKING_LEFT
S06325,0.0,0,1272.12,0.0,0,100.0,0.0,0.0,NO_FACE
S06326,99.81,1,1.94,0.0,5,82.73,7.19,10.08,NORMAL
S06327,100.0,1,0.0,0.0,11,30.76,23.67,45.57,LOOKING_AWAY
S06328,100.0,1,0.0,0.0,12,31.62,55.15,13.23,LOOKING_AWAY
S06329,99.96,1,0.39,0.0,11,31.16,61.13,7.71,LOOKING_AWAY
S06330,100.0,2,0.0,114.31,1,83.38,3.44,13.18,MULTIPLE_FACES
S06331,99.65,1,1.36,0.0,11,15.04,50.08,34.88,LOOKING_AWAY
S06332,100.0,1,0.0,0.0,2,78.32,14.44,7.24,NORMAL
S06333,98.9,1,5.32,0.0,1,40.51,22.72,36.77,LOOKING_RIGHT
S06334,100.0,1,0.0,0.0,4,68.42,15.74,15.84,NORMAL
S06335,99.91,1,0.67,0.0,3,69.94,6.23,23.83,NORMAL
S06336,100.0,3,0.0,284.98,1,69.36,13.74,16.9,MULTIPLE_FACES
S06337,99.32,1,6.0,0.0,2,18.84,58.64,22.52,LOOKING_LEFT
S06338,100.0,1,0.0,0.0,4,82.89,14.85,2.26,NORMAL
S06339,99.64,1,2.62,0.0,8,7.34,51.22,41.44,LOOKING_AWAY
S06340,75.42,1,135.21,0.0,3,74.04,15.18,10.78,NO_FACE
S06341,100.0,1,0.0,0.0,10,33.68,56.89,9.43,LOOKING_AWAY
S06342,99.76,1,0.94,0.0,3,72.62,10.63,16.75,NORMAL
S06343,97.73,2,12.01,94.25,2,89.49,1.08,9.43,MULTIPLE_FACES
S06344,99.85,1,0.57,0.0,3,82.42,12.11,5.47,NORMAL
S06345,99.75,1,1.44,0.0,3,57.85,10.4,31.75,LOOKING_RIGHT
S06346,99.94,1,0.31,0.0,6,43.14,25.17,31.69,LOOKING_AWAY
S06347,0.0,0,551.97,0.0,0,100.0,0.0,0.0,NO_FACE
S06348,100.0,1,0.0,0.0,5,48.17,35.67,16.16,NORMAL
S06349,99.13,2,4.49,209.31,1,90.67,1.71,7.62,MULTIPLE_FACES
S06350,100.0,1,0.0,0.0,5,18.27,62.26,19.47,LOOKING_LEFT
S06351,100.0,1,0.0,0.0,1,54.0,21.0,25.0,LOOKING_RIGHT
S06352,98.4,1,1.51,0.0,3,77.76,4.1,18.14,NORMAL
S06353,100.0,1,0.0,0.0,4,62.0,21.37,16.63,LOOKING_AWAY
S06354,100.0,1,0.0,0.0,4,56.04,6.19,37.77,LOOKING_RIGHT
S06355,100.0,1,0.0,0.0,3,83.71,12.13,4.16,NORMAL
S06356,99.89,1,0.86,0.0,1,96.43,0.61,2.96,NORMAL
S06357,99.69,1,1.47,0.0,4,79.93,4.03,16.04,NORMAL
S06358,52.68,1,71.92,0.0,3,57.16,29.98,12.86,NO_FACE
S06359,75.74,1,27.61,0.0,3,78.98,10.29,10.73,NO_FACE
S06360,100.0,1,0.0,0.0,2,91.0,4.83,4.17,NORMAL
S06361,99.94,2,0.08,0.75,0,69.79,9.81,20.4,NORMAL
S06362,98.95,1,15.62,0.0,2,16.7,2.65,80.65,LOOKING_RIGHT
S06363,0.0,0,460.06,0.0,0,100.0,0.0,0.0,NO_FACE
S06364,99.41,1,3.05,0.0,9,40.89,21.9,37.21,LOOKING_AWAY
S06365,0.0,0,385.17,0.0,0,100.0,0.0,0.0,NO_FACE
S06366,99.27,2,9.39,394.69,3,80.24,3.2,16.56,MULTIPLE_FACES
S06367,100.0,2,0.0,286.39,8,63.13,11.46,25.41,MULTIPLE_FACES
S06368,98.28,1,5.34,0.0,1,61.04,25.08,13.88,NORMAL
S06369,95.0,2,6.87,12.29,4,56.9,5.0,38.1,MULTIPLE_FACES
S06370,100.0,1,0.0,0.0,1,95.46,3.11,1.43,NORMAL
S06371,76.63,1,238.83,0.0,2,66.16,30.18,3.66,NO_FACE
S06372,99.97,1,0.33,0.0,10,44.15,50.7,5.15,LOOKING_AWAY
S06373,100.0,1,0.0,0.0,10,29.88,29.63,40.49,LOOKING_AWAY
S06374,99.52,2,4.13,296.27,1,95.99,2.12,1.89,MULTIPLE_FACES
S06375,99.95,1,0.22,0.0,3,55.59,37.16,7.25,LOOKING_LEFT
S06376,99.85,1,1.34,0.0,3,40.03,7.25,52.72,LOOKING_RIGHT
S06377,99.27,1,4.45,0.0,8,38.55,23.54,37.91,LOOKING_AWAY
S06378,99.97,2,0.45,442.88,3,60.33,28.26,11.41,MULTIPLE_FACES
S06379,100.0,1,0.0,0.0,0,59.0,19.0,22.0,LOOKING_RIGHT
S06380,100.0,1,0.0,0.0,14,29.97,59.18,10.85,LOOKING_AWAY
S06381,99.97,1,0.17,0.0,2,40.74,58.14,1.12,LOOKING_LEFT
S06382,99.91,1,0.49,0.0,4,85.75,1.72,12.53,NORMAL
S06383,100.0,1,0.0,0.0,4,35.32,5.93,58.75,LOOKING_RIGHT
S06384,100.0,1,0.0,0.0,2,94.22,5.63,0.15,NORMAL
S06385,99.55,1,0.81,0.0,3,53.66,26.81,19.53,LOOKING_LEFT
S06386,100.0,1,0.0,0.0,4,82.68,6.58,10.74,NORMAL
S06387,43.25,1,165.26,0.0,4,8.52,45.77,45.71,NO_FACE
S06388,100.0,1,0.0,0.0,5,68.64,4.39,26.97,LOOKING_RIGHT
S06389,99.6,1,3.42,0.0,5,50.64,35.53,13.83,LOOKING_LEFT
S06390,98.08,1,16.7,0.0,2,51.04,2.69,46.27,LOOKING_RIGHT
S06391,100.0,2,0.0,58.6,4,60.06,38.93,1.01,MULTIPLE_FACES
S06392,45.37,1,88.36,0.0,3,50.25,31.14,18.61,NO_FACE
S06393,99.55,1,1.82,0.0,4,18.7,30.43,50.87,LOOKING_RIGHT
S06394,100.0,1,0.0,0.0,2,54.53,26.35,19.12,LOOKING_LEFT
S06395,100.0,1,0.0,0.0,5,57.52,28.0,14.48,LOOKING_LEFT
S06396,99.98,1,0.25,0.0,3,32.93,26.67,40.4,LOOKING_RIGHT
S06397,99.22,1,5.22,0.0,2,44.51,29.79,25.7,LOOKING_LEFT
S06398,99.99,1,0.22,0.0,3,59.44,25.36,15.2,NORMAL
S06399,100.0,2,0.0,343.98,6,81.3,14.53,4.17,MULTIPLE_FACES
S06400,100.0,2,0.0,34.64,4,73.96,23.39,2.65,MULTIPLE_FACES
S06401,55.56,1,115.87,0.0,6,2.88,68.79,28.33,NO_FACE
S06402,97.84,1,9.26,0.0,4,6.06,82.18,11.76,LOOKING_LEFT
S06403,100.0,1,0.0,0.0,1,30.14,33.43,36.43,LOOKING_RIGHT
S06404,9.09,1,262.23,0.0,2,56.67,22.45,20.88,NO_FACE
S06405,98.32,1,17.63,0.0,19,34.26,50.96,14.78,LOOKING_AWAY
S06406,97.56,3,10.54,105.01,3,66.4,25.34,8.26,MULTIPLE_FACES
S06407,99.95,1,0.65,0.0,2,75.25,2.81,21.94,NORMAL
S06408,100.0,1,0.0,0.0,3,42.11,11.35,46.54,LOOKING_RIGHT
S06409,13.35,1,14.08,0.0,2,82.66,11.99,5.35,NO_FACE
S06410,99.76,2,1.65,385.49,1,82.33,15.42,2.25,MULTIPLE_FACES
S06411,99.95,1,0.34,0.0,8,32.92,52.58,14.5,LOOKING_LEFT
S06412,100.0,2,0.0,92.59,7,78.89,17.99,3.12,MULTIPLE_FACES
S06413,34.46,1,299.68,0.0,5,29.39,44.26,26.35,NO_FACE
S06414,100.0,1,0.0,0.0,2,24.57,8.06,67.37,LOOKING_RIGHT
S06415,37.43,1,32.09,0.0,0,75.39,6.28,18.33,NO_FACE
S06416,92.22,3,12.6,55.95,3,87.47,8.1,4.43,MULTIPLE_FACES
S06417,99.7,1,2.22,0.0,2,81.3,13.55,5.15,NORMAL
S06418,100.0,1,0.0,0.0,3,0.0,79.56,20.44,LOOKING_LEFT
S06419,100.0,1,0.0,0.0,1,83.57,1.65,14.78,NORMAL
S06420,100.0,1,0.0,0.0,12,28.28,51.76,19.96,LOOKING_AWAY
S06421,16.5,1,294.58,0.0,3,65.06,8.61,26.33,NO_FACE
S06422,99.82,1,1.23,0.0,4,20.63,67.02,12.35,LOOKING_LEFT
S06423,58.26,1,225.9,0.0,4,79.53,4.0,16.47,NO_FACE
S06424,99.92,1,0.28,0.0,5,44.91,29.5,25.59,LOOKING_AWAY
S06425,99.51,1,1.51,0.0,2,79.53,17.72,2.75,NORMAL
S06426,100.0,1,0.0,0.0,2,76.52,4.47,19.01,NORMAL
S06427,99.58,1,1.37,0.0,4,80.83,10.71,8.46,NORMAL
S06428,100.0,1,0.0,0.0,2,81.27,4.75,13.98,NORMAL
S06429,100.0,1,0.0,0.0,5,31.56,38.06,30.38,LOOKING_LEFT
S06430,75.28,2,35.36,152.11,1,72.97,20.11,6.92,MULTIPLE_FACES
S06431,99.55,1,3.56,0.0,5,46.23,51.68,2.09,LOOKING_LEFT
S06432,100.0,1,0.0,0.0,4,51.21,9.15,39.64,LOOKING_AWAY
S06433,100.0,1,0.0,0.0,7,19.44,54.44,26.12,LOOKING_AWAY
S06434,99.11,1,3.25,0.0,5,52.51,5.7,41.79,LOOKING_RIGHT
S06435,39.18,1,431.55,0.0,7,60.43,32.85,6.72,NO_FACE
S06436,99.77,1,2.24,0.0,5,40.5,3.58,55.92,LOOKING_RIGHT
S06437,99.57,1,0.67,0.0,14,27.1,30.11,42.79,LOOKING_AWAY
S06438,100.0,1,0.0,0.0,8,31.89,14.18,53.93,LOOKING_AWAY
S06439,99.9,1,0.77,0.0,12,41.86,27.63,30.51,LOOKING_AWAY
S06440,99.93,1,0.68,0.0,2,95.08,3.54,1.38,NORMAL
S06441,100.0,1,0.0,0.0,2,88.0,5.18,6.82,NORMAL
S06442,99.97,1,0.15,0.0,1,73.89,25.65,0.46,LOOKING_LEFT
S06443,99.79,1,1.15,0.0,3,24.39,21.98,53.63,LOOKING_RIGHT
S06444,100.0,1,0.0,0.0,4,70.89,6.48,22.63,NORMAL
S06445,100.0,1,0.0,0.0,8,7.58,34.13,58.29,LOOKING_AWAY
S06446,9.64,1,733.9,0.0,4,60.29,3.16,36.55,NO_FACE
S06447,99.97,1,0.15,0.0,6,27.24,53.53,19.23,LOOKING_LEFT
S06448,98.46,1,1.7,0.0,8,75.37,9.7,14.93,NORMAL
S06449,91.93,1,12.39,0.0,4,31.6,55.35,13.05,LOOKING_AWAY
S06450,19.48,1,25.05,0.0,1,72.13,19.2,8.67,NO_FACE
S06451,100.0,1,0.0,0.0,5,83.86,12.06,4.08,NORMAL
S06452,100.0,1,0.0,0.0,1,30.77,21.18,48.05,LOOKING_RIGHT
S06453,99.82,1,1.84,0.0,3,79.32,12.56,8.12,NORMAL
S06454,100.0,2,0.01,1.91,7,67.46,7.31,25.23,MULTIPLE_FACES
S06455,100.0,1,0.0,0.0,12,35.82,55.7,8.48,LOOKING_AWAY
S06456,99.9,1,0.85,0.0,4,40.67,58.61,0.72,LOOKING_LEFT
S06457,97.71,2,8.5,84.18,8,58.46,24.57,16.97,MULTIPLE_FACES
S06458,99.04,3,12.99,100.85,1,94.81,0.12,5.07,MULTIPLE_FACES
S06459,99.79,2,0.84,52.45,2,88.56,2.75,8.69,MULTIPLE_FACES
S06460,99.93,3,0.77,190.63,1,90.62,5.9,3.48,MULTIPLE_FACES
S06461,100.0,1,0.0,0.0,3,46.36,37.26,16.38,LOOKING_LEFT
S06462,84.41,1,109.92,0.0,0,71.12,3.61,25.27,NO_FACE
S06463,98.4,1,2.64,0.0,2,84.57,9.1,6.33,NORMAL
S06464,100.0,1,0.0,0.0,3,17.26,13.07,69.67,LOOKING_AWAY
S06465,99.84,1,1.39,0.0,6,25.29,49.31,25.4,LOOKING_LEFT
S06466,100.0,1,0.0,0.0,2,66.0,5.58,28.42,NORMAL
S06467,100.0,1,0.0,0.0,5,23.26,53.25,23.49,LOOKING_AWAY
S06468,100.0,1,0.0,0.0,5,51.08,39.35,9.57,LOOKING_LEFT
S06469,99.29,2,6.43,196.44,5,62.35,20.49,17.16,MULTIPLE_FACES
S06470,99.97,1,0.17,0.0,5,71.49,5.31,23.2,NORMAL
S06471,99.55,1,2.63,0.0,10,18.38,51.58,30.04,LOOKING_AWAY
S06472,100.0,1,0.0,0.0,7,3.5,36.55,59.95,LOOKING_RIGHT
S06473,99.88,1,1.45,0.0,1,79.58,2.0,18.42,NORMAL
S06474,100.0,1,0.0,0.0,5,45.22,11.08,43.7,LOOKING_RIGHT
S06475,99.58,1,1.57,0.0,4,56.32,26.36,17.32,NORMAL
S06476,99.94,1,0.45,0.0,9,76.91,9.67,13.42,NORMAL
S06477,100.0,1,0.0,0.0,4,53.07,21.81,25.12,LOOKING_AWAY
S06478,100.0,1,0.0,0.0,9,38.13,49.24,12.63,LOOKING_AWAY
S06479,99.99,1,0.11,0.0,3,50.93,35.89,13.18,LOOKING_LEFT
S06480,95.71,1,10.91,0.0,3,59.18,33.51,7.31,LOOKING_LEFT
S06481,100.0,1,0.0,0.0,4,45.47,53.37,1.16,LOOKING_LEFT
S06482,99.95,1,0.48,0.0,4,44.66,16.31,39.03,LOOKING_RIGHT
S06483,56.78,1,49.13,0.0,2,88.82,2.38,8.8,NO_FACE
S06484,99.99,1,0.04,0.0,9,17.05,33.32,49.63,LOOKING_AWAY
S06485,99.52,1,7.3,0.0,3,26.64,64.18,9.18,LOOKING_LEFT
S06486,62.56,1,21.49,0.0,4,63.08,17.86,19.06,NO_FACE
S06487,100.0,1,0.0,0.0,2,74.19,4.26,21.55,NORMAL
S06488,100.0,1,0.0,0.0,5,45.71,15.57,38.72,LOOKING_RIGHT
S06489,99.54,1,2.84,0.0,5,19.2,20.19,60.61,LOOKING_RIGHT
S06490,46.71,1,327.53,0.0,1,79.44,16.61,3.95,NO_FACE
S06491,100.0,1,0.01,0.0,7,64.76,17.87,17.37,NORMAL
S06492,75.67,1,66.1,0.0,2,33.7,14.87,51.43,NO_FACE
S06493,99.94,1,0.43,0.0,10,26.15,17.08,56.77,LOOKING_AWAY
S06494,100.0,1,0.0,0.0,6,43.19,45.02,11.79,LOOKING_AWAY
S06495,100.0,1,0.0,0.0,3,19.23,56.9,23.87,LOOKING_LEFT
S06496,13.29,1,83.93,0.0,2,64.06,24.07,11.87,NO_FACE
S06497,99.84,2,0.43,9.98,7,74.03,21.21,4.76,MULTIPLE_FACES
S06498,99.83,1,1.48,0.0,3,81.84,6.34,11.82,NORMAL
S06499,100.0,1,0.0,0.0,1,88.13,4.05,7.82,NORMAL
S06500,43.8,1,204.14,0.0,2,94.03,4.42,1.55,NO_FACE
S06501,99.22,1,0.88,0.0,0,81.89,0.02,18.09,NORMAL
S06502,99.8,1,0.83,0.0,5,65.9,33.82,0.28,LOOKING_LEFT
S06503,100.0,1,0.0,0.0,4,50.72,13.5,35.78,LOOKING_RIGHT
S06504,98.29,1,4.25,0.0,5,68.37,30.11,1.52,LOOKING_LEFT
S06505,99.45,1,2.41,0.0,4,71.56,24.86,3.58,NORMAL
S06506,99.94,1,0.69,0.0,11,27.84,41.01,31.15,LOOKING_AWAY
S06507,100.0,1,0.0,0.0,3,23.44,52.71,23.85,LOOKING_LEFT
S06508,97.03,1,10.94,0.0,1,87.4,7.14,5.46,NORMAL
S06509,72.77,2,50.51,81.43,4,90.37,0.71,8.92,MULTIPLE_FACES
S06510,90.96,1,21.7,0.0,0,46.33,29.11,24.56,LOOKING_LEFT
S06511,100.0,2,0.0,364.06,3,79.73,14.06,6.21,MULTIPLE_FACES
S06512,100.0,1,0.0,0.0,5,60.66,29.81,9.53,NORMAL
S06513,98.64,1,11.1,0.0,6,55.46,23.83,20.71,LOOKING_AWAY
S06514,100.0,3,0.0,208.53,5,61.8,20.31,17.89,MULTIPLE_FACES
S06515,100.0,1,0.0,0.0,8,13.67,71.12,15.21,LOOKING_LEFT
S06516,100.0,1,0.0,0.0,3,79.69,15.11,5.2,NORMAL
S06517,99.81,2,1.36,1.34,3,87.31,2.68,10.01,MULTIPLE_FACES
S06518,99.9,1,0.41,0.0,6,25.14,5.96,68.9,LOOKING_RIGHT
S06519,99.86,1,0.86,0.0,10,30.98,25.34,43.68,LOOKING_AWAY
S06520,99.76,1,2.17,0.0,1,90.71,6.72,2.57,NORMAL
S06521,77.77,2,110.02,162.11,4,57.12,10.94,31.94,MULTIPLE_FACES
S06522,97.8,1,17.28,0.0,6,61.97,17.76,20.27,NORMAL
S06523,100.0,1,0.0,0.0,12,28.08,23.57,48.35,LOOKING_AWAY
S06524,75.81,2,35.0,171.74,2,66.79,7.92,25.29,MULTIPLE_FACES
S06525,100.0,1,0.0,0.0,0,86.18,7.52,6.3,NORMAL
S06526,100.0,1,0.0,0.0,4,13.49,57.69,28.82,LOOKING_LEFT
S06527,63.08,1,385.03,0.0,1,82.22,10.41,7.37,NO_FACE
S06528,85.09,1,82.62,0.0,3,74.27,13.22,12.51,NO_FACE
S06529,100.0,1,0.0,0.0,6,20.57,4.68,74.75,LOOKING_RIGHT
S06530,100.0,1,0.0,0.0,3,86.06,4.9,9.04,NORMAL
S06531,99.93,1,0.61,0.0,2,50.6,2.01,47.39,LOOKING_RIGHT
S06532,99.98,1,0.22,0.0,5,76.67,2.18,21.15,NORMAL
S06533,100.0,2,0.0,416.67,0,77.56,11.59,10.85,MULTIPLE_FACES
S06534,64.46,3,128.97,1.02,0,81.95,8.67,9.38,MULTIPLE_FACES
S06535,55.7,1,362.66,0.0,2,71.91,4.95,23.14,NO_FACE
S06536,12.03,1,770.49,0.0,3,25.39,63.68,10.93,NO_FACE
S06537,80.45,1,55.22,0.0,6,25.19,35.52,39.29,NO_FACE
S06538,99.08,1,3.56,0.0,2,60.38,2.5,37.12,NORMAL
S06539,99.01,1,9.66,0.0,14,47.87,22.64,29.49,LOOKING_AWAY
S06540,99.89,1,0.76,0.0,6,43.99,7.81,48.2,LOOKING_RIGHT
S06541,100.0,1,0.0,0.0,2,72.13,9.5,18.37,NORMAL
S06542,99.83,1,0.99,0.0,14,39.83,32.58,27.59,LOOKING_AWAY
S06543,99.4,1,3.5,0.0,2,82.54,13.79,3.67,NORMAL
S06544,100.0,1,0.0,0.0,0,98.34,1.17,0.49,NORMAL
S06545,99.74,3,3.12,100.57,5,87.84,5.55,6.61,MULTIPLE_FACES
S06546,99.45,1,8.6,0.0,2,89.16,0.39,10.45,NORMAL
S06547,100.0,2,0.0,59.18,6,50.67,40.96,8.37,MULTIPLE_FACES
S06548,100.0,1,0.0,0.0,6,62.03,24.04,13.93,LOOKING_LEFT
S06549,100.0,1,0.0,0.0,11,20.2,17.56,62.24,LOOKING_RIGHT
S06550,99.98,1,0.23,0.0,1,63.09,0.86,36.05,LOOKING_RIGHT
S06551,100.0,1,0.0,0.0,5,55.25,12.01,32.74,NORMAL
S06552,99.8,1,1.61,0.0,3,61.41,24.09,14.5,NORMAL
S06553,55.92,1,195.47,0.0,2,84.33,11.08,4.59,NO_FACE
S06554,99.39,1,2.03,0.0,1,90.76,5.81,3.43,NORMAL
S06555,99.76,3,0.82,21.64,2,85.26,13.09,1.65,MULTIPLE_FACES
S06556,25.8,1,431.51,0.0,0,86.42,10.54,3.04,NO_FACE
S06557,99.65,1,4.42,0.0,6,59.0,19.0,22.0,LOOKING_RIGHT
S06558,5.46,1,421.74,0.0,3,80.32,10.51,9.17,NO_FACE
S06559,76.06,1,138.22,0.0,0,88.75,1.87,9.38,NO_FACE
S06560,100.0,1,0.0,0.0,9,14.31,55.67,30.02,LOOKING_AWAY
S06561,16.06,1,239.15,0.0,1,87.02,4.88,8.1,NO_FACE
S06562,100.0,1,0.0,0.0,4,72.19,4.83,22.98,NORMAL
S06563,100.0,1,0.0,0.0,5,21.11,12.13,66.76,LOOKING_RIGHT
S06564,0.0,0,122.89,0.0,0,100.0,0.0,0.0,NO_FACE
S06565,79.25,2,19.29,2.57,6,78.04,19.24,2.72,MULTIPLE_FACES
S06566,100.0,1,0.0,0.0,2,70.75,7.07,22.18,NORMAL
S06567,99.75,1,1.81,0.0,4,87.7,6.74,5.56,NORMAL
S06568,100.0,1,0.0,0.0,5,26.49,49.36,24.15,LOOKING_AWAY
S06569,81.05,1,58.75,0.0,2,89.42,3.21,7.37,NO_FACE
S06570,98.42,1,3.18,0.0,3,44.77,52.8,2.43,LOOKING_LEFT
S06571,100.0,1,0.0,0.0,6,71.06,24.19,4.75,NORMAL
S06572,100.0,1,0.0,0.0,1,94.17,0.64,5.19,NORMAL
S06573,100.0,1,0.0,0.0,1,94.72,1.95,3.33,NORMAL
S06574,99.58,1,5.41,0.0,3,26.12,22.46,51.42,LOOKING_RIGHT
S06575,100.0,1,0.0,0.0,7,15.55,10.94,73.51,LOOKING_RIGHT
S06576,99.78,1,2.3,0.0,3,50.51,35.71,13.78,LOOKING_LEFT
S06577,13.93,1,160.98,0.0,2,88.22,4.31,7.47,NO_FACE
S06578,35.97,1,376.04,0.0,2,54.56,13.56,31.88,NO_FACE
S06579,5.85,1,231.32,0.0,2,80.76,13.84,5.4,NO_FACE
S06580,74.07,2,74.37,2.98,5,57.23,40.5,2.27,MULTIPLE_FACES
S06581,100.0,1,0.0,0.0,4,18.39,57.35,24.26,LOOKING_LEFT
S06582,100.0,1,0.0,0.0,9,16.01,16.38,67.61,LOOKING_AWAY
S06583,100.0,3,0.0,289.86,6,77.48,8.12,14.4,MULTIPLE_FACES
S06584,99.84,1,2.2,0.0,2,46.54,11.66,41.8,LOOKING_RIGHT
S06585,99.81,1,2.74,0.0,3,87.86,7.22,4.92,NORMAL
S06586,88.83,1,24.5,0.0,7,9.36,36.71,53.93,NO_FACE
S06587,100.0,1,0.0,0.0,3,79.77,18.6,1.63,NORMAL
S06588,100.0,1,0.0,0.0,4,21.23,20.49,58.28,LOOKING_RIGHT
S06589,99.8,1,0.82,0.0,1,84.75,8.94,6.31,NORMAL
S06590,100.0,1,0.02,0.0,2,61.65,14.57,23.78,LOOKING_RIGHT
S06591,100.0,1,0.0,0.0,2,84.29,2.27,13.44,NORMAL
S06592,100.0,1,0.0,0.0,12,47.23,10.8,41.97,LOOKING_AWAY
S06593,100.0,1,0.0,0.0,6,43.63,48.24,8.13,LOOKING_LEFT
S06594,99.93,3,0.71,338.6,1,80.05,16.29,3.66,MULTIPLE_FACES
S06595,83.02,1,60.85,0.0,3,26.86,27.83,45.31,NO_FACE
S06596,99.55,1,5.36,0.0,5,26.61,41.98,31.41,LOOKING_LEFT
S06597,100.0,1,0.0,0.0,0,94.58,2.55,2.87,NORMAL
S06598,99.99,1,0.02,0.0,0,79.11,6.54,14.35,NORMAL
S06599,99.95,1,0.48,0.0,2,67.79,9.87,22.34,NORMAL
S06600,100.0,1,0.0,0.0,12,30.01,30.52,39.47,LOOKING_AWAY
S06601,0.0,0,1110.74,0.0,0,100.0,0.0,0.0,NO_FACE
S06602,100.0,2,0.0,1.94,7,79.78,16.14,4.08,MULTIPLE_FACES
S06603,99.95,1,0.7,0.0,2,56.44,33.28,10.28,LOOKING_LEFT
S06604,99.37,1,3.44,0.0,5,45.0,20.52,34.48,NORMAL
S06605,33.04,1,28.4,0.0,3,47.77,29.58,22.65,NO_FACE
S06606,31.94,1,186.81,0.0,3,94.95,4.83,0.22,NO_FACE
S06607,99.56,1,2.02,0.0,2,59.05,8.23,32.72,LOOKING_RIGHT
S06608,99.97,1,0.31,0.0,0,44.47,34.69,20.84,LOOKING_LEFT
S06609,100.0,1,0.0,0.0,10,42.89,25.63,31.48,LOOKING_AWAY
S06610,95.88,2,5.65,26.81,2,63.13,15.94,20.93,MULTIPLE_FACES
S06611,99.4,1,4.68,0.0,6,46.0,4.36,49.64,LOOKING_AWAY
S06612,34.57,1,175.73,0.0,6,66.92,19.54,13.54,NO_FACE
S06613,100.0,1,0.0,0.0,8,0.0,77.44,22.56,LOOKING_LEFT
S06614,99.67,1,0.64,0.0,10,49.4,49.27,1.33,LOOKING_LEFT
S06615,88.15,1,113.39,0.0,3,91.46,0.9,7.64,NO_FACE
S06616,27.59,2,180.65,1.02,2,85.09,5.32,9.59,NO_FACE
S06617,98.88,1,12.59,0.0,16,15.26,60.68,24.06,LOOKING_AWAY
S06618,100.0,1,0.0,0.0,10,25.13,26.25,48.62,LOOKING_AWAY
S06619,66.0,2,71.47,8.23,8,47.36,15.1,37.54,MULTIPLE_FACES
S06620,100.0,1,0.02,0.0,3,71.38,20.59,8.03,NORMAL
S06621,100.0,1,0.0,0.0,12,26.27,33.37,40.36,LOOKING_AWAY
S06622,99.73,1,2.02,0.0,4,32.51,11.83,55.66,LOOKING_RIGHT
S06623,100.0,2,0.0,80.47,2,72.71,25.87,1.42,MULTIPLE_FACES
S06624,0.0,0,923.26,0.0,0,100.0,0.0,0.0,NO_FACE
S06625,100.0,1,0.0,0.0,5,82.16,11.13,6.71,NORMAL
S06626,100.0,1,0.0,0.0,3,68.38,6.09,25.53,LOOKING_RIGHT
S06627,100.0,1,0.0,0.0,2,22.26,33.62,44.12,LOOKING_RIGHT
S06628,100.0,4,0.0,26.14,4,81.16,12.1,6.74,MULTIPLE_FACES
S06629,78.81,2,7.48,21.77,5,73.96,6.58,19.46,MULTIPLE_FACES
S06630,99.71,1,1.59,0.0,4,19.54,51.66,28.8,LOOKING_LEFT
S06631,100.0,1,0.0,0.0,10,19.75,19.1,61.15,LOOKING_AWAY
S06632,99.97,2,0.23,0.81,3,71.84,16.67,11.49,MULTIPLE_FACES
S06633,99.33,1,9.17,0.0,1,68.61,2.42,28.97,NORMAL
S06634,99.79,1,1.68,0.0,4,63.63,8.99,27.38,LOOKING_RIGHT
S06635,100.0,1,0.0,0.0,3,52.82,25.09,22.09,LOOKING_LEFT
S06636,99.06,2,11.24,387.71,6,55.6,11.45,32.95,MULTIPLE_FACES
S06637,99.33,1,5.71,0.0,4,80.14,5.74,14.12,NORMAL
S06638,100.0,1,0.0,0.0,8,36.84,8.48,54.68,LOOKING_RIGHT
S06639,99.39,2,7.67,2.22,6,72.9,8.35,18.75,MULTIPLE_FACES
S06640,99.95,1,0.07,0.0,3,89.6,4.71,5.69,NORMAL
S06641,99.74,1,1.79,0.0,1,28.9,3.26,67.84,LOOKING_RIGHT
S06642,100.0,1,0.0,0.0,1,20.68,15.77,63.55,LOOKING_RIGHT
S06643,99.72,1,2.45,0.0,10,61.15,28.44,10.41,NORMAL
S06644,98.2,1,22.35,0.0,1,3.89,50.16,45.95,LOOKING_LEFT
S06645,89.57,1,27.66,0.0,4,75.53,12.5,11.97,NO_FACE
S06646,0.0,0,1231.83,0.0,0,100.0,0.0,0.0,NO_FACE
S06647,99.31,1,5.46,0.0,4,35.99,6.54,57.47,LOOKING_RIGHT
S06648,49.41,1,173.56,0.0,2,87.67,0.26,12.07,NO_FACE
S06649,0.0,0,1031.51,0.0,0,100.0,0.0,0.0,NO_FACE
S06650,100.0,1,0.0,0.0,3,74.38,5.39,20.23,NORMAL
S06651,100.0,1,0.0,0.0,5,74.33,15.19,10.48,NORMAL
S06652,100.0,1,0.0,0.0,3,80.61,4.39,15.0,NORMAL
S06653,100.0,1,0.0,0.0,7,13.21,66.37,20.42,LOOKING_LEFT
S06654,100.0,1,0.0,0.0,4,64.71,34.61,0.68,NORMAL
S06655,75.22,1,16.41,0.0,1,73.37,8.94,17.69,NO_FACE
S06656,99.93,1,0.3,0.0,4,54.32,42.72,2.96,LOOKING_LEFT
S06657,100.0,1,0.0,0.0,3,75.83,17.01,7.16,NORMAL
S06658,6.48,1,1096.8,0.0,0,65.47,17.56,16.97,NO_FACE
S06659,99.86,1,1.21,0.0,2,91.12,5.82,3.06,NORMAL
S06660,99.87,1,0.77,0.0,7,56.7,9.78,33.52,LOOKING_RIGHT
S06661,64.5,2,108.64,0.62,0,87.15,8.82,4.03,NO_FACE
S06662,99.78,1,2.89,0.0,3,67.49,21.06,11.45,NORMAL
S06663,99.96,1,0.21,0.0,4,24.18,73.46,2.36,LOOKING_LEFT
S06664,100.0,1,0.0,0.0,4,76.71,10.34,12.95,NORMAL
S06665,97.04,1,5.16,0.0,10,20.14,65.47,14.39,LOOKING_AWAY
S06666,89.27,1,12.55,0.0,1,78.68,9.27,12.05,NORMAL
S06667,100.0,1,0.0,0.0,10,47.8,7.32,44.88,LOOKING_RIGHT
S06668,80.13,1,50.36,0.0,4,84.29,6.71,9.0,NO_FACE
S06669,99.85,1,1.37,0.0,10,19.38,17.85,62.77,LOOKING_AWAY
S06670,99.88,1,0.5,0.0,3,46.1,43.78,10.12,LOOKING_LEFT
S06671,100.0,1,0.0,0.0,3,66.75,8.08,25.17,NORMAL
S06672,98.78,1,14.09,0.0,5,85.0,11.47,3.53,NORMAL
S06673,99.91,1,0.69,0.0,5,53.06,0.4,46.54,LOOKING_RIGHT
S06674,100.0,1,0.0,0.0,7,26.35,27.5,46.15,LOOKING_AWAY
S06675,99.93,1,0.61,0.0,4,75.91,2.09,22.0,LOOKING_RIGHT
S06676,99.81,1,1.33,0.0,5,41.05,14.09,44.86,LOOKING_RIGHT
S06677,100.0,1,0.0,0.0,3,58.36,27.69,13.95,LOOKING_LEFT
S06678,99.55,2,1.16,36.73,4,55.84,31.33,12.83,MULTIPLE_FACES
S06679,100.0,1,0.0,0.0,0,74.92,18.32,6.76,NORMAL
S06680,99.65,1,1.23,0.0,4,70.96,27.89,1.15,NORMAL
S06681,100.0,2,0.0,302.2,3,65.51,0.91,33.58,MULTIPLE_FACES
S06682,98.54,1,15.28,0.0,5,4.4,12.98,82.62,LOOKING_RIGHT
S06683,99.55,1,0.69,0.0,3,72.17,5.52,22.31,NORMAL
S06684,98.59,1,4.31,0.0,8,47.93,11.99,40.08,LOOKING_RIGHT
S06685,99.89,1,1.18,0.0,2,57.3,24.6,18.1,NORMAL
S06686,100.0,1,0.0,0.0,16,22.53,4.98,72.49,LOOKING_AWAY
S06687,98.34,1,16.74,0.0,0,92.61,1.12,6.27,NORMAL
S06688,100.0,1,0.0,0.0,12,29.43,47.8,22.77,LOOKING_AWAY
S06689,98.96,1,8.57,0.0,5,59.77,15.44,24.79,NORMAL
S06690,99.83,1,0.75,0.0,3,82.4,4.07,13.53,NORMAL
S06691,99.94,1,0.85,0.0,3,70.77,12.51,16.72,NORMAL
S06692,99.61,1,1.21,0.0,1,85.1,11.19,3.71,NORMAL
S06693,99.92,2,0.91,128.93,3,74.69,18.11,7.2,MULTIPLE_FACES
S06694,100.0,1,0.0,0.0,2,88.31,5.45,6.24,NORMAL
S06695,99.45,1,6.55,0.0,3,41.8,23.79,34.41,LOOKING_RIGHT
S06696,99.93,1,0.34,0.0,5,40.9,45.91,13.19,LOOKING_LEFT
S06697,100.0,3,0.0,144.7,3,81.19,5.23,13.58,MULTIPLE_FACES
S06698,88.56,1,49.8,0.0,3,42.62,32.68,24.7,NO_FACE
S06699,100.0,1,0.0,0.0,2,75.34,16.16,8.5,NORMAL
S06700,99.98,1,0.07,0.0,4,15.79,24.49,59.72,LOOKING_RIGHT
S06701,99.73,1,2.78,0.0,5,31.11,65.83,3.06,LOOKING_LEFT
S06702,100.0,1,0.0,0.0,2,78.0,18.45,3.55,NORMAL
S06703,100.0,1,0.0,0.0,6,62.78,19.96,17.26,NORMAL
S06704,100.0,3,0.0,61.26,8,61.3,4.71,33.99,MULTIPLE_FACES
S06705,100.0,1,0.0,0.0,3,19.97,11.32,68.71,LOOKING_RIGHT
S06706,99.51,1,1.26,0.0,10,2.0,38.8,59.2,LOOKING_AWAY
S06707,0.0,0,945.54,0.0,0,100.0,0.0,0.0,NO_FACE
S06708,100.0,1,0.0,0.0,7,64.74,14.08,21.18,NORMAL
S06709,100.0,1,0.0,0.0,5,31.79,12.89,55.32,LOOKING_RIGHT
S06710,32.57,1,186.46,0.0,2,77.3,14.62,8.08,NO_FACE
S06711,0.0,0,911.51,0.0,0,100.0,0.0,0.0,NO_FACE
S06712,100.0,3,0.0,1.27,1,65.84,16.87,17.29,MULTIPLE_FACES
S06713,100.0,1,0.03,0.0,4,23.95,33.02,43.03,LOOKING_AWAY
S06714,47.2,1,524.67,0.0,0,87.16,6.47,6.37,NO_FACE
S06715,99.81,1,1.6,0.0,10,35.9,41.11,22.99,LOOKING_AWAY
S06716,99.8,1,0.97,0.0,9,19.96,73.99,6.05,LOOKING_LEFT
S06717,99.89,1,1.71,0.0,6,43.79,16.88,39.33,LOOKING_AWAY
S06718,100.0,1,0.0,0.0,7,9.82,55.95,34.23,LOOKING_AWAY
S06719,97.4,2,15.69,193.79,2,75.02,10.04,14.94,MULTIPLE_FACES
S06720,97.94,2,19.85,314.13,8,34.0,34.73,31.27,MULTIPLE_FACES
S06721,99.95,1,0.51,0.0,1,84.83,6.02,9.15,NORMAL
S06722,99.72,1,0.36,0.0,1,48.69,1.17,50.14,NORMAL
S06723,99.42,1,1.83,0.0,5,41.22,0.96,57.82,LOOKING_RIGHT
S06724,99.76,1,2.51,0.0,3,16.93,44.78,38.29,LOOKING_LEFT
S06725,99.78,1,1.09,0.0,2,56.17,28.16,15.67,NORMAL
S06726,100.0,1,0.0,0.0,1,60.11,17.89,22.0,LOOKING_RIGHT
S06727,14.64,1,54.34,0.0,4,30.29,25.2,44.51,NO_FACE
S06728,100.0,1,0.0,0.0,2,81.56,13.5,4.94,NORMAL
S06729,99.99,1,0.05,0.0,8,18.3,66.52,15.18,LOOKING_AWAY
S06730,99.53,1,2.89,0.0,11,13.75,54.41,31.84,LOOKING_AWAY
S06731,100.0,1,0.0,0.0,1,91.64,1.46,6.9,NORMAL
S06732,100.0,1,0.0,0.0,1,88.66,3.15,8.19,NORMAL
S06733,100.0,1,0.0,0.0,2,29.73,58.24,12.03,LOOKING_LEFT
S06734,100.0,2,0.0,189.57,9,48.97,43.94,7.09,MULTIPLE_FACES
S06735,99.9,1,0.1,0.0,4,39.3,26.81,33.89,LOOKING_AWAY
S06736,100.0,2,0.0,20.53,4,82.46,8.57,8.97,MULTIPLE_FACES
S06737,99.98,1,0.13,0.0,1,72.54,5.22,22.24,NORMAL
S06738,99.66,1,1.67,0.0,6,5.89,77.88,16.23,LOOKING_LEFT
S06739,99.6,1,2.23,0.0,5,25.02,15.06,59.92,LOOKING_RIGHT
S06740,99.97,1,0.2,0.0,0,92.37,2.23,5.4,NORMAL
S06741,100.0,1,0.0,0.0,4,52.89,13.65,33.46,LOOKING_AWAY
S06742,85.0,1,121.65,0.0,3,36.87,38.3,24.83,NO_FACE
S06743,100.0,1,0.0,0.0,1,94.88,1.35,3.77,NORMAL
S06744,100.0,1,0.0,0.0,4,34.97,36.25,28.78,LOOKING_LEFT
S06745,99.47,2,0.53,2.0,3,68.65,22.36,8.99,MULTIPLE_FACES
S06746,99.98,1,0.16,0.0,6,43.97,48.87,7.16,LOOKING_LEFT
S06747,99.95,1,0.29,0.0,4,66.0,13.09,20.91,NORMAL
S06748,99.96,2,0.29,328.67,5,60.04,8.2,31.76,MULTIPLE_FACES
S06749,98.53,1,4.39,0.0,3,30.66,47.49,21.85,LOOKING_LEFT
S06750,27.81,1,138.16,0.0,3,2.14,82.19,15.67,NO_FACE
S06751,100.0,1,0.0,0.0,4,79.07,11.17,9.76,NORMAL
S06752,85.38,1,84.97,0.0,3,81.56,8.07,10.37,NO_FACE
S06753,100.0,1,0.0,0.0,1,79.24,16.55,4.21,NORMAL
S06754,100.0,1,0.0,0.0,1,83.25,7.94,8.81,NORMAL
S06755,99.32,1,1.14,0.0,3,70.97,7.0,22.03,LOOKING_RIGHT
S06756,100.0,1,0.0,0.0,4,35.12,46.61,18.27,LOOKING_LEFT
S06757,99.52,1,1.56,0.0,4,85.33,6.12,8.55,NORMAL
S06758,99.64,1,2.88,0.0,9,11.74,20.93,67.33,LOOKING_AWAY
S06759,78.64,1,193.69,0.0,4,29.04,70.32,0.64,NO_FACE
S06760,100.0,1,0.0,0.0,5,63.04,15.19,21.77,NORMAL
S06761,33.62,1,156.78,0.0,5,41.11,16.72,42.17,NO_FACE
S06762,77.9,1,110.28,0.0,1,85.45,7.97,6.58,NO_FACE
S06763,99.44,1,0.68,0.0,1,90.9,4.92,4.18,NORMAL
S06764,99.87,1,0.99,0.0,5,24.72,73.1,2.18,LOOKING_LEFT
S06765,100.0,1,0.0,0.0,4,25.24,61.67,13.09,LOOKING_LEFT
S06766,100.0,1,0.04,0.0,4,19.02,23.08,57.9,LOOKING_RIGHT
S06767,99.79,1,2.43,0.0,5,63.97,22.1,13.93,NORMAL
S06768,41.51,1,153.75,0.0,2,79.15,19.1,1.75,NO_FACE
S06769,99.98,1,0.2,0.0,4,39.46,7.93,52.61,LOOKING_RIGHT
S06770,100.0,1,0.0,0.0,5,37.08,52.32,10.6,LOOKING_LEFT
S06771,99.14,2,2.3,0.72,6,64.22,24.34,11.44,MULTIPLE_FACES
S06772,70.72,1,7.12,0.0,1,76.88,18.67,4.45,NO_FACE
S06773,99.97,1,0.1,0.0,3,54.23,38.15,7.62,LOOKING_LEFT
S06774,100.0,1,0.0,0.0,5,30.33,42.41,27.26,LOOKING_AWAY
S06775,99.68,1,0.86,0.0,7,36.55,3.17,60.28,LOOKING_RIGHT
S06776,100.0,1,0.0,0.0,3,26.12,20.63,53.25,LOOKING_RIGHT
S06777,99.94,1,0.2,0.0,5,50.43,21.37,28.2,NORMAL
S06778,99.56,1,1.46,0.0,3,73.17,21.54,5.29,NORMAL
S06779,99.76,1,1.84,0.0,8,31.13,2.5,66.37,LOOKING_RIGHT
S06780,99.73,1,3.19,0.0,6,19.3,14.45,66.25,LOOKING_RIGHT
S06781,62.0,1,119.07,0.0,5,92.86,3.17,3.97,NO_FACE
S06782,71.46,1,172.92,0.0,4,83.86,6.24,9.9,NO_FACE
S06783,67.66,1,178.55,0.0,3,55.89,17.16,26.95,NO_FACE
S06784,99.78,3,0.46,36.12,4,54.11,21.05,24.84,MULTIPLE_FACES
S06785,95.09,1,9.23,0.0,10,28.02,51.42,20.56,LOOKING_AWAY
S06786,100.0,1,0.0,0.0,2,28.13,60.32,11.55,LOOKING_LEFT
S06787,99.58,1,0.4,0.0,5,23.95,10.37,65.68,LOOKING_RIGHT
S06788,92.72,1,19.0,0.0,2,73.42,18.25,8.33,NORMAL
S06789,76.56,1,6.87,0.0,4,53.76,42.89,3.35,NO_FACE
S06790,99.84,1,0.66,0.0,6,19.64,70.5,9.86,LOOKING_LEFT
S06791,65.34,1,175.19,0.0,1,94.47,3.19,2.34,NO_FACE
S06792,77.53,2,65.18,127.74,2,71.78,18.49,9.73,MULTIPLE_FACES
S06793,99.96,1,0.3,0.0,2,84.44,9.63,5.93,NORMAL
S06794,97.39,1,10.64,0.0,5,20.91,5.09,74.0,LOOKING_RIGHT
S06795,100.0,3,0.0,157.05,2,79.15,4.71,16.14,MULTIPLE_FACES
S06796,99.99,1,0.02,0.0,1,89.51,7.45,3.04,NORMAL
S06797,97.81,1,12.45,0.0,4,67.05,9.51,23.44,NORMAL
S06798,99.98,1,0.32,0.0,3,65.62,15.55,18.83,NORMAL
S06799,100.0,1,0.01,0.0,2,24.93,71.74,3.33,LOOKING_LEFT
S06800,100.0,1,0.0,0.0,4,30.04,13.06,56.9,LOOKING_RIGHT
S06801,97.52,1,18.91,0.0,3,81.49,11.46,7.05,NORMAL
S06802,65.12,1,255.77,0.0,2,78.78,15.63,5.59,NO_FACE
S06803,100.0,3,0.0,212.53,0,80.92,2.49,16.59,MULTIPLE_FACES
S06804,100.0,1,0.0,0.0,5,26.18,18.1,55.72,LOOKING_RIGHT
S06805,98.4,3,6.65,282.18,5,72.96,22.19,4.85,MULTIPLE_FACES
S06806,99.89,1,0.56,0.0,0,80.29,2.4,17.31,NORMAL
S06807,99.71,1,2.61,0.0,1,89.23,7.43,3.34,NORMAL
S06808,100.0,1,0.0,0.0,8,20.1,24.46,55.44,LOOKING_AWAY
S06809,100.0,1,0.0,0.0,6,75.71,21.12,3.17,NORMAL
S06810,73.24,1,235.07,0.0,7,43.22,38.46,18.32,NO_FACE
S06811,97.63,1,5.92,0.0,4,51.19,4.96,43.85,LOOKING_RIGHT
S06812,100.0,1,0.0,0.0,6,46.29,4.42,49.29,LOOKING_RIGHT
S06813,0.0,0,1572.43,0.0,0,100.0,0.0,0.0,NO_FACE
S06814,100.0,1,0.0,0.0,3,52.84,38.26,8.9,NORMAL
S06815,99.89,2,0.42,102.68,3,62.0,5.52,32.48,MULTIPLE_FACES
S06816,99.67,1,2.42,0.0,11,30.73,39.45,29.82,LOOKING_AWAY
S06817,100.0,1,0.0,0.0,3,35.85,13.78,50.37,LOOKING_RIGHT
S06818,43.62,1,356.22,0.0,4,71.11,7.03,21.86,NO_FACE
S06819,31.53,1,405.32,0.0,8,9.06,52.05,38.89,NO_FACE
S06820,100.0,1,0.0,0.0,5,10.51,24.14,65.35,LOOKING_RIGHT
S06821,99.79,1,0.32,0.0,3,53.17,45.13,1.7,LOOKING_LEFT
S06822,99.43,1,1.22,0.0,0,90.53,8.22,1.25,NORMAL
S06823,100.0,1,0.0,0.0,4,47.33,45.82,6.85,LOOKING_LEFT
S06824,99.74,1,2.77,0.0,10,20.11,35.65,44.24,LOOKING_RIGHT
S06825,98.87,1,13.1,0.0,4,84.94,12.07,2.99,NORMAL
S06826,100.0,1,0.0,0.0,4,48.39,7.42,44.19,LOOKING_RIGHT
S06827,99.84,1,0.95,0.0,12,23.3,20.67,56.03,LOOKING_AWAY
S06828,99.94,3,0.82,1.48,4,62.23,34.06,3.71,MULTIPLE_FACES
S06829,99.87,1,0.16,0.0,6,41.76,23.63,34.61,LOOKING_AWAY
S06830,100.0,2,0.0,153.32,4,79.1,14.96,5.94,MULTIPLE_FACES
S06831,99.99,2,0.08,48.67,3,64.51,13.5,21.99,MULTIPLE_FACES
S06832,99.88,1,0.49,0.0,4,75.69,21.16,3.15,NORMAL
S06833,99.79,2,0.91,69.12,3,83.85,13.29,2.86,MULTIPLE_FACES
S06834,99.57,1,2.38,0.0,8,51.64,31.28,17.08,LOOKING_AWAY
S06835,97.26,1,21.77,0.0,3,71.05,8.68,20.27,NORMAL
S06836,100.0,1,0.0,0.0,2,77.21,16.24,6.55,NORMAL
S06837,100.0,1,0.0,0.0,5,62.0,26.7,11.3,LOOKING_AWAY
S06838,99.66,1,0.4,0.0,3,62.0,16.81,21.19,LOOKING_AWAY
S06839,99.99,2,0.05,2.24,7,76.56,9.52,13.92,MULTIPLE_FACES
S06840,100.0,1,0.0,0.0,3,20.52,15.59,63.89,LOOKING_RIGHT
S06841,75.78,3,107.28,246.47,2,76.66,23.03,0.31,MULTIPLE_FACES
S06842,99.43,1,1.09,0.0,1,51.25,34.14,14.61,LOOKING_LEFT
S06843,100.0,1,0.0,0.0,12,37.43,13.64,48.93,LOOKING_AWAY
S06844,63.22,1,169.25,0.0,7,20.34,47.3,32.36,NO_FACE
S06845,100.0,1,0.0,0.0,8,42.72,32.29,24.99,LOOKING_AWAY
S06846,100.0,1,0.0,0.0,1,86.19,8.96,4.85,NORMAL
S06847,98.93,1,5.0,0.0,11,27.44,14.36,58.2,LOOKING_AWAY
S06848,100.0,1,0.0,0.0,2,70.88,21.05,8.07,NORMAL
S06849,78.76,1,83.86,0.0,4,47.48,31.03,21.49,NO_FACE
S06850,100.0,1,0.0,0.0,2,62.05,6.27,31.68,LOOKING_RIGHT
S06851,50.22,1,61.6,0.0,3,5.87,1.4,92.73,NO_FACE
S06852,99.82,1,0.45,0.0,0,49.19,5.84,44.97,LOOKING_RIGHT
S06853,100.0,1,0.0,0.0,4,29.41,14.03,56.56,LOOKING_RIGHT
S06854,99.94,1,0.88,0.0,12,34.73,37.23,28.04,LOOKING_AWAY
S06855,99.93,1,0.39,0.0,3,41.01,46.55,12.44,LOOKING_LEFT
S06856,0.0,0,653.16,0.0,0,100.0,0.0,0.0,NO_FACE
S06857,99.51,1,1.51,0.0,11,29.27,34.48,36.25,LOOKING_AWAY
S06858,97.24,2,21.25,251.38,4,84.09,4.74,11.17,MULTIPLE_FACES
S06859,100.0,1,0.0,0.0,4,81.8,16.13,2.07,NORMAL
S06860,72.84,3,246.0,107.49,3,63.27,1.53,35.2,MULTIPLE_FACES
S06861,99.69,1,4.44,0.0,4,60.93,27.37,11.7,NORMAL
S06862,100.0,1,0.0,0.0,1,75.56,12.99,11.45,NORMAL
S06863,99.83,1,0.55,0.0,6,64.13,17.96,17.91,NORMAL
S06864,99.96,1,0.35,0.0,1,90.81,2.56,6.63,NORMAL
S06865,98.43,1,17.46,0.0,7,48.39,25.55,26.06,NORMAL
S06866,99.92,1,0.69,0.0,4,19.53,16.63,63.84,LOOKING_RIGHT
S06867,99.97,1,0.21,0.0,6,48.5,15.78,35.72,LOOKING_RIGHT
S06868,98.7,3,19.83,80.41,3,84.54,9.83,5.63,MULTIPLE_FACES
S06869,100.0,1,0.0,0.0,4,34.47,42.02,23.51,LOOKING_LEFT
S06870,99.29,2,2.07,0.56,2,85.94,10.18,3.88,MULTIPLE_FACES
S06871,99.58,1,0.71,0.0,5,43.01,22.95,34.04,LOOKING_AWAY
S06872,43.72,1,447.52,0.0,0,93.16,3.91,2.93,NO_FACE
S06873,15.49,1,738.41,0.0,3,39.03,33.37,27.6,NO_FACE
S06874,100.0,1,0.0,0.0,2,92.48,6.52,1.0,NORMAL
S06875,100.0,1,0.0,0.0,3,35.66,2.49,61.85,LOOKING_RIGHT
S06876,99.8,1,1.51,0.0,11,17.53,21.8,60.67,LOOKING_AWAY
S06877,98.7,1,16.6,0.0,12,12.11,27.24,60.65,LOOKING_AWAY
S06878,100.0,1,0.0,0.0,3,40.9,6.47,52.63,LOOKING_RIGHT
S06879,99.7,1,2.73,0.0,0,84.56,13.69,1.75,NORMAL
S06880,99.96,1,0.41,0.0,3,82.41,11.44,6.15,NORMAL
S06881,100.0,2,0.0,0.43,2,29.18,56.0,14.82,LOOKING_LEFT
S06882,100.0,1,0.0,0.0,4,24.5,36.25,39.25,LOOKING_RIGHT
S06883,99.85,1,0.47,0.0,6,40.88,5.18,53.94,LOOKING_RIGHT
S06884,34.76,1,447.47,0.0,1,89.76,6.75,3.49,NO_FACE
S06885,99.61,1,0.56,0.0,17,35.02,17.49,47.49,LOOKING_AWAY
S06886,98.62,1,2.76,0.0,3,83.69,16.2,0.11,NORMAL
S06887,99.82,1,2.67,0.0,9,58.15,28.92,12.93,LOOKING_AWAY
S06888,100.0,1,0.0,0.0,3,35.46,12.15,52.39,LOOKING_RIGHT
S06889,100.0,1,0.0,0.0,10,2.0,56.63,41.37,LOOKING_AWAY
S06890,99.66,1,1.52,0.0,10,15.21,39.57,45.22,LOOKING_AWAY
S06891,99.93,1,0.6,0.0,5,60.18,34.09,5.73,LOOKING_LEFT
S06892,100.0,1,0.0,0.0,20,19.2,30.67,50.13,LOOKING_AWAY
S06893,99.89,1,1.31,0.0,15,2.0,14.49,83.51,LOOKING_AWAY
S06894,100.0,1,0.0,0.0,5,20.68,68.54,10.78,LOOKING_LEFT
S06895,54.62,1,398.69,0.0,1,88.18,5.74,6.08,NO_FACE
S06896,97.64,1,10.48,0.0,6,39.58,42.22,18.2,LOOKING_AWAY
S06897,93.41,2,13.61,100.13,3,81.53,8.98,9.49,MULTIPLE_FACES
S06898,100.0,1,0.0,0.0,0,83.86,3.84,12.3,NORMAL
S06899,100.0,2,0.0,75.71,5,61.02,25.78,13.2,MULTIPLE_FACES
S06900,100.0,3,0.0,473.83,4,73.73,11.78,14.49,MULTIPLE_FACES
S06901,85.14,1,15.41,0.0,3,73.7,2.25,24.05,NO_FACE
S06902,99.34,1,1.44,0.0,4,43.89,21.69,34.42,LOOKING_RIGHT
S06903,99.97,1,0.48,0.0,5,25.38,66.32,8.3,LOOKING_LEFT
S06904,100.0,1,0.0,0.0,8,26.66,62.82,10.52,LOOKING_LEFT
S06905,77.01,1,138.13,0.0,0,76.02,5.68,18.3,NO_FACE
S06906,100.0,1,0.0,0.0,9,0.0,80.97,19.03,LOOKING_LEFT
S06907,0.0,0,1122.54,0.0,0,100.0,0.0,0.0,NO_FACE
S06908,100.0,1,0.0,0.0,4,28.01,19.51,52.48,LOOKING_RIGHT
S06909,100.0,1,0.0,0.0,2,43.04,2.08,54.88,LOOKING_RIGHT
S06910,99.07,1,10.87,0.0,2,34.31,23.03,42.66,LOOKING_RIGHT
S06911,99.86,1,1.4,0.0,9,19.93,46.58,33.49,LOOKING_AWAY
S06912,100.0,1,0.0,0.0,6,32.08,33.14,34.78,LOOKING_AWAY
S06913,99.79,1,2.18,0.0,2,20.36,23.18,56.46,LOOKING_RIGHT
S06914,99.6,2,3.28,181.35,5,54.63,33.62,11.75,MULTIPLE_FACES
S06915,71.4,1,119.49,0.0,0,79.36,4.54,16.1,NO_FACE
S06916,99.81,1,1.34,0.0,5,70.57,11.58,17.85,NORMAL
S06917,60.41,1,137.14,0.0,4,82.81,7.58,9.61,NO_FACE
S06918,100.0,1,0.0,0.0,4,32.17,59.2,8.63,LOOKING_AWAY
S06919,100.0,4,0.0,30.26,3,66.18,1.36,32.46,MULTIPLE_FACES
S06920,56.71,1,136.73,0.0,4,65.48,29.55,4.97,NO_FACE
S06921,99.31,1,2.91,0.0,15,31.87,37.17,30.96,LOOKING_AWAY
S06922,99.84,1,1.48,0.0,1,91.59,3.34,5.07,NORMAL
S06923,100.0,1,0.0,0.0,3,88.3,7.91,3.79,NORMAL
S06924,100.0,2,0.0,226.72,5,57.29,15.75,26.96,MULTIPLE_FACES
S06925,99.86,1,0.91,0.0,8,12.53,21.0,66.47,LOOKING_RIGHT
S06926,99.47,1,2.06,0.0,2,43.99,51.61,4.4,LOOKING_LEFT
S06927,100.0,1,0.0,0.0,5,10.24,72.45,17.31,LOOKING_LEFT
S06928,100.0,1,0.0,0.0,12,10.54,28.06,61.4,LOOKING_AWAY
S06929,99.66,1,2.47,0.0,3,27.84,66.12,6.04,LOOKING_LEFT
S06930,74.68,2,41.58,0.53,2,91.57,2.61,5.82,NO_FACE
S06931,99.85,1,1.85,0.0,5,73.85,6.47,19.68,NORMAL
S06932,71.16,1,71.32,0.0,4,92.89,3.32,3.79,NO_FACE
S06933,99.96,1,0.09,0.0,13,38.55,59.27,2.18,LOOKING_AWAY
S06934,100.0,1,0.0,0.0,6,59.38,1.01,39.61,NORMAL
S06935,99.99,1,0.11,0.0,4,47.5,6.23,46.27,LOOKING_RIGHT
S06936,99.98,1,0.1,0.0,2,37.82,6.94,55.24,LOOKING_RIGHT
S06937,99.49,2,1.33,84.57,5,75.16,20.15,4.69,MULTIPLE_FACES
S06938,98.02,1,17.65,0.0,2,23.72,47.03,29.25,LOOKING_LEFT
S06939,100.0,1,0.0,0.0,9,23.6,28.44,47.96,LOOKING_AWAY
S06940,99.44,1,2.19,0.0,1,90.12,2.74,7.14,NORMAL
S06941,100.0,1,0.0,0.0,12,11.32,59.83,28.85,LOOKING_AWAY
S06942,99.95,1,0.26,0.0,2,72.85,2.56,24.59,NORMAL
S06943,100.0,2,0.0,487.3,3,94.38,2.7,2.92,MULTIPLE_FACES
S06944,99.38,1,2.81,0.0,0,73.66,22.0,4.34,LOOKING_LEFT
S06945,100.0,1,0.0,0.0,12,36.48,7.72,55.8,LOOKING_AWAY
S06946,100.0,1,0.0,0.0,12,16.8,75.88,7.32,LOOKING_AWAY
S06947,99.85,1,2.03,0.0,0,76.28,4.35,19.37,NORMAL
S06948,100.0,1,0.0,0.0,2,54.89,17.69,27.42,LOOKING_RIGHT
S06949,100.0,1,0.0,0.0,9,27.54,27.81,44.65,LOOKING_RIGHT
S06950,100.0,1,0.0,0.0,1,37.98,29.51,32.51,LOOKING_RIGHT
S06951,99.67,1,1.6,0.0,5,31.34,8.45,60.21,LOOKING_RIGHT
S06952,100.0,2,0.0,304.55,6,68.1,12.46,19.44,MULTIPLE_FACES
S06953,100.0,1,0.05,0.0,5,10.24,37.39,52.37,LOOKING_AWAY
S06954,100.0,2,0.0,69.61,6,93.14,2.83,4.03,MULTIPLE_FACES
S06955,100.0,1,0.0,0.0,2,88.23,7.93,3.84,NORMAL
S06956,99.73,1,1.27,0.0,1,84.07,9.39,6.54,NORMAL
S06957,100.0,1,0.0,0.0,2,58.15,1.73,40.12,LOOKING_RIGHT
S06958,100.0,1,0.0,0.0,1,85.65,10.87,3.48,NORMAL
S06959,100.0,1,0.0,0.0,1,28.94,16.96,54.1,LOOKING_RIGHT
S06960,100.0,1,0.0,0.0,4,43.15,4.26,52.59,LOOKING_RIGHT
S06961,99.88,2,0.42,155.22,5,55.32,33.13,11.55,MULTIPLE_FACES
S06962,100.0,1,0.0,0.0,2,65.54,32.95,1.51,LOOKING_LEFT
S06963,99.87,1,0.57,0.0,7,49.77,48.42,1.81,LOOKING_LEFT
S06964,100.0,1,0.0,0.0,5,18.69,64.46,16.85,LOOKING_LEFT
S06965,99.84,1,1.58,0.0,5,43.72,50.35,5.93,LOOKING_AWAY
S06966,100.0,1,0.0,0.0,3,51.98,20.27,27.75,LOOKING_RIGHT
S06967,99.7,1,0.5,0.0,3,88.46,7.23,4.31,NORMAL
S06968,99.79,2,2.34,557.47,4,82.71,13.82,3.47,MULTIPLE_FACES
S06969,100.0,1,0.0,0.0,7,11.64,5.32,83.04,LOOKING_RIGHT
S06970,100.0,1,0.0,0.0,13,7.53,66.51,25.96,LOOKING_AWAY
S06971,99.98,2,0.23,453.56,2,88.63,8.71,2.66,MULTIPLE_FACES
S06972,17.7,1,496.79,0.0,5,70.29,10.11,19.6,NO_FACE
S06973,98.72,1,10.41,0.0,4,57.08,31.49,11.43,NORMAL
S06974,99.64,1,1.2,0.0,3,82.76,8.08,9.16,NORMAL
S06975,71.6,2,28.13,1.95,5,81.73,3.82,14.45,MULTIPLE_FACES
S06976,62.83,2,248.26,207.27,7,55.73,9.01,35.26,MULTIPLE_FACES
S06977,100.0,1,0.0,0.0,8,36.68,40.16,23.16,LOOKING_AWAY
S06978,99.4,1,5.07,0.0,3,20.5,56.91,22.59,LOOKING_LEFT
S06979,100.0,2,0.0,371.0,4,60.7,28.94,10.36,MULTIPLE_FACES
S06980,100.0,1,0.0,0.0,3,89.86,4.73,5.41,NORMAL
S06981,100.0,2,0.0,17.36,6,63.26,12.13,24.61,MULTIPLE_FACES
S06982,99.5,1,3.59,0.0,3,31.01,15.04,53.95,LOOKING_RIGHT
S06983,99.94,1,0.11,0.0,2,49.71,37.86,12.43,LOOKING_LEFT
S06984,100.0,1,0.0,0.0,1,73.64,18.78,7.58,NORMAL
S06985,0.0,0,1182.16,0.0,0,100.0,0.0,0.0,NO_FACE
S06986,28.14,1,267.93,0.0,2,56.04,22.05,21.91,NO_FACE
S06987,100.0,1,0.0,0.0,0,90.04,5.24,4.72,NORMAL
S06988,99.79,2,1.03,306.54,1,74.86,20.03,5.11,MULTIPLE_FACES
S06989,97.25,1,3.34,0.0,5,65.77,15.6,18.63,NORMAL
S06990,99.62,1,1.76,0.0,8,22.16,26.34,51.5,LOOKING_AWAY
S06991,99.95,3,0.37,282.77,1,92.42,2.46,5.12,MULTIPLE_FACES
S06992,13.24,1,175.8,0.0,1,65.98,5.23,28.79,NO_FACE
S06993,99.87,1,0.24,0.0,0,92.5,5.98,1.52,NORMAL
S06994,100.0,1,0.0,0.0,4,85.42,2.02,12.56,NORMAL
S06995,98.38,1,4.1,0.0,0,90.41,8.36,1.23,NORMAL
S06996,100.0,1,0.0,0.0,5,82.95,3.63,13.42,NORMAL
S06997,100.0,1,0.0,0.0,1,54.51,36.5,8.99,LOOKING_LEFT
S06998,13.59,1,692.26,0.0,0,86.13,7.2,6.67,NO_FACE
S06999,99.96,1,0.22,0.0,1,91.08,5.96,2.96,NORMAL
S07000,100.0,1,0.0,0.0,2,48.2,49.35,2.45,LOOKING_LEFT
S07001,99.93,1,0.29,0.0,5,29.68,65.27,5.05,LOOKING_LEFT
S07002,99.57,2,2.91,0.94,4,80.84,6.0,13.16,NORMAL
S07003,99.92,1,0.82,0.0,1,59.31,12.68,28.01,LOOKING_RIGHT
S07004,100.0,1,0.0,0.0,2,60.58,24.71,14.71,NORMAL
S07005,99.92,1,0.58,0.0,4,66.02,12.01,21.97,NORMAL
S07006,99.84,1,0.54,0.0,1,82.03,2.69,15.28,NORMAL
S07007,100.0,1,0.0,0.0,6,27.55,11.96,60.49,LOOKING_AWAY
S07008,69.6,2,63.57,130.26,9,49.42,18.8,31.78,MULTIPLE_FACES
S07009,11.22,1,103.85,0.0,2,85.51,11.34,3.15,NO_FACE
S07010,64.63,2,288.53,42.27,3,82.07,7.98,9.95,MULTIPLE_FACES
S07011,98.57,1,17.31,0.0,6,28.05,14.39,57.56,LOOKING_RIGHT
S07012,100.0,1,0.0,0.0,5,37.42,57.63,4.95,LOOKING_AWAY
S07013,99.97,1,0.24,0.0,5,22.81,74.72,2.47,LOOKING_LEFT
S07014,99.96,1,0.16,0.0,2,12.9,79.52,7.58,LOOKING_LEFT
S07015,100.0,1,0.0,0.0,0,53.03,21.35,25.62,LOOKING_RIGHT
S07016,99.61,1,5.55,0.0,8,17.65,16.61,65.74,LOOKING_AWAY
S07017,100.0,3,0.0,74.71,3,68.65,18.31,13.04,MULTIPLE_FACES
S07018,99.31,1,4.56,0.0,0,83.61,11.4,4.99,NORMAL
S07019,65.87,2,65.99,165.29,3,69.74,20.04,10.22,MULTIPLE_FACES
S07020,98.81,1,4.54,0.0,3,71.29,17.52,11.19,NORMAL
S07021,99.91,1,1.45,0.0,12,40.51,41.17,18.32,LOOKING_AWAY
S07022,99.86,1,1.1,0.0,1,47.23,41.47,11.3,LOOKING_LEFT
S07023,98.64,1,14.05,0.0,9,44.04,52.92,3.04,LOOKING_LEFT
S07024,19.18,1,302.36,0.0,1,60.09,2.13,37.78,NO_FACE
S07025,99.91,1,0.7,0.0,6,13.54,63.08,23.38,LOOKING_LEFT
S07026,99.88,1,1.25,0.0,1,93.69,5.22,1.09,NORMAL
S07027,99.6,1,1.35,0.0,5,57.87,16.49,25.64,NORMAL
S07028,100.0,1,0.0,0.0,2,84.46,8.82,6.72,NORMAL
S07029,99.94,3,0.38,46.15,3,77.62,10.21,12.17,MULTIPLE_FACES
S07030,27.68,1,650.2,0.0,2,81.09,5.84,13.07,NO_FACE
S07031,64.7,1,94.64,0.0,0,79.63,5.81,14.56,NO_FACE
S07032,100.0,1,0.0,0.0,2,79.5,1.73,18.77,NORMAL
S07033,100.0,2,0.0,9.34,2,65.75,16.66,17.59,MULTIPLE_FACES
S07034,100.0,1,0.0,0.0,8,78.58,14.95,6.47,NORMAL
S07035,100.0,1,0.0,0.0,2,63.46,3.69,32.85,LOOKING_RIGHT
S07036,100.0,2,0.0,525.77,1,90.05,4.3,5.65,MULTIPLE_FACES
S07037,99.56,1,2.75,0.0,9,31.31,42.96,25.73,LOOKING_AWAY
S07038,61.57,1,350.34,0.0,2,93.5,1.93,4.57,NO_FACE
S07039,100.0,1,0.0,0.0,4,34.98,2.82,62.2,LOOKING_RIGHT
S07040,100.0,1,0.0,0.0,10,17.59,41.51,40.9,LOOKING_AWAY
S07041,20.69,1,164.76,0.0,4,15.21,17.19,67.6,NO_FACE
S07042,97.99,1,5.77,0.0,6,63.7,23.54,12.76,NORMAL
S07043,100.0,1,0.0,0.0,6,40.06,46.2,13.74,LOOKING_AWAY
S07044,100.0,1,0.0,0.0,1,92.21,2.88,4.91,NORMAL
S07045,100.0,1,0.0,0.0,2,82.88,5.92,11.2,NORMAL
S07046,100.0,1,0.0,0.0,2,34.72,36.0,29.28,LOOKING_LEFT
S07047,100.0,1,0.0,0.0,3,88.74,7.37,3.89,NORMAL
S07048,99.36,2,3.2,1.9,10,15.12,41.36,43.52,LOOKING_AWAY
S07049,100.0,4,0.0,88.1,3,68.82,20.25,10.93,MULTIPLE_FACES
S07050,99.76,1,1.48,0.0,6,23.56,37.22,39.22,LOOKING_AWAY
S07051,99.13,3,1.86,0.88,5,61.79,13.28,24.93,MULTIPLE_FACES
S07052,100.0,1,0.0,0.0,3,86.55,12.22,1.23,NORMAL
S07053,99.61,1,4.17,0.0,8,22.49,46.38,31.13,LOOKING_AWAY
S07054,100.0,1,0.0,0.0,13,21.65,44.52,33.83,LOOKING_AWAY
S07055,100.0,1,0.03,0.0,5,24.26,36.37,39.37,LOOKING_RIGHT
S07056,99.91,1,0.61,0.0,1,82.19,9.59,8.22,NORMAL
S07057,80.26,1,63.02,0.0,1,83.27,15.77,0.96,NO_FACE
S07058,100.0,1,0.0,0.0,11,46.55,24.25,29.2,LOOKING_AWAY
S07059,99.8,2,2.11,155.59,7,55.65,28.41,15.94,MULTIPLE_FACES
S07060,77.39,1,111.76,0.0,2,82.78,15.73,1.49,NO_FACE
S07061,99.5,1,4.22,0.0,2,62.95,22.0,15.05,LOOKING_LEFT
S07062,100.0,2,0.0,1.39,2,85.95,2.74,11.31,MULTIPLE_FACES
S07063,100.0,1,0.0,0.0,9,42.38,53.19,4.43,LOOKING_LEFT
S07064,100.0,1,0.0,0.0,5,57.33,40.43,2.24,LOOKING_LEFT
S07065,100.0,1,0.0,0.0,5,53.28,30.93,15.79,LOOKING_AWAY
S07066,99.82,1,0.68,0.0,8,31.08,25.36,43.56,LOOKING_AWAY
S07067,100.0,1,0.0,0.0,2,79.93,14.88,5.19,NORMAL
S07068,98.76,1,14.16,0.0,1,52.49,6.0,41.51,LOOKING_RIGHT
S07069,97.66,1,13.18,0.0,8,73.01,16.14,10.85,NORMAL
S07070,100.0,1,0.0,0.0,0,95.1,2.9,2.0,NORMAL
S07071,100.0,1,0.0,0.0,4,75.12,1.45,23.43,NORMAL
S07072,98.97,1,4.21,0.0,4,56.64,15.27,28.09,LOOKING_RIGHT
S07073,100.0,1,0.0,0.0,4,27.06,41.25,31.69,LOOKING_AWAY
S07074,67.58,2,133.18,90.49,5,61.37,8.73,29.9,MULTIPLE_FACES
S07075,100.0,2,0.0,80.69,2,68.15,2.66,29.19,MULTIPLE_FACES
S07076,99.18,1,3.41,0.0,7,21.39,74.82,3.79,LOOKING_LEFT
S07077,100.0,1,0.0,0.0,8,37.31,61.45,1.24,LOOKING_LEFT
S07078,100.0,1,0.0,0.0,5,17.57,64.22,18.21,LOOKING_LEFT
S07079,89.92,1,0.85,0.0,5,2.94,22.44,74.62,NO_FACE
S07080,99.96,1,0.12,0.0,4,27.88,46.21,25.91,LOOKING_LEFT
S07081,99.73,1,1.39,0.0,1,63.9,21.21,14.89,NORMAL
S07082,99.56,1,1.12,0.0,5,71.9,1.98,26.12,LOOKING_RIGHT
S07083,100.0,1,0.0,0.0,1,31.54,20.02,48.44,LOOKING_RIGHT
S07084,27.48,1,60.38,0.0,4,51.15,35.56,13.29,NO_FACE
S07085,100.0,1,0.0,0.0,10,52.86,41.74,5.4,LOOKING_AWAY
S07086,86.43,1,7.9,0.0,2,70.71,8.11,21.18,NO_FACE
S07087,99.61,1,3.02,0.0,6,1.22,74.71,24.07,LOOKING_LEFT
S07088,99.92,1,0.61,0.0,7,30.94,43.07,25.99,LOOKING_AWAY
S07089,99.61,1,2.96,0.0,16,11.35,21.16,67.49,LOOKING_AWAY
S07090,100.0,1,0.0,0.0,2,79.58,11.93,8.49,NORMAL
S07091,100.0,2,0.0,1.28,13,14.26,42.94,42.8,LOOKING_AWAY
S07092,99.96,1,0.45,0.0,2,40.41,17.28,42.31,LOOKING_RIGHT
S07093,99.52,1,1.32,0.0,4,18.78,14.27,66.95,LOOKING_RIGHT
S07094,99.78,1,1.97,0.0,8,28.16,10.64,61.2,LOOKING_AWAY
S07095,100.0,3,0.0,1.18,9,44.25,34.67,21.08,MULTIPLE_FACES
S07096,99.24,2,3.28,36.8,3,85.68,11.79,2.53,MULTIPLE_FACES
S07097,98.89,1,15.68,0.0,11,30.09,47.96,21.95,LOOKING_LEFT
S07098,99.84,1,1.46,0.0,1,61.01,3.71,35.28,LOOKING_RIGHT
S07099,45.01,1,497.07,0.0,3,70.56,24.53,4.91,NO_FACE
S07100,100.0,1,0.0,0.0,1,87.96,8.52,3.52,NORMAL
S07101,100.0,2,0.0,130.61,1,75.44,18.67,5.89,MULTIPLE_FACES
S07102,100.0,1,0.0,0.0,3,71.26,21.38,7.36,NORMAL
S07103,99.99,2,0.12,76.68,5,89.72,3.64,6.64,MULTIPLE_FACES
S07104,100.0,1,0.0,0.0,4,51.37,5.01,43.62,LOOKING_RIGHT
S07105,99.79,1,2.18,0.0,4,45.02,4.64,50.34,LOOKING_RIGHT
S07106,99.57,1,3.48,0.0,5,11.02,16.87,72.11,LOOKING_RIGHT
S07107,100.0,1,0.0,0.0,9,25.77,16.75,57.48,LOOKING_AWAY
S07108,69.85,2,168.07,102.55,2,75.99,4.24,19.77,MULTIPLE_FACES
S07109,99.91,1,1.01,0.0,0,90.0,0.32,9.68,NORMAL
S07110,97.73,1,7.65,0.0,19,2.0,18.34,79.66,LOOKING_AWAY
S07111,100.0,1,0.0,0.0,10,19.26,60.15,20.59,LOOKING_AWAY
S07112,99.85,1,1.18,0.0,1,54.99,41.47,3.54,LOOKING_LEFT
S07113,100.0,1,0.0,0.0,12,19.09,16.93,63.98,LOOKING_AWAY
S07114,99.93,2,0.48,0.84,2,77.01,19.78,3.21,MULTIPLE_FACES
S07115,100.0,1,0.0,0.0,3,40.87,33.86,25.27,LOOKING_LEFT
S07116,100.0,1,0.0,0.0,5,75.27,20.34,4.39,NORMAL
S07117,100.0,1,0.0,0.0,7,60.34,25.69,13.97,NORMAL
S07118,100.0,1,0.0,0.0,1,92.54,6.78,0.68,NORMAL
S07119,100.0,1,0.0,0.0,1,83.89,10.19,5.92,NORMAL
S07120,100.0,1,0.0,0.0,9,2.0,65.84,32.16,LOOKING_AWAY
S07121,65.92,1,87.84,0.0,3,79.62,4.7,15.68,NO_FACE
S07122,99.19,1,13.39,0.0,4,47.34,29.41,23.25,LOOKING_LEFT
S07123,98.36,1,3.69,0.0,3,46.34,44.2,9.46,LOOKING_LEFT
S07124,96.41,1,18.26,0.0,3,32.64,65.01,2.35,LOOKING_LEFT
S07125,0.0,0,812.88,0.0,0,100.0,0.0,0.0,NO_FACE
S07126,100.0,1,0.0,0.0,0,39.39,34.3,26.31,LOOKING_LEFT
S07127,100.0,1,0.0,0.0,3,56.56,23.36,20.08,NORMAL
S07128,65.2,2,71.74,216.82,5,77.24,17.54,5.22,MULTIPLE_FACES
S07129,99.96,1,0.44,0.0,4,25.52,18.49,55.99,LOOKING_RIGHT
S07130,99.18,1,2.81,0.0,2,71.92,6.63,21.45,NORMAL
S07131,32.05,1,131.94,0.0,2,91.62,6.23,2.15,NO_FACE
S07132,99.75,1,0.68,0.0,6,26.85,63.29,9.86,LOOKING_LEFT
S07133,100.0,1,0.0,0.0,4,65.98,5.68,28.34,LOOKING_RIGHT
S07134,99.48,1,4.07,0.0,2,66.66,28.55,4.79,NORMAL
S07135,63.75,1,121.52,0.0,1,83.64,6.41,9.95,NO_FACE
S07136,100.0,1,0.0,0.0,7,6.02,34.62,59.36,LOOKING_AWAY
S07137,98.45,1,4.3,0.0,7,28.62,40.96,30.42,LOOKING_AWAY
S07138,100.0,1,0.0,0.0,6,47.44,52.11,0.45,LOOKING_LEFT
S07139,75.5,2,217.38,79.13,2,83.22,13.06,3.72,MULTIPLE_FACES
S07140,11.56,1,62.01,0.0,2,83.44,1.49,15.07,NO_FACE
S07141,99.9,1,0.2,0.0,6,78.2,16.61,5.19,NORMAL
S07142,100.0,1,0.0,0.0,1,66.93,29.12,3.95,NORMAL
S07143,99.56,1,2.93,0.0,2,30.11,27.02,42.87,LOOKING_RIGHT
S07144,99.83,1,1.19,0.0,6,80.84,4.51,14.65,NORMAL
S07145,0.0,0,1045.91,0.0,0,100.0,0.0,0.0,NO_FACE
S07146,100.0,1,0.0,0.0,13,36.96,30.36,32.68,LOOKING_AWAY
S07147,100.0,2,0.0,172.62,2,78.41,8.48,13.11,MULTIPLE_FACES
S07148,99.55,1,2.47,0.0,2,84.56,10.18,5.26,NORMAL
S07149,100.0,1,0.0,0.0,5,20.5,78.14,1.36,LOOKING_LEFT
S07150,99.83,1,1.54,0.0,10,50.93,31.11,17.96,LOOKING_AWAY
S07151,100.0,1,0.0,0.0,4,45.0,35.16,19.84,NORMAL
S07152,22.23,1,552.14,0.0,4,68.85,1.13,30.02,NO_FACE
S07153,99.48,2,2.59,1.0,0,78.76,5.69,15.55,NORMAL
S07154,98.31,1,6.38,0.0,2,35.42,41.67,22.91,LOOKING_LEFT
S07155,99.75,2,0.73,75.87,1,81.37,14.11,4.52,MULTIPLE_FACES
S07156,99.34,1,6.99,0.0,4,20.41,60.53,19.06,LOOKING_LEFT
S07157,90.89,1,12.94,0.0,3,56.38,23.31,20.31,LOOKING_LEFT
S07158,99.66,1,3.9,0.0,3,54.84,30.09,15.07,LOOKING_LEFT
S07159,100.0,1,0.0,0.0,3,44.34,41.91,13.75,LOOKING_LEFT
S07160,99.96,2,0.27,1.09,0,81.72,4.47,13.81,NORMAL
S07161,98.74,1,14.8,0.0,3,44.19,52.06,3.75,LOOKING_LEFT
S07162,100.0,1,0.0,0.0,3,80.55,4.29,15.16,NORMAL
S07163,99.8,1,0.68,0.0,2,85.45,9.61,4.94,NORMAL
S07164,99.96,1,0.58,0.0,5,74.9,22.19,2.91,NORMAL
S07165,99.82,1,1.07,0.0,11,25.29,22.46,52.25,LOOKING_AWAY
S07166,0.0,0,317.45,0.0,0,100.0,0.0,0.0,NO_FACE
S07167,100.0,1,0.0,0.0,8,29.93,53.92,16.15,LOOKING_AWAY
S07168,99.88,1,1.99,0.0,6,37.33,45.77,16.9,LOOKING_LEFT
S07169,100.0,1,0.0,0.0,2,33.35,20.84,45.81,LOOKING_RIGHT
S07170,100.0,1,0.0,0.0,9,45.43,6.67,47.9,LOOKING_AWAY
S07171,100.0,1,0.0,0.0,7,54.05,45.28,0.67,LOOKING_LEFT
S07172,54.02,1,66.4,0.0,3,67.96,3.15,28.89,NO_FACE
S07173,98.71,1,3.95,0.0,2,75.77,4.55,19.68,NORMAL
S07174,99.78,1,0.27,0.0,4,74.2,10.32,15.48,NORMAL
S07175,100.0,1,0.0,0.0,1,84.85,12.89,2.26,NORMAL
S07176,99.77,1,2.64,0.0,5,72.6,8.82,18.58,NORMAL
S07177,100.0,1,0.0,0.0,15,26.71,17.1,56.19,LOOKING_AWAY
S07178,100.0,3,0.0,2.84,2,52.78,15.81,31.41,MULTIPLE_FACES
S07179,100.0,1,0.0,0.0,0,89.98,5.58,4.44,NORMAL
S07180,100.0,1,0.0,0.0,2,0.0,77.74,22.26,LOOKING_LEFT
S07181,99.89,1,0.6,0.0,4,27.6,50.56,21.84,LOOKING_LEFT
S07182,27.03,1,62.82,0.0,3,92.5,6.69,0.81,NO_FACE
S07183,99.81,1,1.98,0.0,1,85.45,4.57,9.98,NORMAL
S07184,100.0,2,0.0,111.85,4,63.13,3.59,33.28,MULTIPLE_FACES
S07185,100.0,1,0.0,0.0,2,96.58,0.65,2.77,NORMAL
S07186,53.74,1,109.71,0.0,1,85.94,6.66,7.4,NO_FACE
S07187,98.25,1,11.28,0.0,3,60.74,13.3,25.96,LOOKING_RIGHT
S07188,100.0,1,0.0,0.0,2,40.58,35.8,23.62,LOOKING_LEFT
S07189,100.0,1,0.0,0.0,5,30.53,5.5,63.97,LOOKING_RIGHT
S07190,99.97,1,0.06,0.0,5,40.3,31.35,28.35,LOOKING_LEFT
S07191,100.0,1,0.0,0.0,2,92.93,3.27,3.8,NORMAL
S07192,36.92,1,314.5,0.0,0,66.96,25.19,7.85,NO_FACE
S07193,98.96,1,1.64,0.0,2,56.71,14.5,28.79,NORMAL
S07194,99.83,1,0.67,0.0,3,32.31,27.9,39.79,LOOKING_RIGHT
S07195,99.13,1,7.5,0.0,4,28.57,35.06,36.37,LOOKING_AWAY
S07196,96.59,1,11.48,0.0,4,59.21,2.2,38.59,LOOKING_RIGHT
S07197,100.0,1,0.0,0.0,12,13.64,60.92,25.44,LOOKING_AWAY
S07198,100.0,2,0.0,179.71,0,69.78,4.57,25.65,MULTIPLE_FACES
S07199,99.76,1,2.96,0.0,4,42.52,48.52,8.96,LOOKING_LEFT
S07200,100.0,2,0.0,2.94,2,77.81,9.67,12.52,MULTIPLE_FACES
S07201,99.98,1,0.16,0.0,16,10.58,64.29,25.13,LOOKING_AWAY
S07202,100.0,1,0.0,0.0,5,72.48,10.74,16.78,NORMAL
S07203,100.0,1,0.0,0.0,0,90.52,6.82,2.66,NORMAL
S07204,99.24,1,1.91,0.0,11,15.85,21.6,62.55,LOOKING_AWAY
S07205,100.0,1,0.02,0.0,5,35.46,44.77,19.77,LOOKING_AWAY
S07206,99.7,1,0.78,0.0,7,22.35,50.26,27.39,LOOKING_AWAY
S07207,99.85,1,0.41,0.0,3,35.03,1.81,63.16,LOOKING_RIGHT
S07208,0.0,0,1696.48,0.0,0,100.0,0.0,0.0,NO_FACE
S07209,98.21,1,15.93,0.0,8,0.0,92.0,8.0,LOOKING_LEFT
S07210,48.06,1,189.22,0.0,4,58.06,20.39,21.55,NO_FACE
S07211,99.7,1,1.15,0.0,11,28.59,38.18,33.23,LOOKING_AWAY
S07212,100.0,1,0.0,0.0,2,64.64,6.18,29.18,NORMAL
S07213,100.0,1,0.0,0.0,5,70.84,18.4,10.76,NORMAL
S07214,70.64,3,106.01,86.1,2,86.12,7.87,6.01,MULTIPLE_FACES
S07215,100.0,1,0.0,0.0,0,79.68,10.19,10.13,NORMAL
S07216,99.44,1,6.08,0.0,12,22.35,23.24,54.41,LOOKING_AWAY
S07217,100.0,2,0.0,23.27,2,74.89,24.45,0.66,MULTIPLE_FACES
S07218,99.98,1,0.21,0.0,1,29.2,26.13,44.67,LOOKING_RIGHT
S07219,99.98,1,0.28,0.0,5,54.81,1.56,43.63,LOOKING_RIGHT
S07220,99.93,1,0.56,0.0,6,40.6,24.83,34.57,LOOKING_AWAY
S07221,95.86,1,22.02,0.0,15,11.09,49.04,39.87,LOOKING_AWAY
S07222,74.71,2,80.4,139.54,2,77.78,2.12,20.1,MULTIPLE_FACES
S07223,100.0,1,0.0,0.0,3,65.38,1.02,33.6,LOOKING_RIGHT
S07224,100.0,1,0.0,0.0,12,25.21,22.08,52.71,LOOKING_AWAY
S07225,100.0,1,0.0,0.0,5,49.06,45.19,5.75,LOOKING_LEFT
S07226,99.92,1,0.19,0.0,2,52.07,31.63,16.3,LOOKING_AWAY
S07227,99.93,1,0.36,0.0,13,27.11,37.24,35.65,LOOKING_AWAY
S07228,100.0,1,0.0,0.0,5,69.61,25.37,5.02,LOOKING_LEFT
S07229,28.47,1,325.81,0.0,4,83.79,8.6,7.61,NO_FACE
S07230,100.0,1,0.0,0.0,5,75.66,13.32,11.02,NORMAL
S07231,100.0,1,0.0,0.0,5,64.09,20.89,15.02,NORMAL
S07232,52.5,1,253.42,0.0,5,1.55,13.66,84.79,NO_FACE
S07233,100.0,1,0.0,0.0,3,3.7,57.99,38.31,LOOKING_LEFT
S07234,99.92,1,0.62,0.0,9,22.16,16.8,61.04,LOOKING_RIGHT
S07235,99.99,1,0.1,0.0,3,37.97,42.65,19.38,LOOKING_LEFT
S07236,28.36,1,471.34,0.0,3,84.21,3.74,12.05,NO_FACE
S07237,98.46,4,21.18,127.25,1,91.85,0.92,7.23,MULTIPLE_FACES
S07238,100.0,1,0.0,0.0,3,24.27,8.11,67.62,LOOKING_RIGHT
S07239,45.98,1,381.46,0.0,4,7.6,65.6,26.8,NO_FACE
S07240,100.0,1,0.0,0.0,9,8.81,38.34,52.85,LOOKING_AWAY
S07241,99.83,1,0.92,0.0,3,76.79,4.46,18.75,NORMAL
S07242,99.8,1,1.11,0.0,4,55.22,23.89,20.89,LOOKING_LEFT
S07243,99.63,1,2.25,0.0,6,0.0,19.12,80.88,LOOKING_RIGHT
S07244,13.05,1,82.4,0.0,4,78.93,12.87,8.2,NO_FACE
S07245,100.0,1,0.0,0.0,0,91.14,8.39,0.47,NORMAL
S07246,100.0,1,0.0,0.0,2,86.75,11.36,1.89,NORMAL
S07247,100.0,1,0.0,0.0,3,49.53,44.81,5.66,LOOKING_AWAY
S07248,100.0,1,0.0,0.0,6,45.08,22.84,32.08,NORMAL
S07249,99.83,2,0.47,0.51,7,18.52,5.6,75.88,LOOKING_RIGHT
S07250,99.83,1,1.88,0.0,4,60.81,34.27,4.92,NORMAL
S07251,100.0,1,0.0,0.0,5,42.72,9.34,47.94,LOOKING_RIGHT
S07252,99.63,2,1.15,97.67,5,67.13,9.47,23.4,MULTIPLE_FACES
S07253,100.0,1,0.0,0.0,2,91.1,8.35,0.55,NORMAL
S07254,14.3,1,449.76,0.0,7,61.62,25.81,12.57,NO_FACE
S07255,62.12,2,11.16,0.66,2,82.53,6.03,11.44,MULTIPLE_FACES
S07256,99.95,1,0.44,0.0,6,48.44,38.51,13.05,NORMAL
S07257,98.22,1,11.0,0.0,4,17.62,22.69,59.69,LOOKING_RIGHT
S07258,100.0,2,0.0,30.79,5,62.1,9.13,28.77,MULTIPLE_FACES
S07259,100.0,1,0.0,0.0,1,75.45,2.55,22.0,LOOKING_RIGHT
S07260,7.8,1,608.16,0.0,1,82.69,13.6,3.71,NO_FACE
S07261,99.95,1,0.24,0.0,2,57.06,25.98,16.96,LOOKING_LEFT
S07262,99.49,1,2.87,0.0,5,29.63,57.73,12.64,LOOKING_LEFT
S07263,99.03,1,6.35,0.0,3,34.68,34.16,31.16,LOOKING_LEFT
S07264,52.98,1,292.65,0.0,2,40.74,42.45,16.81,NO_FACE
S07265,73.67,1,315.95,0.0,2,57.82,20.48,21.7,NO_FACE
S07266,99.9,1,0.7,0.0,4,24.78,73.01,2.21,LOOKING_LEFT
S07267,100.0,1,0.0,0.0,5,62.5,30.35,7.15,NORMAL
S07268,97.66,1,7.76,0.0,4,38.92,55.46,5.62,LOOKING_LEFT
S07269,0.0,0,1295.68,0.0,0,100.0,0.0,0.0,NO_FACE
S07270,100.0,1,0.0,0.0,6,48.06,5.99,45.95,LOOKING_RIGHT
S07271,99.54,1,4.1,0.0,3,72.3,11.91,15.79,NORMAL
S07272,99.88,1,0.27,0.0,6,23.4,11.88,64.72,LOOKING_RIGHT
S07273,87.96,2,75.53,1.39,4,18.63,56.4,24.97,NO_FACE
S07274,100.0,1,0.0,0.0,4,80.39,14.39,5.22,NORMAL
S07275,99.3,1,4.48,0.0,7,23.32,53.91,22.77,LOOKING_LEFT
S07276,98.57,1,1.8,0.0,4,11.99,23.21,64.8,LOOKING_RIGHT
S07277,99.09,1,8.89,0.0,1,89.25,8.48,2.27,NORMAL
S07278,96.74,1,8.28,0.0,5,31.37,12.93,55.7,LOOKING_RIGHT
S07279,99.75,1,1.87,0.0,8,15.99,41.84,42.17,LOOKING_AWAY
S07280,42.58,1,62.07,0.0,4,49.21,4.02,46.77,NO_FACE
S07281,99.34,1,5.93,0.0,7,70.28,13.38,16.34,NORMAL
S07282,99.82,1,1.74,0.0,10,26.46,38.7,34.84,LOOKING_AWAY
S07283,99.01,1,9.19,0.0,5,47.02,47.3,5.68,LOOKING_LEFT
S07284,96.8,2,8.04,106.43,6,60.65,10.88,28.47,MULTIPLE_FACES
S07285,100.0,1,0.0,0.0,3,77.09,6.95,15.96,NORMAL
S07286,100.0,1,0.0,0.0,15,25.98,44.58,29.44,LOOKING_AWAY
S07287,100.0,2,0.0,0.3,2,59.65,18.35,22.0,LOOKING_RIGHT
S07288,98.94,1,3.21,0.0,1,86.84,9.89,3.27,NORMAL
S07289,0.0,0,330.73,0.0,0,100.0,0.0,0.0,NO_FACE
S07290,99.44,1,0.8,0.0,9,46.83,19.37,33.8,LOOKING_AWAY
S07291,100.0,2,0.0,73.28,9,56.86,12.61,30.53,MULTIPLE_FACES
S07292,70.9,1,167.47,0.0,2,84.59,0.54,14.87,NO_FACE
S07293,99.41,1,0.85,0.0,5,8.11,74.39,17.5,LOOKING_LEFT
S07294,89.34,1,27.82,0.0,5,52.75,31.47,15.78,NO_FACE
S07295,69.79,1,185.98,0.0,1,83.33,4.38,12.29,NO_FACE
S07296,99.96,2,0.27,301.06,4,91.11,2.12,6.77,MULTIPLE_FACES
S07297,100.0,1,0.0,0.0,8,28.19,26.73,45.08,LOOKING_AWAY
S07298,100.0,1,0.0,0.0,5,33.56,31.72,34.72,LOOKING_RIGHT
S07299,75.94,2,124.19,175.13,2,57.5,24.11,18.39,MULTIPLE_FACES
S07300,100.0,3,0.0,29.04,4,76.5,16.48,7.02,MULTIPLE_FACES
S07301,98.46,1,2.72,0.0,3,49.43,30.6,19.97,NORMAL
S07302,100.0,1,0.0,0.0,5,31.18,43.07,25.75,LOOKING_LEFT
S07303,100.0,2,0.0,33.68,6,66.93,21.57,11.5,MULTIPLE_FACES
S07304,79.04,4,153.09,237.24,0,85.6,7.75,6.65,MULTIPLE_FACES
S07305,99.91,1,1.23,0.0,1,62.08,29.92,8.0,LOOKING_LEFT
S07306,100.0,1,0.0,0.0,8,12.67,22.86,64.47,LOOKING_AWAY
S07307,99.4,1,4.18,0.0,5,45.0,37.1,17.9,NORMAL
S07308,100.0,1,0.0,0.0,2,84.54,9.21,6.25,NORMAL
S07309,100.0,3,0.0,300.37,3,80.85,5.51,13.64,MULTIPLE_FACES
S07310,98.71,1,6.24,0.0,5,69.22,7.09,23.69,LOOKING_RIGHT
S07311,15.04,1,146.3,0.0,6,48.99,18.9,32.11,NO_FACE
S07312,99.8,1,2.03,0.0,5,59.83,31.39,8.78,NORMAL
S07313,28.32,1,353.95,0.0,2,64.58,21.7,13.72,NO_FACE
S07314,97.98,1,12.26,0.0,3,44.54,43.88,11.58,LOOKING_LEFT
S07315,100.0,1,0.0,0.0,12,2.0,19.71,78.29,LOOKING_AWAY
S07316,99.38,3,3.7,231.62,3,87.89,7.25,4.86,MULTIPLE_FACES
S07317,100.0,3,0.04,144.43,2,87.54,4.06,8.4,MULTIPLE_FACES
S07318,99.99,1,0.07,0.0,13,30.43,39.18,30.39,LOOKING_AWAY
S07319,99.82,1,1.67,0.0,6,37.51,59.07,3.42,LOOKING_LEFT
S07320,100.0,2,0.0,400.04,2,91.0,8.57,0.43,MULTIPLE_FACES
S07321,99.9,1,0.53,0.0,2,77.91,1.13,20.96,NORMAL
S07322,99.98,1,0.16,0.0,6,46.16,39.67,14.17,LOOKING_LEFT
S07323,100.0,1,0.0,0.0,1,73.98,17.81,8.21,NORMAL
S07324,99.66,1,0.89,0.0,2,30.2,57.37,12.43,LOOKING_LEFT
S07325,99.9,1,0.88,0.0,8,26.25,24.77,48.98,LOOKING_AWAY
S07326,97.49,1,7.59,0.0,2,84.91,1.25,13.84,NORMAL
S07327,99.44,1,1.55,0.0,3,59.39,29.07,11.54,NORMAL
S07328,100.0,1,0.0,0.0,2,74.1,16.19,9.71,NORMAL
S07329,98.16,1,11.81,0.0,4,38.7,3.11,58.19,LOOKING_RIGHT
S07330,100.0,1,0.0,0.0,4,65.56,22.99,11.45,NORMAL
S07331,99.93,1,0.98,0.0,1,79.0,4.91,16.09,NORMAL
S07332,72.9,1,163.33,0.0,3,23.32,5.64,71.04,NO_FACE
S07333,99.66,1,1.19,0.0,15,31.78,24.07,44.15,LOOKING_AWAY
S07334,100.0,1,0.0,0.0,4,24.85,71.4,3.75,LOOKING_LEFT
S07335,99.67,1,1.14,0.0,8,45.67,9.33,45.0,LOOKING_RIGHT
S07336,97.26,4,10.82,120.9,1,93.53,3.42,3.05,MULTIPLE_FACES
S07337,100.0,1,0.0,0.0,4,31.96,49.63,18.41,LOOKING_AWAY
S07338,99.97,1,0.24,0.0,5,58.42,0.36,41.22,LOOKING_RIGHT
S07339,63.96,1,58.73,0.0,3,85.76,9.1,5.14,NO_FACE
S07340,100.0,1,0.0,0.0,7,30.05,57.06,12.89,LOOKING_AWAY
S07341,100.0,1,0.0,0.0,10,23.11,70.1,6.79,LOOKING_LEFT
S07342,78.19,1,97.25,0.0,2,72.68,13.19,14.13,NO_FACE
S07343,100.0,1,0.0,0.0,0,75.52,17.01,7.47,NORMAL
S07344,99.49,1,0.9,0.0,1,59.0,22.0,19.0,LOOKING_LEFT
S07345,48.47,1,158.94,0.0,1,27.83,65.48,6.69,NO_FACE
S07346,99.84,1,1.85,0.0,9,60.15,16.47,23.38,NORMAL
S07347,100.0,1,0.0,0.0,7,17.37,63.46,19.17,LOOKING_LEFT
S07348,99.78,1,1.2,0.0,2,59.46,6.43,34.11,LOOKING_RIGHT
S07349,43.36,1,261.22,0.0,5,63.31,28.92,7.77,NO_FACE
S07350,100.0,1,0.0,0.0,3,58.72,35.88,5.4,LOOKING_LEFT
S07351,100.0,1,0.0,0.0,3,39.38,52.56,8.06,LOOKING_LEFT
S07352,98.25,1,1.99,0.0,9,41.59,41.59,16.82,LOOKING_LEFT
S07353,65.01,2,120.5,124.51,1,93.36,5.44,1.2,MULTIPLE_FACES
S07354,99.28,1,4.43,0.0,4,35.43,13.33,51.24,LOOKING_RIGHT
S07355,99.98,1,0.12,0.0,6,49.21,29.04,21.75,NORMAL
S07356,99.7,1,0.71,0.0,4,44.59,42.2,13.21,LOOKING_LEFT
S07357,98.18,1,7.69,0.0,11,21.23,58.06,20.71,LOOKING_AWAY
S07358,99.93,2,0.29,337.22,3,83.18,1.25,15.57,MULTIPLE_FACES
S07359,100.0,1,0.0,0.0,3,73.65,3.5,22.85,NORMAL
S07360,98.94,1,10.31,0.0,6,29.23,56.94,13.83,LOOKING_LEFT
S07361,100.0,1,0.0,0.0,12,27.66,10.9,61.44,LOOKING_AWAY
S07362,100.0,2,0.0,204.55,5,67.73,7.91,24.36,MULTIPLE_FACES
S07363,0.0,0,598.92,0.0,0,100.0,0.0,0.0,NO_FACE
S07364,98.84,1,17.65,0.0,10,24.27,52.72,23.01,LOOKING_AWAY
S07365,100.0,1,0.0,0.0,4,61.04,31.96,7.0,NORMAL
S07366,98.63,1,5.07,0.0,2,82.99,6.93,10.08,NORMAL
S07367,99.45,1,6.34,0.0,0,88.22,8.09,3.69,NORMAL
S07368,100.0,2,0.0,336.4,5,51.7,38.4,9.9,MULTIPLE_FACES
S07369,100.0,1,0.0,0.0,3,63.05,2.59,34.36,LOOKING_RIGHT
S07370,99.89,4,1.55,0.88,2,86.81,5.69,7.5,MULTIPLE_FACES
S07371,100.0,1,0.0,0.0,5,73.27,7.19,19.54,NORMAL
S07372,100.0,2,0.0,380.17,2,83.83,3.59,12.58,MULTIPLE_FACES
S07373,99.97,1,0.25,0.0,13,50.21,33.84,15.95,LOOKING_AWAY
S07374,46.56,1,21.58,0.0,6,5.8,55.17,39.03,NO_FACE
S07375,99.97,1,0.16,0.0,6,0.0,13.31,86.69,LOOKING_RIGHT
S07376,99.55,1,3.68,0.0,8,44.55,10.22,45.23,LOOKING_AWAY
S07377,99.93,1,0.4,0.0,7,16.19,68.61,15.2,LOOKING_LEFT
S07378,7.6,1,141.86,0.0,1,91.67,2.52,5.81,NO_FACE
S07379,98.15,1,15.09,0.0,2,87.96,4.61,7.43,NORMAL
S07380,100.0,1,0.0,0.0,5,48.13,13.17,38.7,LOOKING_RIGHT
S07381,99.51,1,0.87,0.0,4,43.23,19.24,37.53,LOOKING_RIGHT
S07382,99.85,2,1.77,284.87,4,74.06,12.48,13.46,MULTIPLE_FACES
S07383,100.0,1,0.0,0.0,8,37.36,21.47,41.17,LOOKING_RIGHT
S07384,100.0,1,0.0,0.0,5,0.0,55.38,44.62,LOOKING_LEFT
S07385,100.0,1,0.0,0.0,3,59.45,25.14,15.41,NORMAL
S07386,12.85,2,229.64,0.62,3,25.75,55.47,18.78,NO_FACE
S07387,99.75,1,0.62,0.0,8,26.53,59.72,13.75,LOOKING_AWAY
S07388,98.25,1,11.31,0.0,3,38.41,51.75,9.84,LOOKING_LEFT
S07389,87.53,1,10.62,0.0,4,69.33,14.46,16.21,NO_FACE
S07390,78.31,1,135.9,0.0,1,63.43,22.33,14.24,NO_FACE
S07391,100.0,1,0.0,0.0,6,19.42,53.69,26.89,LOOKING_AWAY
S07392,100.0,1,0.0,0.0,1,80.72,8.25,11.03,NORMAL
S07393,100.0,2,0.0,129.17,6,65.75,18.15,16.1,MULTIPLE_FACES
S07394,100.0,1,0.0,0.0,6,27.55,59.26,13.19,LOOKING_AWAY
S07395,98.3,2,13.2,384.58,3,89.05,2.48,8.47,MULTIPLE_FACES
S07396,100.0,3,0.0,329.0,2,53.32,23.13,23.55,MULTIPLE_FACES
S07397,15.31,1,778.37,0.0,3,82.12,4.59,13.29,NO_FACE
S07398,100.0,1,0.0,0.0,2,58.58,39.34,2.08,LOOKING_LEFT
S07399,98.13,1,20.01,0.0,6,30.75,52.82,16.43,LOOKING_LEFT
S07400,99.62,1,0.98,0.0,6,65.89,18.19,15.92,NORMAL
S07401,99.48,1,1.1,0.0,3,71.76,1.75,26.49,LOOKING_RIGHT
S07402,99.27,1,2.78,0.0,9,45.7,41.69,12.61,LOOKING_LEFT
S07403,99.81,1,0.68,0.0,1,52.48,23.9,23.62,NORMAL
S07404,99.92,1,0.51,0.0,8,10.26,34.02,55.72,LOOKING_AWAY
S07405,100.0,2,0.0,42.81,4,65.18,17.14,17.68,MULTIPLE_FACES
S07406,99.8,1,0.12,0.0,5,37.65,15.34,47.01,LOOKING_AWAY
S07407,33.51,1,408.72,0.0,5,87.65,2.53,9.82,NO_FACE
S07408,100.0,1,0.0,0.0,9,37.01,49.63,13.36,LOOKING_AWAY
S07409,99.85,1,0.7,0.0,2,38.37,54.5,7.13,LOOKING_LEFT
S07410,87.5,1,14.42,0.0,2,16.15,35.98,47.87,LOOKING_RIGHT
S07411,99.75,1,2.07,0.0,5,15.78,43.61,40.61,LOOKING_LEFT
S07412,100.0,1,0.0,0.0,6,38.46,12.89,48.65,LOOKING_RIGHT
S07413,99.63,1,1.84,0.0,3,30.88,3.67,65.45,LOOKING_RIGHT
S07414,100.0,1,0.0,0.0,3,41.71,17.1,41.19,LOOKING_RIGHT
S07415,99.83,1,1.93,0.0,4,41.34,50.69,7.97,LOOKING_LEFT
S07416,100.0,1,0.0,0.0,6,39.3,5.26,55.44,LOOKING_RIGHT
S07417,100.0,1,0.0,0.0,10,36.45,22.01,41.54,LOOKING_AWAY
S07418,100.0,1,0.0,0.0,3,33.51,15.25,51.24,LOOKING_RIGHT
S07419,99.99,2,0.13,424.03,10,71.76,5.26,22.98,MULTIPLE_FACES
S07420,99.37,2,2.45,173.34,5,60.92,2.37,36.71,MULTIPLE_FACES
S07421,99.99,1,0.07,0.0,6,45.07,52.62,2.31,LOOKING_LEFT
S07422,100.0,1,0.0,0.0,1,78.17,11.1,10.73,NORMAL
S07423,99.95,1,0.29,0.0,4,84.9,13.17,1.93,NORMAL
S07424,99.73,1,2.63,0.0,2,84.88,2.71,12.41,NORMAL
S07425,99.92,1,0.5,0.0,6,17.78,12.9,69.32,LOOKING_RIGHT
S07426,100.0,1,0.0,0.0,3,92.74,4.98,2.28,NORMAL
S07427,47.86,1,429.66,0.0,8,15.09,44.46,40.45,NO_FACE
S07428,99.57,1,2.34,0.0,3,53.35,17.38,29.27,LOOKING_RIGHT
S07429,74.59,1,39.16,0.0,2,90.37,0.57,9.06,NO_FACE
S07430,99.97,2,0.16,44.82,2,72.64,17.53,9.83,MULTIPLE_FACES
S07431,99.78,2,0.25,0.29,5,49.99,11.39,38.62,LOOKING_RIGHT
S07432,97.56,1,8.73,0.0,4,73.24,12.5,14.26,NORMAL
S07433,99.9,3,0.63,344.99,2,87.81,1.46,10.73,MULTIPLE_FACES
S07434,100.0,2,0.0,366.01,3,77.63,15.51,6.86,MULTIPLE_FACES
S07435,100.0,1,0.0,0.0,6,28.81,48.31,22.88,LOOKING_LEFT
S07436,99.88,2,1.14,296.67,4,90.88,2.48,6.64,MULTIPLE_FACES
S07437,100.0,1,0.0,0.0,5,43.17,14.02,42.81,LOOKING_RIGHT
S07438,100.0,1,0.0,0.0,6,36.41,21.22,42.37,LOOKING_AWAY
S07439,15.27,2,42.66,1.46,5,76.58,6.45,16.97,NO_FACE
S07440,99.56,1,2.88,0.0,3,45.08,15.92,39.0,LOOKING_RIGHT
S07441,100.0,1,0.0,0.0,5,9.9,28.18,61.92,LOOKING_AWAY
S07442,99.59,1,1.52,0.0,9,34.81,52.57,12.62,LOOKING_AWAY
S07443,99.73,1,1.84,0.0,15,3.91,30.6,65.49,LOOKING_AWAY
S07444,100.0,1,0.0,0.0,3,57.78,32.81,9.41,LOOKING_LEFT
S07445,100.0,1,0.0,0.0,2,45.0,22.6,32.4,NORMAL
S07446,99.96,1,0.47,0.0,2,32.69,20.84,46.47,LOOKING_RIGHT
S07447,99.85,1,1.87,0.0,7,32.48,7.23,60.29,LOOKING_RIGHT
S07448,99.92,1,0.2,0.0,2,52.58,4.82,42.6,LOOKING_RIGHT
S07449,99.95,1,0.61,0.0,4,85.89,9.84,4.27,NORMAL
S07450,100.0,1,0.0,0.0,4,54.51,40.94,4.55,LOOKING_LEFT
S07451,99.39,1,3.81,0.0,8,20.08,14.86,65.06,LOOKING_AWAY
S07452,99.95,1,0.34,0.0,5,43.24,4.22,52.54,LOOKING_RIGHT
S07453,100.0,1,0.0,0.0,6,30.81,62.2,6.99,LOOKING_AWAY
S07454,99.99,1,0.06,0.0,4,19.5,20.41,60.09,LOOKING_RIGHT
S07455,98.13,1,13.67,0.0,5,53.59,37.48,8.93,LOOKING_LEFT
S07456,100.0,1,0.0,0.0,13,26.4,48.18,25.42,LOOKING_AWAY
S07457,100.0,1,0.0,0.0,1,80.17,10.16,9.67,NORMAL
S07458,100.0,1,0.0,0.0,3,81.58,0.75,17.67,NORMAL
S07459,54.67,1,292.08,0.0,3,19.16,42.19,38.65,NO_FACE
S07460,99.73,1,0.6,0.0,2,44.19,13.35,42.46,LOOKING_RIGHT
S07461,99.86,1,0.71,0.0,3,81.76,8.47,9.77,NORMAL
S07462,100.0,2,0.0,20.27,3,86.64,2.71,10.65,MULTIPLE_FACES
S07463,99.93,1,0.3,0.0,2,57.79,31.4,10.81,LOOKING_LEFT
S07464,100.0,1,0.0,0.0,6,74.12,12.98,12.9,NORMAL
S07465,99.16,1,12.98,0.0,8,24.87,17.54,57.59,LOOKING_AWAY
S07466,99.82,1,2.48,0.0,2,88.91,9.84,1.25,NORMAL
S07467,100.0,1,0.0,0.0,4,74.12,11.67,14.21,NORMAL
S07468,99.39,1,1.65,0.0,2,85.91,7.9,6.19,NORMAL
S07469,99.68,1,3.36,0.0,0,87.88,1.15,10.97,NORMAL
S07470,49.74,1,362.15,0.0,3,92.51,3.42,4.07,NO_FACE
S07471,100.0,1,0.0,0.0,1,25.58,10.13,64.29,LOOKING_RIGHT
S07472,99.64,1,1.3,0.0,1,76.39,20.3,3.31,NORMAL
S07473,100.0,1,0.0,0.0,3,69.14,19.02,11.84,NORMAL
S07474,96.18,1,15.91,0.0,7,0.0,8.0,92.0,LOOKING_RIGHT
S07475,100.0,1,0.0,0.0,3,37.04,18.05,44.91,LOOKING_RIGHT
S07476,100.0,1,0.0,0.0,1,73.72,21.02,5.26,NORMAL
S07477,100.0,1,0.0,0.0,5,66.25,14.51,19.24,NORMAL
S07478,100.0,2,0.0,552.35,2,62.88,17.05,20.07,MULTIPLE_FACES
S07479,100.0,1,0.0,0.0,1,72.0,17.18,10.82,NORMAL
S07480,100.0,1,0.0,0.0,7,12.68,65.65,21.67,LOOKING_AWAY
S07481,100.0,1,0.0,0.0,2,30.44,28.59,40.97,LOOKING_RIGHT
S07482,100.0,2,0.0,135.36,3,90.72,5.52,3.76,MULTIPLE_FACES
S07483,100.0,1,0.0,0.0,4,79.59,8.28,12.13,NORMAL
S07484,100.0,1,0.0,0.0,0,88.78,0.73,10.49,NORMAL
S07485,100.0,1,0.0,0.0,10,21.63,50.88,27.49,LOOKING_AWAY
S07486,99.6,1,3.19,0.0,1,65.29,29.75,4.96,LOOKING_LEFT
S07487,66.15,2,37.44,1.35,3,53.6,19.58,26.82,MULTIPLE_FACES
S07488,99.48,2,1.27,63.09,9,57.88,19.87,22.25,MULTIPLE_FACES
S07489,99.79,1,2.57,0.0,3,33.11,49.6,17.29,LOOKING_LEFT
S07490,100.0,1,0.0,0.0,5,53.7,18.67,27.63,LOOKING_AWAY
S07491,99.97,1,0.16,0.0,5,64.99,13.01,22.0,LOOKING_RIGHT
S07492,99.98,1,0.26,0.0,2,56.41,10.32,33.27,LOOKING_RIGHT
S07493,99.53,1,2.55,0.0,3,71.76,6.24,22.0,LOOKING_RIGHT
S07494,100.0,1,0.0,0.0,14,13.7,65.5,20.8,LOOKING_AWAY
S07495,14.58,1,67.48,0.0,0,95.01,2.49,2.5,NO_FACE
S07496,100.0,1,0.0,0.0,1,86.97,3.11,9.92,NORMAL
S07497,74.78,1,46.48,0.0,2,64.19,16.69,19.12,NO_FACE
S07498,76.57,1,86.07,0.0,5,42.26,3.97,53.77,NO_FACE
S07499,100.0,1,0.0,0.0,9,48.12,50.14,1.74,LOOKING_AWAY
S07500,94.71,1,3.84,0.0,9,41.16,28.61,30.23,LOOKING_AWAY
S07501,100.0,1,0.0,0.0,4,46.73,2.73,50.54,LOOKING_RIGHT
S07502,100.0,1,0.0,0.0,2,31.99,28.31,39.7,LOOKING_RIGHT
S07503,100.0,1,0.0,0.0,2,63.71,8.1,28.19,LOOKING_RIGHT
S07504,98.88,1,12.16,0.0,4,21.19,71.94,6.87,LOOKING_LEFT
S07505,61.04,2,141.25,221.25,4,51.84,23.68,24.48,MULTIPLE_FACES
S07506,0.0,0,1396.61,0.0,0,100.0,0.0,0.0,NO_FACE
S07507,99.89,1,0.83,0.0,5,5.61,65.13,29.26,LOOKING_AWAY
S07508,100.0,1,0.0,0.0,8,26.24,16.0,57.76,LOOKING_AWAY
S07509,98.64,1,21.7,0.0,5,50.3,45.66,4.04,LOOKING_LEFT
S07510,100.0,1,0.0,0.0,7,25.03,11.62,63.35,LOOKING_RIGHT
S07511,100.0,1,0.0,0.0,11,29.52,21.26,49.22,LOOKING_AWAY
S07512,100.0,1,0.0,0.0,4,54.63,9.17,36.2,LOOKING_RIGHT
S07513,100.0,1,0.0,0.0,5,72.29,19.25,8.46,NORMAL
S07514,99.83,1,1.26,0.0,2,86.09,4.05,9.86,NORMAL
S07515,100.0,1,0.0,0.0,10,19.92,51.43,28.65,LOOKING_AWAY
S07516,100.0,1,0.0,0.0,12,51.55,36.15,12.3,LOOKING_AWAY
S07517,65.34,2,94.06,0.52,4,72.0,11.03,16.97,MULTIPLE_FACES
S07518,98.13,2,9.91,160.06,7,74.5,3.66,21.84,MULTIPLE_FACES
S07519,99.95,1,0.27,0.0,3,54.99,10.06,34.95,LOOKING_RIGHT
S07520,99.85,1,1.48,0.0,2,88.73,3.37,7.9,NORMAL
S07521,100.0,1,0.0,0.0,0,86.51,5.82,7.67,NORMAL
S07522,66.67,1,128.14,0.0,3,65.71,14.06,20.23,NO_FACE
S07523,100.0,1,0.0,0.0,2,36.27,37.07,26.66,LOOKING_LEFT
S07524,49.56,1,209.5,0.0,3,85.83,6.06,8.11,NO_FACE
S07525,99.83,1,1.31,0.0,2,89.94,4.43,5.63,NORMAL
S07526,10.57,1,1388.05,0.0,4,70.43,12.59,16.98,NO_FACE
S07527,77.7,1,218.82,0.0,2,68.7,13.14,18.16,NO_FACE
S07528,99.8,1,1.72,0.0,4,29.06,36.97,33.97,LOOKING_LEFT
S07529,99.98,1,0.04,0.0,7,34.04,41.75,24.21,LOOKING_LEFT
S07530,99.37,1,9.04,0.0,1,55.71,8.14,36.15,NORMAL
S07531,99.87,1,0.75,0.0,6,43.68,45.7,10.62,LOOKING_AWAY
S07532,99.11,1,5.36,0.0,5,0.0,80.22,19.78,LOOKING_LEFT
S07533,100.0,1,0.0,0.0,9,27.38,47.3,25.32,LOOKING_AWAY
S07534,100.0,1,0.0,0.0,1,36.71,47.66,15.63,LOOKING_LEFT
S07535,98.19,1,12.58,0.0,3,74.39,20.89,4.72,NORMAL
S07536,99.29,1,0.73,0.0,7,25.75,18.97,55.28,LOOKING_AWAY
S07537,99.35,1,0.93,0.0,7,45.34,53.68,0.98,LOOKING_LEFT
S07538,98.97,1,3.64,0.0,1,84.77,5.99,9.24,NORMAL
S07539,100.0,1,0.0,0.0,2,36.12,52.55,11.33,LOOKING_LEFT
S07540,100.0,1,0.0,0.0,4,67.13,29.79,3.08,NORMAL
S07541,73.14,1,10.84,0.0,0,89.21,6.13,4.66,NO_FACE
S07542,99.98,2,0.07,206.07,2,82.55,11.7,5.75,MULTIPLE_FACES
S07543,99.65,1,1.75,0.0,4,2.96,67.25,29.79,LOOKING_LEFT
S07544,99.75,1,3.37,0.0,9,20.72,60.61,18.67,LOOKING_AWAY
S07545,100.0,1,0.0,0.0,3,86.99,10.86,2.15,NORMAL
S07546,100.0,1,0.0,0.0,11,3.08,74.56,22.36,LOOKING_AWAY
S07547,100.0,1,0.0,0.0,3,67.38,29.43,3.19,LOOKING_LEFT
S07548,100.0,1,0.0,0.0,8,39.65,25.46,34.89,LOOKING_AWAY
S07549,99.73,1,0.42,0.0,5,76.28,2.75,20.97,NORMAL
S07550,87.5,1,14.03,0.0,1,87.98,2.32,9.7,NORMAL
S07551,99.87,2,0.16,7.11,4,61.26,30.35,8.39,MULTIPLE_FACES
S07552,99.34,1,1.07,0.0,5,40.99,45.9,13.11,LOOKING_LEFT
S07553,97.44,1,1.91,0.0,3,38.04,45.68,16.28,LOOKING_AWAY
S07554,99.73,1,2.34,0.0,1,87.69,1.73,10.58,NORMAL
S07555,96.77,1,8.83,0.0,3,38.64,3.1,58.26,LOOKING_RIGHT
S07556,99.44,1,3.57,0.0,9,61.73,21.34,16.93,NORMAL
S07557,100.0,2,0.0,273.15,1,87.43,2.42,10.15,MULTIPLE_FACES
S07558,99.76,1,0.22,0.0,2,88.49,1.02,10.49,NORMAL
S07559,99.86,1,0.62,0.0,7,37.07,51.27,11.66,LOOKING_AWAY
S07560,98.75,1,2.02,0.0,1,80.15,7.07,12.78,NORMAL
S07561,100.0,2,0.0,2.68,3,68.32,28.93,2.75,MULTIPLE_FACES
S07562,99.97,1,0.3,0.0,4,74.63,15.75,9.62,NORMAL
S07563,99.41,1,0.89,0.0,9,14.47,11.98,73.55,LOOKING_AWAY
S07564,99.82,1,2.52,0.0,1,79.12,11.52,9.36,NORMAL
S07565,76.57,1,112.48,0.0,1,77.63,12.44,9.93,NO_FACE
S07566,100.0,1,0.0,0.0,10,39.85,41.32,18.83,LOOKING_AWAY
S07567,100.0,1,0.02,0.0,3,77.39,19.8,2.81,NORMAL
S07568,99.56,1,1.9,0.0,9,14.83,32.4,52.77,LOOKING_AWAY
S07569,100.0,1,0.0,0.0,4,59.79,22.71,17.5,NORMAL
S07570,64.6,1,283.02,0.0,0,74.67,0.85,24.48,NO_FACE
S07571,99.84,1,1.72,0.0,0,92.56,2.14,5.3,NORMAL
S07572,99.97,1,0.29,0.0,3,74.76,22.53,2.71,LOOKING_LEFT
S07573,99.98,1,0.09,0.0,4,54.85,4.34,40.81,LOOKING_RIGHT
S07574,100.0,2,0.0,27.0,3,58.24,28.41,13.35,MULTIPLE_FACES
S07575,94.24,1,7.12,0.0,11,18.15,54.52,27.33,LOOKING_AWAY
S07576,100.0,1,0.0,0.0,4,62.09,30.4,7.51,NORMAL
S07577,100.0,1,0.0,0.0,7,5.73,17.97,76.3,LOOKING_RIGHT
S07578,99.52,1,1.38,0.0,0,94.51,1.8,3.69,NORMAL
S07579,8.16,1,95.77,0.0,1,78.11,12.09,9.8,NO_FACE
S07580,76.41,2,151.63,1.0,6,74.93,5.24,19.83,MULTIPLE_FACES
S07581,99.22,2,0.67,60.15,3,84.58,4.41,11.01,MULTIPLE_FACES
S07582,99.96,2,0.22,327.87,3,76.71,7.66,15.63,MULTIPLE_FACES
S07583,99.8,1,2.4,0.0,7,65.43,16.42,18.15,NORMAL
S07584,99.97,3,0.26,132.11,4,64.94,23.78,11.28,MULTIPLE_FACES
S07585,99.79,1,2.55,0.0,3,81.73,4.92,13.35,NORMAL
S07586,99.64,1,2.08,0.0,8,33.65,30.17,36.18,LOOKING_AWAY
S07587,73.0,3,19.37,56.82,1,86.88,4.77,8.35,MULTIPLE_FACES
S07588,100.0,1,0.0,0.0,6,27.89,69.25,2.86,LOOKING_LEFT
S07589,99.32,1,6.34,0.0,6,25.47,36.21,38.32,LOOKING_AWAY
S07590,53.0,1,145.09,0.0,7,62.37,21.87,15.76,NO_FACE
S07591,17.67,1,344.25,0.0,10,8.94,19.97,71.09,NO_FACE
S07592,16.94,1,844.29,0.0,3,71.56,10.25,18.19,NO_FACE
S07593,99.88,2,0.66,14.03,6,71.56,14.69,13.75,MULTIPLE_FACES
S07594,42.0,1,28.55,0.0,0,83.89,0.46,15.65,NO_FACE
S07595,99.84,1,1.78,0.0,2,26.17,57.95,15.88,LOOKING_LEFT
S07596,99.75,1,1.97,0.0,4,33.27,43.54,23.19,LOOKING_LEFT
S07597,99.91,1,0.66,0.0,4,67.82,4.55,27.63,LOOKING_RIGHT
S07598,99.9,1,0.86,0.0,6,13.58,58.65,27.77,LOOKING_AWAY
S07599,68.27,1,32.06,0.0,5,33.24,65.25,1.51,NO_FACE
S07600,20.61,1,512.77,0.0,9,8.45,50.74,40.81,NO_FACE
S07601,73.42,1,32.58,0.0,2,71.0,10.73,18.27,NO_FACE
S07602,36.69,1,466.06,0.0,1,62.95,27.09,9.96,NO_FACE
S07603,99.42,1,1.45,0.0,1,44.55,32.55,22.9,LOOKING_LEFT
S07604,99.88,2,0.75,416.54,4,85.08,1.43,13.49,MULTIPLE_FACES
S07605,100.0,1,0.0,0.0,5,37.55,59.25,3.2,LOOKING_LEFT
S07606,99.8,1,0.4,0.0,4,41.11,20.47,38.42,LOOKING_RIGHT
S07607,5.78,1,495.24,0.0,7,5.53,33.32,61.15,NO_FACE
S07608,97.91,1,10.28,0.0,13,27.11,10.53,62.36,LOOKING_AWAY
S07609,99.99,1,0.15,0.0,5,45.61,3.35,51.04,LOOKING_RIGHT
S07610,0.0,0,326.63,0.0,0,100.0,0.0,0.0,NO_FACE
S07611,13.82,1,65.74,0.0,2,80.7,8.52,10.78,NO_FACE
S07612,76.42,1,66.68,0.0,5,7.46,36.93,55.61,NO_FACE
S07613,99.89,1,0.86,0.0,4,24.88,18.66,56.46,LOOKING_RIGHT
S07614,99.94,1,0.18,0.0,3,66.25,0.57,33.18,LOOKING_RIGHT
S07615,99.59,2,3.82,224.4,1,82.28,2.88,14.84,MULTIPLE_FACES
S07616,99.62,1,6.16,0.0,2,77.66,5.23,17.11,NORMAL
S07617,100.0,2,0.0,306.95,6,53.18,12.74,34.08,MULTIPLE_FACES
S07618,100.0,1,0.0,0.0,8,34.71,52.53,12.76,LOOKING_AWAY
S07619,100.0,1,0.0,0.0,3,43.35,1.7,54.95,LOOKING_RIGHT
S07620,99.54,1,3.19,0.0,2,89.85,2.91,7.24,NORMAL
S07621,99.95,1,0.48,0.0,5,21.5,66.41,12.09,LOOKING_LEFT
S07622,99.47,1,1.27,0.0,1,81.86,9.93,8.21,NORMAL
S07623,99.26,2,11.71,506.66,12,34.0,17.86,48.14,MULTIPLE_FACES
S07624,99.95,1,0.1,0.0,3,81.17,14.91,3.92,NORMAL
S07625,96.34,1,8.02,0.0,3,22.3,37.35,40.35,LOOKING_RIGHT
S07626,97.64,1,12.49,0.0,7,42.26,19.41,38.33,LOOKING_AWAY
S07627,100.0,1,0.0,0.0,21,6.06,77.46,16.48,LOOKING_AWAY
S07628,100.0,1,0.0,0.0,2,36.17,19.05,44.78,LOOKING_RIGHT
S07629,99.91,1,0.97,0.0,5,78.31,13.47,8.22,NORMAL
S07630,99.83,1,0.26,0.0,0,84.46,11.4,4.14,NORMAL
S07631,100.0,1,0.0,0.0,5,23.6,59.41,16.99,LOOKING_LEFT
S07632,99.96,1,0.07,0.0,2,79.21,12.48,8.31,NORMAL
S07633,98.83,1,4.69,0.0,0,62.09,18.83,19.08,NORMAL
S07634,99.67,2,3.36,2.17,2,89.17,8.62,2.21,MULTIPLE_FACES
S07635,100.0,1,0.0,0.0,1,80.1,9.98,9.92,NORMAL
S07636,100.0,1,0.0,0.0,3,91.54,7.65,0.81,NORMAL
S07637,100.0,1,0.0,0.0,1,78.76,14.14,7.1,NORMAL
S07638,99.64,1,1.3,0.0,7,82.62,5.95,11.43,NORMAL
S07639,99.55,1,1.65,0.0,4,24.21,8.97,66.82,LOOKING_RIGHT
S07640,19.34,1,62.53,0.0,2,79.31,19.06,1.63,NO_FACE
S07641,100.0,1,0.0,0.0,4,14.57,0.57,84.86,LOOKING_RIGHT
S07642,99.67,2,2.97,76.16,5,78.03,14.33,7.64,MULTIPLE_FACES
S07643,98.94,1,15.34,0.0,0,78.99,2.65,18.36,NORMAL
S07644,99.22,1,4.67,0.0,1,72.02,3.34,24.64,LOOKING_RIGHT
S07645,0.0,0,1768.6,0.0,0,100.0,0.0,0.0,NO_FACE
S07646,99.96,1,0.51,0.0,8,50.92,1.37,47.71,LOOKING_RIGHT
S07647,100.0,2,0.0,1.52,1,33.41,21.14,45.45,LOOKING_RIGHT
S07648,100.0,1,0.0,0.0,6,49.28,2.91,47.81,LOOKING_RIGHT
S07649,89.66,1,91.98,0.0,4,82.43,10.14,7.43,NO_FACE
S07650,99.74,1,4.27,0.0,3,52.49,10.72,36.79,LOOKING_RIGHT
S07651,100.0,1,0.0,0.0,2,89.15,8.68,2.17,NORMAL
S07652,100.0,1,0.0,0.0,7,51.97,32.91,15.12,LOOKING_LEFT
S07653,100.0,1,0.0,0.0,1,84.67,6.33,9.0,NORMAL
S07654,100.0,1,0.0,0.0,0,53.83,13.69,32.48,LOOKING_RIGHT
S07655,34.67,1,612.51,0.0,4,75.79,5.5,18.71,NO_FACE
S07656,100.0,1,0.0,0.0,3,71.89,0.91,27.2,NORMAL
S07657,37.0,1,259.12,0.0,7,22.0,37.89,40.11,NO_FACE
S07658,98.4,1,20.62,0.0,2,68.89,4.28,26.83,NORMAL
S07659,100.0,1,0.0,0.0,2,58.9,25.11,15.99,LOOKING_LEFT
S07660,19.78,1,446.97,0.0,5,21.0,53.06,25.94,NO_FACE
S07661,61.95,1,217.86,0.0,3,94.09,3.04,2.87,NO_FACE
S07662,99.96,1,0.17,0.0,3,42.64,30.18,27.18,LOOKING_LEFT
S07663,98.57,2,5.91,42.6,1,89.54,5.72,4.74,MULTIPLE_FACES
S07664,100.0,1,0.0,0.0,4,67.63,15.99,16.38,NORMAL
S07665,99.99,1,0.05,0.0,3,46.66,1.63,51.71,LOOKING_RIGHT
S07666,0.0,0,654.47,0.0,0,100.0,0.0,0.0,NO_FACE
S07667,100.0,2,0.0,0.71,10,23.36,50.82,25.82,LOOKING_AWAY
S07668,100.0,1,0.0,0.0,5,21.69,58.48,19.83,LOOKING_LEFT
S07669,100.0,2,0.0,0.36,9,30.62,50.81,18.57,LOOKING_AWAY
S07670,100.0,1,0.0,0.0,2,31.18,65.89,2.93,LOOKING_LEFT
S07671,0.0,0,1520.68,0.0,0,100.0,0.0,0.0,NO_FACE
S07672,99.89,1,0.7,0.0,3,74.58,5.19,20.23,NORMAL
S07673,100.0,1,0.0,0.0,13,24.25,1.03,74.72,LOOKING_RIGHT
S07674,21.1,1,292.1,0.0,2,92.95,4.7,2.35,NO_FACE
S07675,99.43,1,1.35,0.0,1,68.37,6.17,25.46,LOOKING_RIGHT
S07676,63.17,2,21.63,25.39,4,74.88,16.68,8.44,MULTIPLE_FACES
S07677,100.0,1,0.0,0.0,2,74.26,15.7,10.04,NORMAL
S07678,99.74,1,1.81,0.0,10,24.57,64.69,10.74,LOOKING_AWAY
S07679,100.0,1,0.0,0.0,1,41.13,57.13,1.74,LOOKING_LEFT
S07680,99.84,1,1.01,0.0,9,42.9,27.46,29.64,LOOKING_AWAY
S07681,98.63,1,1.4,0.0,9,32.72,28.35,38.93,LOOKING_AWAY
S07682,100.0,1,0.0,0.0,1,88.71,5.39,5.9,NORMAL
S07683,100.0,1,0.0,0.0,8,24.89,3.84,71.27,LOOKING_RIGHT
S07684,98.24,1,13.74,0.0,1,76.18,21.09,2.73,NORMAL
S07685,100.0,1,0.0,0.0,6,17.45,54.43,28.12,LOOKING_LEFT
S07686,99.41,1,5.9,0.0,5,42.24,9.16,48.6,LOOKING_RIGHT
S07687,17.77,1,187.71,0.0,0,95.48,3.49,1.03,NO_FACE
S07688,99.6,1,2.55,0.0,0,45.76,16.32,37.92,LOOKING_RIGHT
S07689,100.0,1,0.0,0.0,3,90.1,5.66,4.24,NORMAL
S07690,99.97,1,0.24,0.0,4,30.53,58.41,11.06,LOOKING_LEFT
S07691,100.0,2,0.0,36.25,1,75.92,18.45,5.63,MULTIPLE_FACES
S07692,100.0,1,0.0,0.0,5,38.7,40.57,20.73,LOOKING_AWAY
S07693,100.0,1,0.0,0.0,6,16.85,21.73,61.42,LOOKING_RIGHT
S07694,99.5,1,3.43,0.0,4,17.46,67.33,15.21,LOOKING_AWAY
S07695,98.33,1,2.89,0.0,5,40.15,8.5,51.35,LOOKING_RIGHT
S07696,100.0,1,0.0,0.0,4,45.64,46.98,7.38,LOOKING_LEFT
S07697,100.0,1,0.0,0.0,4,20.94,65.38,13.68,LOOKING_LEFT
S07698,63.93,2,56.5,1.89,5,61.2,3.9,34.9,MULTIPLE_FACES
S07699,98.27,1,4.2,0.0,3,80.99,10.8,8.21,NORMAL
S07700,100.0,1,0.0,0.0,5,77.0,18.86,4.14,NORMAL
S07701,100.0,1,0.0,0.0,0,68.4,8.14,23.46,NORMAL
S07702,99.91,1,0.56,0.0,0,89.02,2.24,8.74,NORMAL
S07703,98.12,1,9.93,0.0,1,93.07,5.83,1.1,NORMAL
S07704,99.94,1,0.65,0.0,8,22.83,5.7,71.47,LOOKING_RIGHT
S07705,24.09,1,142.72,0.0,3,83.39,7.98,8.63,NO_FACE
S07706,100.0,1,0.0,0.0,3,71.37,5.91,22.72,NORMAL
S07707,99.88,1,0.42,0.0,5,71.76,11.88,16.36,NORMAL
S07708,99.48,1,3.83,0.0,4,77.89,15.84,6.27,NORMAL
S07709,51.38,1,39.08,0.0,1,82.11,11.06,6.83,NO_FACE
S07710,99.79,1,2.35,0.0,1,80.3,15.05,4.65,NORMAL
S07711,97.35,1,4.36,0.0,1,92.05,4.13,3.82,NORMAL
S07712,99.85,2,1.31,40.24,5,66.08,3.32,30.6,MULTIPLE_FACES
S07713,98.87,2,1.2,37.73,0,58.4,38.97,2.63,MULTIPLE_FACES
S07714,99.99,1,0.1,0.0,5,13.36,57.79,28.85,LOOKING_LEFT
S07715,99.22,2,4.9,70.5,5,77.72,21.93,0.35,MULTIPLE_FACES
S07716,99.51,1,2.55,0.0,2,81.99,7.83,10.18,NORMAL
S07717,64.39,1,193.7,0.0,2,70.68,29.18,0.14,NO_FACE
S07718,99.99,1,0.08,0.0,1,73.76,17.5,8.74,NORMAL
S07719,100.0,1,0.0,0.0,4,53.8,33.36,12.84,LOOKING_LEFT
S07720,100.0,3,0.0,1.29,3,72.84,2.27,24.89,MULTIPLE_FACES
S07721,99.61,2,2.5,173.03,5,65.6,25.05,9.35,MULTIPLE_FACES
S07722,99.81,1,1.94,0.0,6,25.49,70.14,4.37,LOOKING_LEFT
S07723,77.01,3,58.89,28.75,2,96.97,1.57,1.46,MULTIPLE_FACES
S07724,21.67,1,115.01,0.0,1,84.51,8.12,7.37,NO_FACE
S07725,75.16,1,138.97,0.0,2,95.2,1.65,3.15,NO_FACE
S07726,99.87,1,0.46,0.0,2,45.79,14.72,39.49,LOOKING_RIGHT
S07727,21.28,1,66.31,0.0,4,45.0,32.49,22.51,NO_FACE
S07728,97.33,1,17.31,0.0,1,61.68,31.81,6.51,NORMAL
S07729,100.0,1,0.0,0.0,7,47.72,13.2,39.08,LOOKING_AWAY
S07730,100.0,1,0.0,0.0,3,60.64,4.22,35.14,LOOKING_RIGHT
S07731,99.41,1,2.29,0.0,3,88.66,10.85,0.49,NORMAL
S07732,100.0,2,0.0,298.9,2,80.09,8.0,11.91,MULTIPLE_FACES
S07733,97.51,1,2.85,0.0,5,46.19,48.05,5.76,LOOKING_LEFT
S07734,99.26,1,0.92,0.0,14,36.65,44.02,19.33,LOOKING_AWAY
S07735,100.0,1,0.02,0.0,4,60.68,33.31,6.01,LOOKING_LEFT
S07736,100.0,2,0.0,2.58,5,48.04,5.82,46.14,MULTIPLE_FACES
S07737,99.22,1,1.17,0.0,1,84.74,0.9,14.36,NORMAL
S07738,100.0,1,0.0,0.0,2,45.4,48.03,6.57,LOOKING_LEFT
S07739,100.0,1,0.0,0.0,3,28.76,24.22,47.02,LOOKING_RIGHT
S07740,100.0,2,0.0,1.19,9,37.12,17.18,45.7,LOOKING_AWAY
S07741,99.51,1,2.16,0.0,4,40.1,53.63,6.27,LOOKING_LEFT
S07742,99.81,1,2.07,0.0,5,19.27,4.24,76.49,LOOKING_RIGHT
S07743,99.9,1,1.03,0.0,8,18.17,11.88,69.95,LOOKING_RIGHT
S07744,35.13,1,119.46,0.0,0,86.98,8.87,4.15,NO_FACE
S07745,99.96,1,0.46,0.0,7,5.88,27.55,66.57,LOOKING_RIGHT
S07746,100.0,1,0.0,0.0,3,63.17,14.83,22.0,LOOKING_RIGHT
S07747,49.38,1,47.81,0.0,1,69.21,3.05,27.74,NO_FACE
S07748,99.7,1,1.05,0.0,7,21.42,49.34,29.24,LOOKING_AWAY
S07749,76.94,2,140.58,198.69,1,66.66,7.9,25.44,MULTIPLE_FACES
S07750,9.32,1,728.71,0.0,3,53.11,45.17,1.72,NO_FACE
S07751,100.0,1,0.0,0.0,6,32.32,24.66,43.02,LOOKING_AWAY
S07752,99.33,2,0.42,2.2,1,54.93,21.51,23.56,MULTIPLE_FACES
S07753,100.0,1,0.0,0.0,3,83.96,3.84,12.2,NORMAL
S07754,100.0,1,0.0,0.0,7,24.26,8.25,67.49,LOOKING_AWAY
S07755,76.23,2,128.98,132.15,1,95.28,3.98,0.74,MULTIPLE_FACES
S07756,30.19,1,448.38,0.0,4,7.51,43.01,49.48,NO_FACE
S07757,98.23,2,14.82,0.76,4,36.71,20.4,42.89,LOOKING_RIGHT
S07758,100.0,1,0.0,0.0,3,77.19,4.32,18.49,NORMAL
S07759,100.0,1,0.0,0.0,3,67.0,13.9,19.1,NORMAL
S07760,100.0,1,0.0,0.0,3,56.42,8.01,35.57,LOOKING_RIGHT
S07761,100.0,1,0.0,0.0,8,28.43,0.66,70.91,LOOKING_RIGHT
S07762,59.22,2,308.87,1.31,2,36.5,17.51,45.99,NO_FACE
S07763,100.0,1,0.0,0.0,4,59.37,36.25,4.38,LOOKING_LEFT
S07764,100.0,1,0.0,0.0,7,33.01,22.44,44.55,LOOKING_AWAY
S07765,99.1,1,5.37,0.0,6,63.79,28.81,7.4,NORMAL
S07766,100.0,2,0.0,55.84,4,88.21,0.69,11.1,MULTIPLE_FACES
S07767,32.54,1,158.89,0.0,1,63.91,31.45,4.64,NO_FACE
S07768,29.35,1,77.65,0.0,0,83.93,11.36,4.71,NO_FACE
S07769,99.77,1,1.09,0.0,6,3.57,26.87,69.56,LOOKING_RIGHT
S07770,99.67,1,4.77,0.0,3,42.46,41.13,16.41,LOOKING_LEFT
S07771,97.79,2,6.97,43.64,4,61.83,23.6,14.57,MULTIPLE_FACES
S07772,97.9,1,2.37,0.0,2,66.1,33.63,0.27,LOOKING_LEFT
S07773,100.0,2,0.0,103.06,5,84.1,2.98,12.92,MULTIPLE_FACES
S07774,100.0,1,0.0,0.0,5,29.2,61.21,9.59,LOOKING_LEFT
S07775,99.97,2,0.2,317.81,2,56.53,37.18,6.29,MULTIPLE_FACES
S07776,100.0,1,0.0,0.0,3,91.79,2.34,5.87,NORMAL
S07777,100.0,1,0.0,0.0,2,43.64,11.66,44.7,LOOKING_RIGHT
S07778,98.92,1,10.04,0.0,2,88.51,7.4,4.09,NORMAL
S07779,99.99,1,0.07,0.0,2,66.33,13.23,20.44,NORMAL
S07780,70.71,2,32.51,189.13,3,72.89,18.29,8.82,MULTIPLE_FACES
S07781,99.95,1,0.05,0.0,2,90.34,5.34,4.32,NORMAL
S07782,99.18,1,12.26,0.0,3,74.34,8.83,16.83,NORMAL
S07783,99.67,2,3.77,113.89,4,89.69,3.61,6.7,MULTIPLE_FACES
S07784,99.82,1,0.45,0.0,5,31.82,24.16,44.02,LOOKING_AWAY
S07785,39.68,1,303.21,0.0,3,87.03,9.83,3.14,NO_FACE
S07786,99.8,1,2.48,0.0,1,88.58,10.25,1.17,NORMAL
S07787,19.85,1,104.03,0.0,1,87.3,2.28,10.42,NO_FACE
S07788,100.0,1,0.0,0.0,7,9.23,71.0,19.77,LOOKING_LEFT
S07789,98.26,1,1.17,0.0,8,40.51,21.12,38.37,LOOKING_AWAY
S07790,100.0,1,0.0,0.0,8,56.89,19.8,23.31,NORMAL
S07791,100.0,1,0.0,0.0,1,83.74,5.98,10.28,NORMAL
S07792,100.0,1,0.0,0.0,11,29.58,20.94,49.48,LOOKING_AWAY
S07793,99.91,1,0.96,0.0,7,23.44,16.18,60.38,LOOKING_RIGHT
S07794,99.33,1,1.99,0.0,7,25.05,42.0,32.95,LOOKING_LEFT
S07795,96.84,1,14.33,0.0,2,42.18,54.47,3.35,LOOKING_LEFT
S07796,99.97,1,0.15,0.0,1,65.21,24.67,10.12,NORMAL
S07797,10.09,2,513.13,1.82,4,77.08,15.54,7.38,NO_FACE
S07798,98.6,1,3.12,0.0,0,77.6,6.75,15.65,NORMAL
S07799,99.98,1,0.17,0.0,5,47.46,6.81,45.73,LOOKING_RIGHT
S07800,100.0,1,0.04,0.0,2,69.29,7.15,23.56,NORMAL
S07801,100.0,1,0.0,0.0,7,41.5,21.89,36.61,LOOKING_AWAY
S07802,100.0,1,0.0,0.0,4,24.77,17.59,57.64,LOOKING_RIGHT
S07803,97.95,2,15.88,230.29,5,61.65,8.44,29.91,MULTIPLE_FACES
S07804,99.77,1,0.67,0.0,1,75.21,5.53,19.26,NORMAL
S07805,100.0,1,0.0,0.0,12,17.72,44.58,37.7,LOOKING_AWAY
S07806,100.0,1,0.0,0.0,1,88.43,8.42,3.15,NORMAL
S07807,100.0,1,0.0,0.0,7,30.88,49.22,19.9,LOOKING_AWAY
S07808,99.85,1,0.87,0.0,2,85.88,9.49,4.63,NORMAL
S07809,99.59,1,1.7,0.0,3,32.28,60.48,7.24,LOOKING_LEFT
S07810,99.61,1,1.16,0.0,4,30.02,25.86,44.12,LOOKING_RIGHT
S07811,99.85,1,0.93,0.0,2,92.24,2.07,5.69,NORMAL
S07812,48.31,1,300.42,0.0,1,69.87,28.52,1.61,NO_FACE
S07813,99.77,1,1.83,0.0,1,76.27,13.67,10.06,NORMAL
S07814,76.84,1,22.57,0.0,5,46.11,11.17,42.72,NO_FACE
S07815,98.21,1,17.87,0.0,4,36.48,53.43,10.09,LOOKING_LEFT
S07816,100.0,1,0.0,0.0,3,36.93,26.92,36.15,LOOKING_AWAY
S07817,100.0,1,0.0,0.0,3,88.18,6.03,5.79,NORMAL
S07818,100.0,1,0.0,0.0,10,47.18,24.44,28.38,LOOKING_AWAY
S07819,99.91,1,0.52,0.0,3,73.04,19.85,7.11,NORMAL
S07820,83.28,1,104.96,0.0,1,24.03,34.59,41.38,NO_FACE
S07821,100.0,2,0.01,1.7,0,44.76,21.61,33.63,LOOKING_RIGHT
S07822,99.98,1,0.1,0.0,3,94.14,3.94,1.92,NORMAL
S07823,99.27,1,4.0,0.0,1,36.15,6.98,56.87,LOOKING_RIGHT
S07824,95.9,1,10.57,0.0,3,52.29,11.85,35.86,LOOKING_RIGHT
S07825,100.0,1,0.0,0.0,7,56.93,35.82,7.25,LOOKING_LEFT
S07826,100.0,2,0.0,86.16,2,79.93,11.96,8.11,MULTIPLE_FACES
S07827,5.51,1,172.52,0.0,1,80.33,10.88,8.79,NO_FACE
S07828,100.0,1,0.0,0.0,2,83.15,6.38,10.47,NORMAL
S07829,99.87,1,0.27,0.0,3,58.4,40.8,0.8,LOOKING_LEFT
S07830,100.0,2,0.0,22.63,4,90.82,4.11,5.07,MULTIPLE_FACES
S07831,20.38,1,300.14,0.0,3,55.4,14.86,29.74,NO_FACE
S07832,35.46,1,117.0,0.0,1,76.67,16.09,7.24,NO_FACE
S07833,100.0,1,0.04,0.0,5,75.46,9.07,15.47,NORMAL
S07834,99.98,1,0.16,0.0,14,22.36,33.65,43.99,LOOKING_AWAY
S07835,100.0,1,0.0,0.0,2,85.36,3.83,10.81,NORMAL
S07836,99.91,2,0.39,23.94,4,90.6,5.15,4.25,MULTIPLE_FACES
S07837,99.79,1,2.56,0.0,13,43.24,31.15,25.61,LOOKING_AWAY
S07838,70.67,1,205.6,0.0,0,93.78,0.48,5.74,NO_FACE
S07839,100.0,1,0.0,0.0,2,86.5,9.81,3.69,NORMAL
S07840,99.9,2,0.42,1.48,5,25.28,56.72,18.0,LOOKING_LEFT
S07841,35.0,1,72.95,0.0,5,3.75,5.01,91.24,NO_FACE
S07842,99.87,1,1.57,0.0,6,59.28,33.92,6.8,LOOKING_LEFT
S07843,99.72,4,2.19,345.81,5,76.49,5.57,17.94,MULTIPLE_FACES
S07844,100.0,1,0.0,0.0,4,46.73,5.17,48.1,LOOKING_AWAY
S07845,76.24,2,15.54,29.76,1,92.0,1.57,6.43,MULTIPLE_FACES
S07846,100.0,1,0.0,0.0,1,88.26,3.08,8.66,NORMAL
S07847,100.0,1,0.0,0.0,7,14.03,17.86,68.11,LOOKING_RIGHT
S07848,99.9,1,1.45,0.0,6,54.57,6.93,38.5,NORMAL
S07849,100.0,1,0.02,0.0,3,67.59,6.3,26.11,LOOKING_RIGHT
S07850,100.0,1,0.0,0.0,11,42.28,28.58,29.14,LOOKING_AWAY
S07851,98.91,2,1.38,69.9,6,89.63,1.42,8.95,MULTIPLE_FACES
S07852,99.69,1,1.3,0.0,6,41.6,33.76,24.64,LOOKING_AWAY
S07853,100.0,1,0.0,0.0,2,45.0,5.69,49.31,NORMAL
S07854,100.0,1,0.0,0.0,2,91.66,7.63,0.71,NORMAL
S07855,53.72,1,422.02,0.0,1,70.46,21.84,7.7,NO_FACE
S07856,99.88,1,1.3,0.0,11,2.0,48.08,49.92,LOOKING_AWAY
S07857,100.0,1,0.0,0.0,2,29.89,24.26,45.85,LOOKING_RIGHT
S07858,100.0,1,0.0,0.0,1,71.44,17.88,10.68,NORMAL
S07859,100.0,1,0.0,0.0,8,18.77,39.57,41.66,LOOKING_AWAY
S07860,99.86,1,1.95,0.0,4,28.58,10.37,61.05,LOOKING_RIGHT
S07861,0.0,0,318.45,0.0,0,100.0,0.0,0.0,NO_FACE
S07862,99.97,1,0.19,0.0,7,39.41,59.4,1.19,LOOKING_LEFT
S07863,99.91,2,0.59,391.67,0,86.93,6.5,6.57,MULTIPLE_FACES
S07864,55.99,1,40.28,0.0,2,96.09,1.01,2.9,NO_FACE
S07865,17.96,1,612.12,0.0,2,70.1,2.98,26.92,NO_FACE
S07866,98.91,2,3.0,46.42,4,71.12,3.14,25.74,MULTIPLE_FACES
S07867,100.0,2,0.0,1.96,1,70.49,15.94,13.57,NORMAL
S07868,100.0,1,0.0,0.0,10,24.15,58.07,17.78,LOOKING_AWAY
S07869,99.25,1,6.27,0.0,2,47.93,41.01,11.06,LOOKING_LEFT
S07870,100.0,1,0.0,0.0,5,50.14,26.43,23.43,LOOKING_LEFT
S07871,99.84,1,0.87,0.0,16,10.96,82.38,6.66,LOOKING_AWAY
S07872,99.58,1,2.12,0.0,2,31.17,60.07,8.76,LOOKING_AWAY
S07873,99.88,1,1.14,0.0,1,28.32,66.71,4.97,LOOKING_LEFT
S07874,100.0,1,0.0,0.0,4,62.07,4.29,33.64,LOOKING_RIGHT
S07875,99.88,1,0.7,0.0,3,0.0,24.06,75.94,LOOKING_RIGHT
S07876,99.9,1,0.77,0.0,2,81.69,1.19,17.12,NORMAL
S07877,41.73,1,301.69,0.0,7,8.03,64.21,27.76,NO_FACE
S07878,99.94,1,0.67,0.0,9,16.52,42.63,40.85,LOOKING_AWAY
S07879,100.0,1,0.0,0.0,4,45.0,38.13,16.87,NORMAL
S07880,100.0,1,0.0,0.0,1,32.28,13.53,54.19,LOOKING_RIGHT
S07881,99.92,1,0.44,0.0,6,79.31,6.48,14.21,NORMAL
S07882,99.48,1,0.47,0.0,2,52.4,2.81,44.79,LOOKING_RIGHT
S07883,99.94,2,0.93,171.53,0,78.58,16.26,5.16,MULTIPLE_FACES
S07884,100.0,1,0.0,0.0,9,27.98,25.04,46.98,LOOKING_AWAY
S07885,99.98,1,0.16,0.0,7,37.24,31.23,31.53,LOOKING_AWAY
S07886,100.0,1,0.0,0.0,11,49.9,10.69,39.41,LOOKING_AWAY
S07887,99.84,1,0.7,0.0,2,70.3,23.89,5.81,NORMAL
S07888,99.98,1,0.11,0.0,7,56.9,15.69,27.41,LOOKING_RIGHT
S07889,99.12,1,7.6,0.0,2,78.89,5.36,15.75,NORMAL
S07890,98.56,1,4.77,0.0,1,75.26,23.97,0.77,NORMAL
S07891,100.0,2,0.0,39.0,4,65.04,32.44,2.52,MULTIPLE_FACES
S07892,85.01,1,14.59,0.0,6,19.75,22.29,57.96,NO_FACE
S07893,100.0,1,0.0,0.0,7,19.04,13.32,67.64,LOOKING_RIGHT
S07894,99.89,1,1.18,0.0,5,29.87,12.33,57.8,LOOKING_RIGHT
S07895,99.66,1,0.76,0.0,5,33.57,53.63,12.8,LOOKING_AWAY
S07896,97.36,1,3.57,0.0,8,25.17,29.61,45.22,LOOKING_AWAY
S07897,62.49,1,54.95,0.0,3,86.37,0.47,13.16,NO_FACE
S07898,99.98,1,0.18,0.0,8,29.19,8.12,62.69,LOOKING_AWAY
S07899,99.96,1,0.23,0.0,0,39.58,25.28,35.14,LOOKING_RIGHT
S07900,100.0,1,0.0,0.0,4,0.0,69.53,30.47,LOOKING_LEFT
S07901,99.96,1,0.55,0.0,4,70.0,21.17,8.83,NORMAL
S07902,99.8,1,1.96,0.0,3,74.03,15.69,10.28,NORMAL
S07903,11.05,1,765.03,0.0,1,55.33,12.0,32.67,NO_FACE
S07904,100.0,1,0.0,0.0,4,81.65,8.64,9.71,NORMAL
S07905,99.99,1,0.05,0.0,2,53.75,39.91,6.34,LOOKING_LEFT
S07906,100.0,3,0.0,110.18,2,80.62,17.61,1.77,MULTIPLE_FACES
S07907,12.44,1,320.0,0.0,1,84.85,5.28,9.87,NO_FACE
S07908,100.0,1,0.0,0.0,5,70.74,20.49,8.77,NORMAL
S07909,99.66,1,2.31,0.0,1,37.86,42.18,19.96,LOOKING_LEFT
S07910,93.95,1,8.06,0.0,2,39.57,54.1,6.33,LOOKING_LEFT
S07911,0.0,0,200.7,0.0,0,100.0,0.0,0.0,NO_FACE
S07912,56.08,1,154.82,0.0,3,4.88,29.51,65.61,NO_FACE
S07913,99.77,1,2.05,0.0,4,57.14,25.35,17.51,LOOKING_LEFT
S07914,99.27,2,1.37,1.28,7,55.68,17.94,26.38,NORMAL
S07915,87.55,1,5.83,0.0,1,91.45,3.51,5.04,NO_FACE
S07916,99.9,1,0.65,0.0,6,35.25,54.32,10.43,LOOKING_AWAY
S07917,98.69,1,6.98,0.0,2,31.48,9.55,58.97,LOOKING_RIGHT
S07918,100.0,2,0.0,182.79,4,90.26,6.35,3.39,MULTIPLE_FACES
S07919,100.0,1,0.0,0.0,7,0.0,28.34,71.66,LOOKING_RIGHT
S07920,27.27,1,72.8,0.0,0,75.61,17.87,6.52,NO_FACE
S07921,99.92,1,0.29,0.0,12,29.8,39.89,30.31,LOOKING_AWAY
S07922,100.0,1,0.0,0.0,5,0.0,57.72,42.28,LOOKING_LEFT
S07923,100.0,1,0.0,0.0,20,11.26,78.22,10.52,LOOKING_AWAY
S07924,99.98,1,0.1,0.0,4,32.35,51.15,16.5,LOOKING_LEFT
S07925,99.69,1,0.24,0.0,9,51.65,29.26,19.09,LOOKING_AWAY
S07926,100.0,2,0.0,83.92,4,52.66,20.3,27.04,MULTIPLE_FACES
S07927,94.94,1,5.46,0.0,8,23.67,42.59,33.74,LOOKING_AWAY
S07928,99.96,2,0.31,0.7,4,23.84,58.82,17.34,LOOKING_LEFT
S07929,99.84,1,1.07,0.0,4,67.03,20.28,12.69,NORMAL
S07930,100.0,1,0.0,0.0,1,26.25,63.89,9.86,LOOKING_LEFT
S07931,78.35,4,126.3,13.63,2,76.06,2.86,21.08,MULTIPLE_FACES
S07932,100.0,1,0.0,0.0,0,91.31,1.83,6.86,NORMAL
S07933,99.97,1,0.39,0.0,13,10.0,53.46,36.54,LOOKING_AWAY
S07934,99.7,2,1.89,257.79,1,42.75,46.29,10.96,MULTIPLE_FACES
S07935,100.0,1,0.0,0.0,16,32.42,28.83,38.75,LOOKING_AWAY
S07936,99.82,1,0.54,0.0,5,73.15,6.05,20.8,NORMAL
S07937,98.85,1,13.43,0.0,1,83.21,2.93,13.86,NORMAL
S07938,95.01,1,13.12,0.0,2,37.14,9.99,52.87,LOOKING_AWAY
S07939,100.0,1,0.0,0.0,6,43.82,14.63,41.55,LOOKING_AWAY
S07940,100.0,1,0.0,0.0,4,49.18,0.12,50.7,LOOKING_RIGHT
S07941,100.0,1,0.03,0.0,6,8.25,51.02,40.73,LOOKING_AWAY
S07942,100.0,1,0.0,0.0,7,24.83,17.37,57.8,LOOKING_AWAY
S07943,100.0,1,0.0,0.0,4,8.2,26.75,65.05,LOOKING_RIGHT
S07944,100.0,1,0.0,0.0,7,12.44,73.7,13.86,LOOKING_LEFT
S07945,100.0,1,0.0,0.0,5,79.34,4.44,16.22,NORMAL
S07946,100.0,2,0.0,1.19,6,56.88,10.84,32.28,NORMAL
S07947,99.61,1,4.15,0.0,3,18.7,74.27,7.03,LOOKING_LEFT
S07948,47.51,2,402.77,0.54,1,85.24,5.88,8.88,NO_FACE
S07949,99.65,1,1.45,0.0,2,30.45,48.0,21.55,LOOKING_LEFT
S07950,100.0,1,0.0,0.0,2,88.22,11.38,0.4,NORMAL
S07951,100.0,1,0.0,0.0,4,65.63,31.49,2.88,LOOKING_LEFT
S07952,97.96,1,10.56,0.0,5,41.4,30.8,27.8,LOOKING_LEFT
S07953,100.0,1,0.0,0.0,6,34.33,5.29,60.38,LOOKING_RIGHT
S07954,99.85,1,1.15,0.0,8,22.62,75.84,1.54,LOOKING_LEFT
S07955,99.69,1,2.48,0.0,9,29.75,56.09,14.16,LOOKING_AWAY
S07956,99.96,1,0.35,0.0,2,59.01,5.79,35.2,LOOKING_RIGHT
S07957,98.69,4,1.44,36.88,6,65.45,1.88,32.67,MULTIPLE_FACES
S07958,99.85,1,0.91,0.0,3,73.69,22.16,4.15,NORMAL
S07959,99.86,1,1.25,0.0,3,38.72,52.37,8.91,LOOKING_LEFT
S07960,99.98,1,0.14,0.0,3,62.22,10.78,27.0,LOOKING_RIGHT
S07961,99.8,1,1.52,0.0,9,21.38,18.72,59.9,LOOKING_RIGHT
S07962,99.02,2,13.83,1.76,1,77.83,8.34,13.83,MULTIPLE_FACES
S07963,100.0,2,0.0,7.63,2,71.57,8.87,19.56,MULTIPLE_FACES
S07964,99.19,2,5.55,498.29,3,45.52,21.02,33.46,MULTIPLE_FACES
S07965,89.77,1,10.26,0.0,0,45.0,44.94,10.06,NO_FACE
S07966,99.94,1,0.68,0.0,12,27.3,24.31,48.39,LOOKING_AWAY
S07967,93.63,1,20.3,0.0,3,59.17,30.0,10.83,LOOKING_LEFT
S07968,99.96,1,0.2,0.0,1,82.26,16.08,1.66,NORMAL
S07969,100.0,1,0.0,0.0,4,8.48,81.59,9.93,LOOKING_LEFT
S07970,99.46,1,2.28,0.0,5,75.21,8.21,16.58,NORMAL
S07971,84.18,1,74.89,0.0,5,29.72,19.65,50.63,NO_FACE
S07972,99.9,1,1.0,0.0,9,20.99,34.08,44.93,LOOKING_AWAY
S07973,99.96,1,0.39,0.0,11,28.26,66.41,5.33,LOOKING_LEFT
S07974,100.0,1,0.02,0.0,3,49.54,26.73,23.73,LOOKING_LEFT
S07975,99.86,1,0.3,0.0,3,45.33,45.12,9.55,LOOKING_LEFT
S07976,100.0,1,0.0,0.0,5,72.3,21.25,6.45,NORMAL
S07977,100.0,1,0.0,0.0,1,71.06,17.2,11.74,NORMAL
S07978,99.82,1,1.29,0.0,5,40.82,56.43,2.75,LOOKING_LEFT
S07979,99.75,1,0.73,0.0,3,60.59,7.44,31.97,LOOKING_RIGHT
S07980,99.46,1,9.06,0.0,1,60.84,6.72,32.44,LOOKING_RIGHT
S07981,100.0,1,0.0,0.0,2,68.26,12.4,19.34,NORMAL
S07982,99.73,1,1.9,0.0,2,51.2,22.9,25.9,LOOKING_RIGHT
S07983,99.95,1,0.67,0.0,8,11.83,28.26,59.91,LOOKING_RIGHT
S07984,6.96,1,429.63,0.0,1,81.77,12.04,6.19,NO_FACE
S07985,99.85,2,0.6,1.62,2,82.09,4.54,13.37,MULTIPLE_FACES
S07986,100.0,3,0.0,261.94,0,75.52,18.41,6.07,MULTIPLE_FACES
S07987,100.0,1,0.0,0.0,13,12.66,71.2,16.14,LOOKING_AWAY
S07988,98.28,1,4.22,0.0,13,19.54,50.42,30.04,LOOKING_AWAY
S07989,48.04,1,354.27,0.0,1,87.89,10.06,2.05,NO_FACE
S07990,100.0,1,0.0,0.0,5,58.03,13.95,28.02,NORMAL
S07991,100.0,1,0.0,0.0,0,84.32,3.37,12.31,NORMAL
S07992,99.75,1,1.14,0.0,4,66.44,27.04,6.52,NORMAL
S07993,99.87,1,0.82,0.0,4,68.48,12.34,19.18,NORMAL
S07994,100.0,1,0.0,0.0,8,21.36,55.14,23.5,LOOKING_LEFT
S07995,100.0,1,0.0,0.0,3,59.65,37.32,3.03,LOOKING_LEFT
S07996,100.0,1,0.0,0.0,3,78.53,9.23,12.24,NORMAL
S07997,99.98,1,0.1,0.0,9,31.33,50.74,17.93,LOOKING_LEFT
S07998,99.29,1,1.25,0.0,6,54.06,7.24,38.7,LOOKING_RIGHT
S07999,99.94,1,0.65,0.0,3,83.56,13.67,2.77,NORMAL
S08000,95.68,1,18.78,0.0,5,67.35,29.61,3.04,LOOKING_LEFT
S08001,99.89,1,0.56,0.0,8,71.23,9.86,18.91,NORMAL
S08002,100.0,1,0.0,0.0,4,30.18,21.63,48.19,LOOKING_RIGHT
S08003,100.0,1,0.0,0.0,3,71.18,27.28,1.54,LOOKING_LEFT
S08004,100.0,1,0.0,0.0,1,67.44,8.08,24.48,NORMAL
S08005,60.87,1,518.08,0.0,1,81.69,12.03,6.28,NO_FACE
S08006,98.96,4,2.0,27.65,2,84.95,7.44,7.61,MULTIPLE_FACES
S08007,99.96,1,0.22,0.0,1,92.98,4.98,2.04,NORMAL
S08008,97.25,2,4.79,104.78,3,77.23,19.29,3.48,MULTIPLE_FACES
S08009,100.0,2,0.0,1.95,0,83.43,0.82,15.75,MULTIPLE_FACES
S08010,75.25,2,31.8,101.22,0,85.06,4.26,10.68,MULTIPLE_FACES
S08011,54.27,1,280.14,0.0,4,92.79,3.63,3.58,NO_FACE
S08012,100.0,1,0.0,0.0,2,73.95,14.98,11.07,NORMAL
S08013,100.0,2,0.0,29.27,6,62.87,6.88,30.25,MULTIPLE_FACES
S08014,100.0,1,0.0,0.0,4,66.08,30.29,3.63,NORMAL
S08015,100.0,1,0.0,0.0,4,43.84,45.19,10.97,LOOKING_LEFT
S08016,98.48,2,1.56,16.93,4,60.48,36.88,2.64,MULTIPLE_FACES
S08017,99.79,1,1.05,0.0,1,93.52,1.09,5.39,NORMAL
S08018,100.0,2,0.0,80.82,8,73.99,14.57,11.44,MULTIPLE_FACES
S08019,100.0,1,0.0,0.0,5,68.1,4.04,27.86,NORMAL
S08020,100.0,1,0.0,0.0,10,38.17,25.38,36.45,LOOKING_AWAY
S08021,99.73,1,1.65,0.0,3,43.79,43.53,12.68,LOOKING_LEFT
S08022,99.91,1,0.11,0.0,10,16.81,26.6,56.59,LOOKING_AWAY
S08023,100.0,1,0.0,0.0,9,18.52,76.51,4.97,LOOKING_LEFT
S08024,100.0,1,0.0,0.0,10,38.94,34.99,26.07,LOOKING_LEFT
S08025,98.91,1,9.37,0.0,3,77.99,16.71,5.3,NORMAL
S08026,99.96,1,0.11,0.0,3,49.06,18.66,32.28,LOOKING_RIGHT
S08027,99.18,1,8.51,0.0,5,19.81,75.4,4.79,LOOKING_LEFT
S08028,100.0,1,0.0,0.0,9,22.69,13.63,63.68,LOOKING_RIGHT
S08029,99.9,1,1.16,0.0,5,10.83,22.94,66.23,LOOKING_RIGHT
S08030,100.0,1,0.0,0.0,6,47.66,45.53,6.81,LOOKING_LEFT
S08031,41.46,1,58.41,0.0,2,85.65,3.04,11.31,NO_FACE
S08032,99.21,1,5.17,0.0,10,7.91,50.72,41.37,LOOKING_AWAY
S08033,33.16,1,593.53,0.0,0,81.95,14.8,3.25,NO_FACE
S08034,100.0,2,0.0,325.05,7,72.01,11.75,16.24,MULTIPLE_FACES
S08035,98.8,2,6.97,9.32,0,94.67,3.95,1.38,MULTIPLE_FACES
S08036,99.71,1,1.23,0.0,1,88.41,0.8,10.79,NORMAL
S08037,100.0,1,0.0,0.0,10,24.55,40.6,34.85,LOOKING_AWAY
S08038,99.94,2,0.48,330.29,9,47.84,32.07,20.09,MULTIPLE_FACES
S08039,100.0,1,0.0,0.0,4,83.05,11.6,5.35,NORMAL
S08040,100.0,1,0.0,0.0,4,49.14,26.93,23.93,LOOKING_LEFT
S08041,65.0,1,118.49,0.0,0,74.69,23.19,2.12,NO_FACE
S08042,100.0,1,0.0,0.0,2,41.69,39.57,18.74,LOOKING_LEFT
S08043,6.74,1,72.06,0.0,4,76.37,10.06,13.57,NO_FACE
S08044,100.0,1,0.0,0.0,2,89.9,4.05,6.05,NORMAL
S08045,98.72,1,8.74,0.0,2,88.76,6.17,5.07,NORMAL
S08046,40.24,1,331.0,0.0,5,50.03,23.41,26.56,NO_FACE
S08047,82.56,2,9.67,32.04,3,70.63,23.74,5.63,MULTIPLE_FACES
S08048,15.84,1,534.55,0.0,1,23.47,27.55,48.98,NO_FACE
S08049,99.92,1,0.33,0.0,11,19.68,49.27,31.05,LOOKING_AWAY
S08050,99.95,1,0.41,0.0,2,38.02,10.54,51.44,LOOKING_RIGHT
S08051,100.0,1,0.0,0.0,7,40.62,17.11,42.27,LOOKING_RIGHT
S08052,99.94,1,0.53,0.0,4,34.89,41.15,23.96,LOOKING_LEFT
S08053,99.7,1,3.37,0.0,2,46.12,17.89,35.99,LOOKING_RIGHT
S08054,98.03,1,18.07,0.0,5,37.12,16.34,46.54,LOOKING_RIGHT
S08055,99.82,1,1.77,0.0,6,49.51,3.65,46.84,LOOKING_RIGHT
S08056,100.0,1,0.0,0.0,11,36.18,13.77,50.05,LOOKING_AWAY
S08057,99.88,1,0.64,0.0,3,22.48,24.06,53.46,LOOKING_RIGHT
S08058,99.03,1,2.26,0.0,3,33.38,31.81,34.81,LOOKING_RIGHT
S08059,78.75,1,136.91,0.0,0,74.27,9.13,16.6,NO_FACE
S08060,99.86,1,1.06,0.0,9,37.21,9.68,53.11,LOOKING_RIGHT
S08061,9.86,1,461.65,0.0,3,58.91,19.94,21.15,NO_FACE
S08062,100.0,1,0.0,0.0,6,31.43,1.65,66.92,LOOKING_RIGHT
S08063,100.0,1,0.0,0.0,5,63.48,35.8,0.72,LOOKING_LEFT
S08064,99.39,1,1.43,0.0,6,83.19,5.1,11.71,NORMAL
S08065,98.56,1,2.92,0.0,6,38.48,24.55,36.97,LOOKING_RIGHT
S08066,100.0,1,0.0,0.0,7,73.81,8.32,17.87,NORMAL
S08067,54.11,1,214.31,0.0,3,70.66,9.91,19.43,NO_FACE
S08068,100.0,1,0.0,0.0,11,43.53,22.98,33.49,LOOKING_AWAY
S08069,99.31,1,1.07,0.0,5,13.13,4.26,82.61,LOOKING_RIGHT
S08070,100.0,1,0.0,0.0,8,8.14,73.23,18.63,LOOKING_LEFT
S08071,99.83,1,0.69,0.0,5,72.53,5.9,21.57,NORMAL
S08072,99.89,2,1.12,77.29,6,34.0,36.36,29.64,MULTIPLE_FACES
S08073,100.0,1,0.0,0.0,7,43.77,50.22,6.01,LOOKING_LEFT
S08074,100.0,1,0.0,0.0,7,45.0,29.19,25.81,NORMAL
S08075,98.81,1,1.43,0.0,3,26.62,44.65,28.73,LOOKING_LEFT
S08076,97.99,1,8.0,0.0,4,24.43,58.0,17.57,LOOKING_LEFT
S08077,99.39,1,2.1,0.0,11,14.09,46.05,39.86,LOOKING_AWAY
S08078,100.0,2,0.0,434.81,1,93.72,3.52,2.76,MULTIPLE_FACES
S08079,99.81,1,1.08,0.0,10,23.94,24.27,51.79,LOOKING_AWAY
S08080,100.0,1,0.0,0.0,3,31.08,57.95,10.97,LOOKING_LEFT
S08081,100.0,1,0.02,0.0,15,9.82,15.41,74.77,LOOKING_AWAY
S08082,99.58,1,5.29,0.0,3,68.31,26.52,5.17,NORMAL
S08083,100.0,1,0.0,0.0,4,57.18,13.28,29.54,NORMAL
S08084,99.93,1,0.11,0.0,9,21.61,64.14,14.25,LOOKING_LEFT
S08085,99.56,1,4.43,0.0,11,18.02,30.74,51.24,LOOKING_AWAY
S08086,100.0,1,0.0,0.0,6,74.08,1.69,24.23,LOOKING_RIGHT
S08087,97.9,1,14.67,0.0,4,27.46,51.63,20.91,LOOKING_LEFT
S08088,100.0,1,0.0,0.0,6,16.46,70.11,13.43,LOOKING_LEFT
S08089,99.86,1,0.7,0.0,6,24.67,12.97,62.36,LOOKING_RIGHT
S08090,100.0,1,0.0,0.0,5,46.26,5.86,47.88,LOOKING_RIGHT
S08091,71.36,1,154.58,0.0,1,77.95,11.45,10.6,NO_FACE
S08092,99.74,1,0.63,0.0,10,34.83,23.9,41.27,LOOKING_AWAY
S08093,100.0,1,0.0,0.0,12,13.41,46.42,40.17,LOOKING_AWAY
S08094,99.96,1,0.14,0.0,8,24.4,62.89,12.71,LOOKING_LEFT
S08095,99.98,1,0.21,0.0,0,55.68,7.94,36.38,LOOKING_RIGHT
S08096,100.0,1,0.0,0.0,5,17.3,64.4,18.3,LOOKING_LEFT
S08097,100.0,1,0.0,0.0,8,35.66,16.75,47.59,LOOKING_AWAY
S08098,99.98,1,0.1,0.0,5,39.3,13.42,47.28,LOOKING_RIGHT
S08099,100.0,1,0.0,0.0,9,21.35,14.52,64.13,LOOKING_AWAY
S08100,99.99,1,0.02,0.0,5,29.63,52.79,17.58,LOOKING_AWAY
S08101,99.67,1,1.72,0.0,5,13.12,23.3,63.58,LOOKING_RIGHT
S08102,87.28,1,67.05,0.0,2,21.28,49.63,29.09,NO_FACE
S08103,69.76,1,265.95,0.0,1,89.0,8.7,2.3,NO_FACE
S08104,100.0,1,0.0,0.0,10,4.97,30.39,64.64,LOOKING_AWAY
S08105,99.78,1,0.52,0.0,9,38.01,48.51,13.48,LOOKING_AWAY
S08106,100.0,1,0.0,0.0,0,58.7,23.07,18.23,LOOKING_LEFT
S08107,96.68,2,6.58,31.14,9,50.48,39.45,10.07,MULTIPLE_FACES
S08108,9.43,1,657.04,0.0,3,36.78,25.23,37.99,NO_FACE
S08109,57.2,1,21.66,0.0,2,73.86,12.88,13.26,NO_FACE
S08110,99.79,1,3.57,0.0,3,78.71,12.85,8.44,NORMAL
S08111,99.94,1,0.18,0.0,3,31.8,49.49,18.71,LOOKING_LEFT
S08112,100.0,1,0.0,0.0,2,61.45,20.06,18.49,NORMAL
S08113,21.11,1,194.94,0.0,1,83.37,9.69,6.94,NO_FACE
S08114,100.0,2,0.0,124.21,4,53.58,31.38,15.04,MULTIPLE_FACES
S08115,100.0,1,0.0,0.0,3,64.27,14.99,20.74,NORMAL
S08116,99.94,1,0.34,0.0,5,3.12,17.26,79.62,LOOKING_RIGHT
S08117,100.0,1,0.0,0.0,3,62.0,21.23,16.77,LOOKING_AWAY
S08118,100.0,1,0.0,0.0,3,9.86,15.61,74.53,LOOKING_RIGHT
S08119,99.83,1,1.28,0.0,1,81.57,6.62,11.81,NORMAL
S08120,100.0,1,0.0,0.0,4,34.16,17.17,48.67,LOOKING_RIGHT
S08121,99.06,2,0.97,48.39,3,55.21,24.08,20.71,MULTIPLE_FACES
S08122,98.91,2,18.16,592.68,2,77.93,10.45,11.62,MULTIPLE_FACES
S08123,100.0,1,0.0,0.0,10,23.15,34.93,41.92,LOOKING_AWAY
S08124,100.0,1,0.0,0.0,3,49.59,7.37,43.04,LOOKING_RIGHT
S08125,99.74,2,0.32,1.49,2,85.06,4.21,10.73,NORMAL
S08126,99.63,1,2.31,0.0,2,45.0,4.99,50.01,NORMAL
S08127,99.93,1,0.39,0.0,2,83.22,4.1,12.68,NORMAL
S08128,97.26,2,4.81,33.68,2,56.66,12.42,30.92,MULTIPLE_FACES
S08129,100.0,1,0.0,0.0,3,42.36,19.07,38.57,LOOKING_RIGHT
S08130,99.23,1,8.22,0.0,9,54.59,3.51,41.9,LOOKING_AWAY
S08131,100.0,1,0.0,0.0,3,74.71,12.57,12.72,NORMAL
S08132,100.0,1,0.0,0.0,7,62.0,26.58,11.42,LOOKING_AWAY
S08133,99.74,1,2.69,0.0,1,84.72,11.48,3.8,NORMAL
S08134,99.8,1,1.4,0.0,18,2.0,50.02,47.98,LOOKING_AWAY
S08135,71.42,2,147.86,1.51,6,74.4,5.99,19.61,MULTIPLE_FACES
S08136,100.0,1,0.0,0.0,1,45.81,47.86,6.33,LOOKING_LEFT
S08137,99.84,1,1.32,0.0,5,85.58,7.16,7.26,NORMAL
S08138,99.99,1,0.03,0.0,6,45.49,11.34,43.17,LOOKING_AWAY
S08139,100.0,1,0.0,0.0,4,35.69,59.54,4.77,LOOKING_LEFT
S08140,100.0,1,0.0,0.0,4,48.43,41.29,10.28,LOOKING_LEFT
S08141,99.41,1,4.05,0.0,9,25.55,8.21,66.24,LOOKING_RIGHT
S08142,99.27,1,1.01,0.0,2,82.1,1.97,15.93,NORMAL
S08143,99.96,1,0.38,0.0,3,45.31,27.46,27.23,NORMAL
S08144,100.0,1,0.0,0.0,2,87.7,3.74,8.56,NORMAL
S08145,100.0,1,0.0,0.0,11,35.75,18.11,46.14,LOOKING_AWAY
S08146,99.97,1,0.29,0.0,10,11.7,12.93,75.37,LOOKING_RIGHT
S08147,99.37,1,1.36,0.0,6,28.91,65.6,5.49,LOOKING_LEFT
S08148,100.0,2,0.0,65.26,6,57.45,22.05,20.5,MULTIPLE_FACES
S08149,99.93,1,0.4,0.0,6,25.35,7.97,66.68,LOOKING_RIGHT
S08150,57.36,1,189.93,0.0,3,28.95,29.28,41.77,NO_FACE
S08151,34.99,1,317.77,0.0,1,87.54,6.43,6.03,NO_FACE
S08152,0.0,0,1544.35,0.0,0,100.0,0.0,0.0,NO_FACE
S08153,100.0,1,0.0,0.0,3,79.14,7.62,13.24,NORMAL
S08154,100.0,1,0.0,0.0,4,68.58,4.41,27.01,LOOKING_RIGHT
S08155,65.03,1,68.56,0.0,0,80.89,16.11,3.0,NO_FACE
S08156,12.34,1,333.11,0.0,2,63.86,13.32,22.82,NO_FACE
S08157,100.0,1,0.0,0.0,4,76.56,9.95,13.49,NORMAL
S08158,75.38,2,100.18,77.21,5,48.48,7.82,43.7,MULTIPLE_FACES
S08159,99.53,2,4.61,307.72,6,78.64,14.54,6.82,MULTIPLE_FACES
S08160,99.83,1,0.77,0.0,4,67.53,11.64,20.83,NORMAL
S08161,69.8,2,71.7,9.99,3,61.74,30.39,7.87,MULTIPLE_FACES
S08162,99.89,1,1.11,0.0,2,28.6,12.94,58.46,LOOKING_RIGHT
S08163,99.25,1,5.88,0.0,6,31.35,52.67,15.98,LOOKING_LEFT
S08164,74.84,4,88.64,111.76,2,70.86,16.55,12.59,MULTIPLE_FACES
S08165,100.0,1,0.0,0.0,2,57.75,11.13,31.12,LOOKING_RIGHT
S08166,97.36,1,3.86,0.0,5,69.45,20.07,10.48,NORMAL
S08167,99.7,1,0.95,0.0,6,46.04,42.12,11.84,NORMAL
S08168,99.89,1,0.78,0.0,4,23.58,36.71,39.71,LOOKING_RIGHT
S08169,100.0,1,0.0,0.0,3,52.1,28.11,19.79,LOOKING_AWAY
S08170,100.0,1,0.0,0.0,2,51.57,18.32,30.11,NORMAL
S08171,99.98,3,0.22,274.05,3,57.48,28.76,13.76,MULTIPLE_FACES
S08172,97.69,1,3.49,0.0,4,43.0,39.21,17.79,LOOKING_AWAY
S08173,99.98,1,0.16,0.0,4,22.8,30.62,46.58,LOOKING_RIGHT
S08174,99.86,1,0.78,0.0,10,29.63,40.16,30.21,LOOKING_AWAY
S08175,100.0,2,0.0,150.57,5,76.93,13.27,9.8,MULTIPLE_FACES
S08176,99.59,1,1.72,0.0,6,31.59,1.9,66.51,LOOKING_RIGHT
S08177,96.78,1,8.34,0.0,4,31.93,52.34,15.73,LOOKING_LEFT
S08178,68.62,2,101.16,60.77,3,84.84,5.87,9.29,MULTIPLE_FACES
S08179,100.0,1,0.0,0.0,3,22.96,15.47,61.57,LOOKING_RIGHT
S08180,99.69,1,0.8,0.0,2,70.68,12.29,17.03,NORMAL
S08181,99.55,1,4.42,0.0,1,58.77,10.08,31.15,LOOKING_RIGHT
S08182,99.99,1,0.06,0.0,8,47.07,30.02,22.91,LOOKING_AWAY
S08183,45.23,1,26.51,0.0,2,92.07,3.94,3.99,NO_FACE
S08184,98.84,1,3.96,0.0,6,41.57,15.01,43.42,LOOKING_RIGHT
S08185,99.15,1,2.63,0.0,4,17.21,62.41,20.38,LOOKING_AWAY
S08186,100.0,1,0.0,0.0,12,32.31,36.34,31.35,LOOKING_AWAY
S08187,99.98,1,0.13,0.0,1,60.04,30.84,9.12,LOOKING_LEFT
S08188,99.93,1,0.33,0.0,16,24.81,56.26,18.93,LOOKING_AWAY
S08189,37.15,1,206.52,0.0,3,64.58,18.68,16.74,NO_FACE
S08190,22.91,1,5.88,0.0,3,27.65,53.47,18.88,NO_FACE
S08191,100.0,1,0.0,0.0,4,81.95,3.57,14.48,NORMAL
S08192,99.44,1,1.53,0.0,2,96.5,0.74,2.76,NORMAL
S08193,100.0,1,0.0,0.0,1,24.47,55.26,20.27,LOOKING_LEFT
S08194,99.61,1,1.02,0.0,3,79.14,16.84,4.02,NORMAL
S08195,17.5,1,32.52,0.0,5,22.04,37.65,40.31,NO_FACE
S08196,99.99,1,0.1,0.0,1,29.48,27.22,43.3,LOOKING_RIGHT
S08197,100.0,1,0.0,0.0,3,27.22,17.08,55.7,LOOKING_RIGHT
S08198,100.0,1,0.0,0.0,14,3.83,42.37,53.8,LOOKING_AWAY
S08199,99.94,2,0.33,349.89,6,66.02,14.97,19.01,MULTIPLE_FACES
S08200,0.0,0,819.53,0.0,0,100.0,0.0,0.0,NO_FACE
S08201,0.0,0,465.34,0.0,0,100.0,0.0,0.0,NO_FACE
S08202,99.66,1,4.14,0.0,4,19.2,24.41,56.39,LOOKING_RIGHT
S08203,100.0,1,0.0,0.0,9,30.97,13.08,55.95,LOOKING_AWAY
S08204,100.0,1,0.0,0.0,3,40.74,7.37,51.89,LOOKING_RIGHT
S08205,99.75,1,0.86,0.0,12,8.31,72.15,19.54,LOOKING_AWAY
S08206,99.78,1,0.63,0.0,6,28.78,34.11,37.11,LOOKING_RIGHT
S08207,100.0,1,0.0,0.0,9,48.37,9.4,42.23,NORMAL
S08208,100.0,1,0.0,0.0,5,0.0,37.66,62.34,LOOKING_RIGHT
S08209,100.0,2,0.0,93.62,6,76.26,6.27,17.47,MULTIPLE_FACES
S08210,100.0,1,0.0,0.0,6,48.54,6.78,44.68,LOOKING_RIGHT
S08211,95.18,1,14.6,0.0,6,74.64,21.09,4.27,NORMAL
S08212,98.63,1,7.14,0.0,12,37.45,24.82,37.73,LOOKING_AWAY
S08213,69.56,1,90.37,0.0,4,32.54,36.09,31.37,NO_FACE
S08214,100.0,1,0.0,0.0,12,13.54,22.63,63.83,LOOKING_AWAY
S08215,99.86,2,1.29,0.68,3,78.52,18.45,3.03,NORMAL
S08216,99.97,1,0.23,0.0,2,79.01,11.14,9.85,NORMAL
S08217,100.0,1,0.04,0.0,9,43.79,27.35,28.86,LOOKING_AWAY
S08218,100.0,2,0.0,91.17,3,79.85,16.71,3.44,MULTIPLE_FACES
S08219,100.0,2,0.0,51.53,4,82.97,9.52,7.51,MULTIPLE_FACES
S08220,99.51,1,8.44,0.0,5,77.7,11.69,10.61,NORMAL
S08221,98.83,1,4.18,0.0,2,54.1,4.71,41.19,LOOKING_RIGHT
S08222,99.57,3,3.04,231.78,10,45.93,11.83,42.24,MULTIPLE_FACES
S08223,100.0,1,0.0,0.0,6,32.97,59.43,7.6,LOOKING_LEFT
S08224,100.0,1,0.0,0.0,2,76.48,16.45,7.07,NORMAL
S08225,100.0,1,0.0,0.0,6,73.72,15.44,10.84,NORMAL
S08226,100.0,1,0.0,0.0,5,3.73,38.53,57.74,LOOKING_RIGHT
S08227,100.0,1,0.0,0.0,3,89.32,3.67,7.01,NORMAL
S08228,100.0,1,0.0,0.0,6,6.79,69.4,23.81,LOOKING_LEFT
S08229,100.0,1,0.0,0.0,6,1.6,77.79,20.61,LOOKING_LEFT
S08230,60.7,2,72.93,98.19,4,71.25,14.34,14.41,MULTIPLE_FACES
S08231,100.0,1,0.0,0.0,3,84.78,7.0,8.22,NORMAL
S08232,99.86,1,1.0,0.0,14,7.71,46.75,45.54,LOOKING_AWAY
S08233,100.0,1,0.0,0.0,20,23.7,72.28,4.02,LOOKING_AWAY
S08234,99.91,1,0.76,0.0,3,49.57,5.12,45.31,LOOKING_AWAY
S08235,99.89,1,1.3,0.0,1,47.81,34.49,17.7,LOOKING_LEFT
S08236,99.98,1,0.23,0.0,1,73.18,11.48,15.34,NORMAL
S08237,99.39,1,0.88,0.0,3,63.37,13.82,22.81,LOOKING_RIGHT
S08238,99.92,1,0.55,0.0,7,38.52,3.33,58.15,LOOKING_RIGHT
S08239,100.0,1,0.0,0.0,3,87.68,2.72,9.6,NORMAL
S08240,51.75,1,79.04,0.0,2,62.07,10.81,27.12,NO_FACE
S08241,99.9,1,1.0,0.0,1,84.86,2.98,12.16,NORMAL
S08242,100.0,1,0.0,0.0,1,95.6,3.78,0.62,NORMAL
S08243,40.27,1,184.54,0.0,0,76.25,11.41,12.34,NO_FACE
S08244,99.95,1,0.39,0.0,6,69.27,28.56,2.17,NORMAL
S08245,15.34,1,738.35,0.0,0,94.51,1.95,3.54,NO_FACE
S08246,100.0,2,0.0,70.85,3,87.62,8.74,3.64,MULTIPLE_FACES
S08247,100.0,1,0.0,0.0,7,37.35,47.05,15.6,LOOKING_AWAY
S08248,99.93,1,0.71,0.0,3,44.98,6.74,48.28,LOOKING_RIGHT
S08249,62.44,1,191.95,0.0,2,62.21,15.9,21.89,NO_FACE
S08250,100.0,1,0.0,0.0,2,23.06,20.06,56.88,LOOKING_RIGHT
S08251,5.71,1,110.69,0.0,6,57.56,11.53,30.91,NO_FACE
S08252,100.0,1,0.0,0.0,5,35.21,57.74,7.05,LOOKING_LEFT
S08253,100.0,1,0.0,0.0,4,53.12,35.72,11.16,LOOKING_LEFT
S08254,100.0,1,0.0,0.0,5,29.61,37.99,32.4,LOOKING_AWAY
S08255,100.0,1,0.0,0.0,6,59.77,20.91,19.32,NORMAL
S08256,19.25,1,559.73,0.0,5,58.5,20.22,21.28,NO_FACE
S08257,100.0,1,0.0,0.0,3,61.0,5.04,33.96,NORMAL
S08258,99.85,2,1.84,384.53,7,54.0,27.52,18.48,MULTIPLE_FACES
S08259,99.52,1,0.64,0.0,0,9.4,24.98,65.62,LOOKING_RIGHT
S08260,99.03,1,3.24,0.0,8,4.47,69.02,26.51,LOOKING_LEFT
S08261,99.83,1,0.99,0.0,8,18.56,33.82,47.62,LOOKING_AWAY
S08262,99.97,2,0.33,1.98,5,67.03,10.85,22.12,MULTIPLE_FACES
S08263,68.41,1,244.31,0.0,3,51.88,27.16,20.96,NO_FACE
S08264,99.9,1,1.06,0.0,3,0.0,83.0,17.0,LOOKING_LEFT
S08265,99.95,1,0.46,0.0,4,69.45,25.6,4.95,NORMAL
S08266,99.35,1,2.98,0.0,6,10.36,12.06,77.58,LOOKING_RIGHT
S08267,99.66,1,3.36,0.0,5,59.97,36.55,3.48,LOOKING_LEFT
S08268,63.32,2,192.53,48.45,1,80.77,4.03,15.2,MULTIPLE_FACES
S08269,96.03,2,13.97,188.85,6,62.34,15.85,21.81,MULTIPLE_FACES
S08270,100.0,1,0.0,0.0,6,54.1,13.63,32.27,NORMAL
S08271,98.61,3,22.25,218.05,2,87.87,0.3,11.83,MULTIPLE_FACES
S08272,100.0,1,0.0,0.0,1,57.47,7.85,34.68,LOOKING_RIGHT
S08273,99.87,2,1.46,393.61,2,80.93,8.16,10.91,MULTIPLE_FACES
S08274,99.92,1,0.65,0.0,4,13.49,56.2,30.31,LOOKING_LEFT
S08275,99.92,1,0.62,0.0,6,34.29,5.49,60.22,LOOKING_RIGHT
S08276,100.0,1,0.0,0.0,9,52.29,12.73,34.98,NORMAL
S08277,100.0,1,0.0,0.0,5,41.1,16.82,42.08,LOOKING_AWAY
S08278,48.74,1,573.44,0.0,2,79.89,7.11,13.0,NO_FACE
S08279,100.0,1,0.0,0.0,8,23.63,31.85,44.52,LOOKING_RIGHT
S08280,100.0,1,0.0,0.0,3,80.63,12.72,6.65,NORMAL
S08281,100.0,1,0.0,0.0,12,34.08,27.55,38.37,LOOKING_AWAY
S08282,68.76,2,44.81,89.87,1,88.84,5.99,5.17,MULTIPLE_FACES
S08283,94.75,1,8.68,0.0,1,76.79,14.0,9.21,NORMAL
S08284,100.0,1,0.0,0.0,8,69.69,22.0,8.31,LOOKING_LEFT
S08285,99.79,1,1.98,0.0,6,47.05,21.5,31.45,LOOKING_AWAY
S08286,100.0,1,0.0,0.0,7,21.15,1.19,77.66,LOOKING_AWAY
S08287,100.0,1,0.0,0.0,11,39.83,41.76,18.41,LOOKING_AWAY
S08288,100.0,1,0.0,0.0,4,38.87,40.34,20.79,LOOKING_LEFT
S08289,96.94,1,10.6,0.0,7,32.73,50.41,16.86,LOOKING_AWAY
S08290,100.0,1,0.0,0.0,8,38.39,8.35,53.26,LOOKING_RIGHT
S08291,99.9,1,1.21,0.0,1,84.26,6.1,9.64,NORMAL
S08292,100.0,1,0.0,0.0,7,22.75,54.13,23.12,LOOKING_LEFT
S08293,100.0,2,0.0,429.11,0,75.98,13.97,10.05,MULTIPLE_FACES
S08294,99.99,1,0.11,0.0,3,86.46,6.87,6.67,NORMAL
S08295,100.0,1,0.0,0.0,4,43.93,10.89,45.18,LOOKING_AWAY
S08296,100.0,1,0.0,0.0,1,72.29,25.68,2.03,LOOKING_LEFT
S08297,98.95,1,10.68,0.0,3,35.12,37.95,26.93,LOOKING_LEFT
S08298,98.74,2,10.54,192.47,8,65.33,25.54,9.13,MULTIPLE_FACES
S08299,100.0,4,0.0,56.06,10,66.04,30.37,3.59,MULTIPLE_FACES
S08300,100.0,1,0.0,0.0,5,45.0,30.63,24.37,NORMAL
S08301,100.0,1,0.0,0.0,4,20.24,18.88,60.88,LOOKING_RIGHT
S08302,100.0,1,0.0,0.0,5,8.24,24.91,66.85,LOOKING_RIGHT
S08303,100.0,1,0.0,0.0,9,36.25,26.95,36.8,LOOKING_AWAY
S08304,100.0,1,0.0,0.0,9,1.99,24.56,73.45,LOOKING_RIGHT
S08305,99.87,2,0.47,64.97,5,69.8,5.6,24.6,MULTIPLE_FACES
S08306,99.94,3,0.65,103.43,3,44.17,40.92,14.91,MULTIPLE_FACES
S08307,100.0,1,0.0,0.0,2,89.99,1.2,8.81,NORMAL
S08308,100.0,2,0.0,89.58,3,76.68,10.88,12.44,MULTIPLE_FACES
S08309,100.0,1,0.0,0.0,3,71.33,27.75,0.92,NORMAL
S08310,59.47,1,54.96,0.0,2,30.13,42.16,27.71,NO_FACE
S08311,100.0,1,0.0,0.0,4,22.83,57.47,19.7,LOOKING_LEFT
S08312,100.0,1,0.0,0.0,3,23.47,52.85,23.68,LOOKING_LEFT
S08313,87.81,1,31.25,0.0,2,60.41,18.3,21.29,NO_FACE
S08314,99.87,1,1.04,0.0,3,36.45,28.55,35.0,LOOKING_RIGHT
S08315,99.76,1,1.19,0.0,3,41.2,21.63,37.17,LOOKING_RIGHT
S08316,98.2,1,14.39,0.0,3,10.39,72.56,17.05,LOOKING_AWAY
S08317,99.96,1,0.06,0.0,2,67.67,12.28,20.05,NORMAL
S08318,99.9,1,0.43,0.0,3,45.67,48.13,6.2,LOOKING_AWAY
S08319,52.45,1,81.62,0.0,6,78.62,5.6,15.78,NO_FACE
S08320,100.0,1,0.0,0.0,9,11.65,43.57,44.78,LOOKING_AWAY
S08321,100.0,1,0.0,0.0,6,30.2,12.89,56.91,LOOKING_AWAY
S08322,99.61,1,2.19,0.0,9,10.54,7.85,81.61,LOOKING_RIGHT
S08323,57.08,1,282.53,0.0,1,70.45,4.64,24.91,NO_FACE
S08324,59.25,1,368.74,0.0,4,71.63,4.67,23.7,NO_FACE
S08325,99.98,1,0.13,0.0,1,93.65,2.6,3.75,NORMAL
S08326,100.0,1,0.0,0.0,7,18.9,6.04,75.06,LOOKING_RIGHT
S08327,100.0,1,0.0,0.0,0,93.59,2.0,4.41,NORMAL
S08328,78.77,1,62.64,0.0,3,16.46,6.46,77.08,NO_FACE
S08329,100.0,1,0.0,0.0,7,29.09,49.35,21.56,LOOKING_AWAY
S08330,99.92,1,1.05,0.0,3,70.03,22.06,7.91,NORMAL
S08331,99.0,1,14.63,0.0,4,65.03,17.31,17.66,NORMAL
S08332,99.14,1,1.32,0.0,6,14.5,17.45,68.05,LOOKING_RIGHT
S08333,65.98,1,377.69,0.0,0,74.32,16.47,9.21,NO_FACE
S08334,98.11,2,12.53,298.49,4,73.47,25.43,1.1,MULTIPLE_FACES
S08335,100.0,1,0.0,0.0,1,91.02,5.46,3.52,NORMAL
S08336,12.5,1,300.82,0.0,1,76.31,2.93,20.76,NO_FACE
S08337,100.0,1,0.0,0.0,11,40.13,15.49,44.38,LOOKING_AWAY
S08338,99.77,1,1.68,0.0,7,68.82,25.31,5.87,NORMAL
S08339,43.24,1,779.47,0.0,2,89.65,1.48,8.87,NO_FACE
S08340,27.58,1,271.03,0.0,1,79.41,12.21,8.38,NO_FACE
S08341,100.0,1,0.0,0.0,4,27.56,38.04,34.4,LOOKING_AWAY
S08342,100.0,2,0.0,2.25,7,37.31,12.31,50.38,MULTIPLE_FACES
S08343,100.0,1,0.0,0.0,6,44.9,2.95,52.15,LOOKING_RIGHT
S08344,99.97,1,0.17,0.0,3,57.35,29.01,13.64,LOOKING_LEFT
S08345,99.84,1,1.6,0.0,6,25.92,17.19,56.89,LOOKING_AWAY
S08346,100.0,1,0.0,0.0,3,46.95,1.01,52.04,LOOKING_RIGHT
S08347,99.98,1,0.17,0.0,4,87.36,4.72,7.92,NORMAL
S08348,97.74,2,9.23,1.48,3,75.05,14.68,10.27,MULTIPLE_FACES
S08349,99.95,1,0.08,0.0,8,41.28,10.87,47.85,LOOKING_AWAY
S08350,66.92,1,172.97,0.0,4,44.14,48.49,7.37,NO_FACE
S08351,100.0,1,0.0,0.0,4,26.87,11.83,61.3,LOOKING_RIGHT
S08352,100.0,1,0.0,0.0,10,18.08,52.08,29.84,LOOKING_AWAY
S08353,100.0,1,0.0,0.0,10,42.88,36.37,20.75,LOOKING_AWAY
S08354,100.0,2,0.0,26.21,6,46.1,15.98,37.92,MULTIPLE_FACES
S08355,100.0,2,0.0,201.13,8,64.16,29.1,6.74,MULTIPLE_FACES
S08356,99.93,1,0.37,0.0,2,58.51,11.63,29.86,NORMAL
S08357,100.0,1,0.0,0.0,6,21.11,56.76,22.13,LOOKING_AWAY
S08358,98.38,1,11.41,0.0,4,31.55,19.7,48.75,LOOKING_AWAY
S08359,100.0,1,0.0,0.0,1,66.99,5.74,27.27,LOOKING_RIGHT
S08360,99.46,1,7.41,0.0,2,77.16,22.0,0.84,LOOKING_LEFT
S08361,99.94,1,0.46,0.0,6,46.71,42.31,10.98,LOOKING_LEFT
S08362,97.03,2,8.79,152.89,5,89.29,4.84,5.87,MULTIPLE_FACES
S08363,99.89,1,1.16,0.0,5,75.49,8.76,15.75,NORMAL
S08364,99.71,1,2.91,0.0,9,9.89,36.84,53.27,LOOKING_AWAY
S08365,100.0,1,0.0,0.0,8,9.24,31.98,58.78,LOOKING_RIGHT
S08366,100.0,1,0.0,0.0,6,29.25,55.06,15.69,LOOKING_LEFT
S08367,100.0,1,0.0,0.0,4,32.78,23.09,44.13,LOOKING_RIGHT
S08368,98.43,1,14.6,0.0,3,30.22,8.42,61.36,LOOKING_RIGHT
S08369,100.0,2,0.0,29.16,6,70.24,23.15,6.61,MULTIPLE_FACES
S08370,100.0,1,0.0,0.0,3,56.03,26.2,17.77,NORMAL
S08371,97.9,1,9.63,0.0,1,79.57,11.03,9.4,NORMAL
S08372,99.69,1,1.38,0.0,3,32.53,39.59,27.88,LOOKING_LEFT
S08373,100.0,1,0.0,0.0,5,23.71,64.2,12.09,LOOKING_LEFT
S08374,100.0,1,0.0,0.0,1,42.88,52.9,4.22,LOOKING_LEFT
S08375,100.0,1,0.0,0.0,2,25.77,20.08,54.15,LOOKING_RIGHT
S08376,22.41,1,32.59,0.0,1,85.92,11.74,2.34,NO_FACE
S08377,98.05,1,13.13,0.0,5,17.8,81.07,1.13,LOOKING_LEFT
S08378,100.0,1,0.0,0.0,2,25.14,46.43,28.43,LOOKING_LEFT
S08379,99.99,1,0.1,0.0,2,60.27,11.7,28.03,LOOKING_RIGHT
S08380,100.0,1,0.0,0.0,6,51.33,25.09,23.58,LOOKING_AWAY
S08381,100.0,1,0.0,0.0,6,29.95,29.94,40.11,LOOKING_RIGHT
S08382,100.0,1,0.0,0.0,11,39.76,24.12,36.12,LOOKING_AWAY
S08383,100.0,1,0.0,0.0,9,34.77,49.3,15.93,LOOKING_AWAY
S08384,99.95,1,0.57,0.0,1,93.15,3.68,3.17,NORMAL
S08385,99.95,1,0.66,0.0,2,66.73,32.37,0.9,NORMAL
S08386,48.34,1,100.09,0.0,4,16.11,4.92,78.97,NO_FACE
S08387,100.0,2,0.0,145.98,4,63.17,14.97,21.86,MULTIPLE_FACES
S08388,99.99,1,0.03,0.0,2,69.68,17.08,13.24,NORMAL
S08389,100.0,1,0.01,0.0,2,26.51,64.06,9.43,LOOKING_LEFT
S08390,100.0,2,0.0,335.06,1,92.09,1.49,6.42,MULTIPLE_FACES
S08391,100.0,2,0.0,0.74,2,82.75,6.43,10.82,MULTIPLE_FACES
S08392,99.86,1,2.12,0.0,3,74.08,7.95,17.97,NORMAL
S08393,99.89,1,1.81,0.0,7,40.08,49.09,10.83,LOOKING_LEFT
S08394,100.0,2,0.0,0.42,2,70.63,3.99,25.38,NORMAL
S08395,100.0,1,0.02,0.0,2,81.37,3.57,15.06,NORMAL
S08396,36.2,1,442.15,0.0,3,39.03,44.14,16.83,NO_FACE
S08397,99.96,1,0.31,0.0,2,86.94,6.12,6.94,NORMAL
S08398,100.0,2,0.0,0.46,1,38.22,1.93,59.85,LOOKING_RIGHT
S08399,100.0,1,0.0,0.0,0,60.43,18.55,21.02,NORMAL
S08400,99.93,1,0.92,0.0,2,93.22,3.75,3.03,NORMAL
S08401,100.0,1,0.0,0.0,9,15.66,44.16,40.18,LOOKING_AWAY
S08402,100.0,1,0.0,0.0,1,92.07,5.56,2.37,NORMAL
S08403,100.0,1,0.0,0.0,6,49.47,32.52,18.01,NORMAL
S08404,99.93,1,0.8,0.0,5,71.99,12.84,15.17,NORMAL
S08405,48.11,1,36.76,0.0,1,78.38,5.67,15.95,NO_FACE
S08406,99.97,1,0.21,0.0,7,16.56,60.39,23.05,LOOKING_LEFT
S08407,99.68,1,0.55,0.0,8,34.48,34.49,31.03,LOOKING_AWAY
S08408,100.0,1,0.0,0.0,2,55.13,32.05,12.82,LOOKING_LEFT
S08409,72.15,1,232.76,0.0,2,92.62,0.51,6.87,NO_FACE
S08410,16.27,1,58.68,0.0,3,87.19,7.45,5.36,NO_FACE
S08411,99.28,1,2.44,0.0,6,42.72,31.79,25.49,LOOKING_LEFT
S08412,100.0,1,0.0,0.0,4,36.92,4.02,59.06,LOOKING_RIGHT
S08413,99.96,1,0.43,0.0,3,73.11,12.42,14.47,NORMAL
S08414,98.39,1,5.07,0.0,4,51.53,39.72,8.75,LOOKING_LEFT
S08415,100.0,1,0.0,0.0,4,23.88,11.4,64.72,LOOKING_RIGHT
S08416,100.0,1,0.0,0.0,7,44.72,38.82,16.46,LOOKING_AWAY
S08417,100.0,1,0.0,0.0,7,63.68,32.62,3.7,LOOKING_LEFT
S08418,98.56,1,4.8,0.0,4,31.93,53.71,14.36,LOOKING_AWAY
S08419,98.59,1,16.55,0.0,5,40.08,31.46,28.46,LOOKING_LEFT
S08420,99.43,1,6.78,0.0,6,36.35,53.71,9.94,LOOKING_LEFT
S08421,100.0,1,0.0,0.0,1,84.86,6.16,8.98,NORMAL
S08422,99.86,1,0.4,0.0,1,72.1,19.49,8.41,NORMAL
S08423,8.8,1,82.98,0.0,6,67.96,21.14,10.9,NO_FACE
S08424,66.89,1,249.98,0.0,3,32.5,24.93,42.57,NO_FACE
S08425,99.98,1,0.08,0.0,2,30.99,62.88,6.13,LOOKING_LEFT
S08426,99.77,1,2.73,0.0,9,27.16,46.16,26.68,LOOKING_AWAY
S08427,100.0,1,0.0,0.0,6,14.45,38.83,46.72,LOOKING_RIGHT
S08428,99.56,1,3.92,0.0,7,43.17,30.55,26.28,LOOKING_AWAY
S08429,100.0,1,0.0,0.0,4,41.06,41.67,17.27,LOOKING_LEFT
S08430,100.0,2,0.0,122.3,0,79.25,10.01,10.74,MULTIPLE_FACES
S08431,100.0,1,0.0,0.0,4,87.42,5.53,7.05,NORMAL
S08432,99.06,1,2.39,0.0,3,52.06,14.26,33.68,LOOKING_RIGHT
S08433,12.86,1,150.48,0.0,2,75.81,20.65,3.54,NO_FACE
S08434,45.48,1,96.27,0.0,4,33.76,7.79,58.45,NO_FACE
S08435,100.0,1,0.0,0.0,3,18.48,2.5,79.02,LOOKING_RIGHT
S08436,99.47,1,6.25,0.0,4,38.63,7.73,53.64,LOOKING_AWAY
S08437,99.56,1,0.29,0.0,5,83.44,7.46,9.1,NORMAL
S08438,99.37,2,6.02,498.72,6,65.02,18.63,16.35,MULTIPLE_FACES
S08439,100.0,1,0.0,0.0,1,82.23,13.45,4.32,NORMAL
S08440,100.0,1,0.01,0.0,11,21.34,21.19,57.47,LOOKING_AWAY
S08441,99.76,1,1.94,0.0,1,82.75,5.95,11.3,NORMAL
S08442,100.0,1,0.0,0.0,6,77.92,9.05,13.03,NORMAL
S08443,100.0,2,0.0,12.65,10,40.89,32.16,26.95,MULTIPLE_FACES
S08444,99.84,1,1.51,0.0,3,91.76,6.57,1.67,NORMAL
S08445,100.0,1,0.0,0.0,7,23.91,39.33,36.76,LOOKING_AWAY
S08446,99.83,1,1.89,0.0,1,56.81,42.68,0.51,LOOKING_LEFT
S08447,99.96,1,0.14,0.0,1,85.57,7.64,6.79,NORMAL
S08448,100.0,1,0.0,0.0,4,66.01,29.31,4.68,LOOKING_LEFT
S08449,36.0,1,112.43,0.0,5,92.18,5.86,1.96,NO_FACE
S08450,99.15,1,11.32,0.0,8,40.35,7.4,52.25,LOOKING_RIGHT
S08451,16.19,1,482.45,0.0,0,79.21,4.15,16.64,NO_FACE
S08452,100.0,1,0.0,0.0,1,65.22,29.07,5.71,NORMAL
S08453,38.74,1,385.51,0.0,1,73.51,10.77,15.72,NO_FACE
S08454,100.0,4,0.0,261.31,6,41.54,17.77,40.69,MULTIPLE_FACES
S08455,100.0,1,0.0,0.0,2,88.17,2.5,9.33,NORMAL
S08456,100.0,1,0.0,0.0,4,2.16,65.68,32.16,LOOKING_LEFT
S08457,100.0,1,0.0,0.0,3,51.76,32.13,16.11,LOOKING_LEFT
S08458,100.0,2,0.0,2.73,6,63.66,15.01,21.33,MULTIPLE_FACES
S08459,99.91,1,0.24,0.0,1,89.28,9.3,1.42,NORMAL
S08460,99.44,1,0.68,0.0,4,15.02,12.17,72.81,LOOKING_AWAY
S08461,99.79,1,0.81,0.0,2,75.58,6.91,17.51,NORMAL
S08462,99.96,1,0.42,0.0,3,68.51,30.71,0.78,LOOKING_LEFT
S08463,61.63,1,37.19,0.0,4,55.36,16.69,27.95,NO_FACE
S08464,99.85,1,1.28,0.0,2,71.37,19.19,9.44,NORMAL
S08465,99.53,1,1.93,0.0,3,35.83,11.2,52.97,LOOKING_AWAY
S08466,100.0,1,0.0,0.0,4,73.0,26.33,0.67,NORMAL
S08467,99.97,1,0.28,0.0,5,27.65,15.35,57.0,LOOKING_RIGHT
S08468,99.67,1,1.2,0.0,0,78.41,7.12,14.47,NORMAL
S08469,100.0,1,0.0,0.0,4,34.92,44.94,20.14,LOOKING_LEFT
S08470,100.0,1,0.0,0.0,2,60.73,38.66,0.61,LOOKING_LEFT
S08471,87.09,1,137.89,0.0,1,96.12,0.37,3.51,NO_FACE
S08472,100.0,3,0.0,1.17,2,66.76,12.8,20.44,MULTIPLE_FACES
S08473,100.0,1,0.0,0.0,3,89.8,6.8,3.4,NORMAL
S08474,99.91,1,1.02,0.0,6,37.92,4.2,57.88,LOOKING_RIGHT
S08475,43.47,1,199.37,0.0,4,72.89,9.84,17.27,NO_FACE
S08476,100.0,1,0.0,0.0,3,48.88,6.21,44.91,LOOKING_RIGHT
S08477,99.18,1,10.96,0.0,4,92.15,1.5,6.35,NORMAL
S08478,100.0,2,0.0,341.36,2,66.25,5.07,28.68,MULTIPLE_FACES
S08479,100.0,1,0.0,0.0,2,84.87,6.42,8.71,NORMAL
S08480,99.94,1,0.84,0.0,4,66.64,3.83,29.53,NORMAL
S08481,99.96,1,0.33,0.0,3,29.46,27.0,43.54,LOOKING_AWAY
S08482,59.54,1,96.71,0.0,0,86.79,11.24,1.97,NO_FACE
S08483,34.81,1,930.52,0.0,4,50.73,3.15,46.12,NO_FACE
S08484,99.77,1,1.47,0.0,4,85.72,6.66,7.62,NORMAL
S08485,100.0,1,0.0,0.0,3,75.6,2.93,21.47,NORMAL
S08486,100.0,1,0.0,0.0,4,32.16,27.84,40.0,LOOKING_RIGHT
S08487,99.78,2,2.26,1.53,8,34.86,20.92,44.22,MULTIPLE_FACES
S08488,100.0,1,0.0,0.0,3,21.3,4.57,74.13,LOOKING_RIGHT
S08489,73.2,2,125.78,29.15,7,74.39,12.57,13.04,MULTIPLE_FACES
S08490,99.08,1,1.32,0.0,3,44.79,2.14,53.07,LOOKING_RIGHT
S08491,99.99,1,0.11,0.0,4,87.09,8.36,4.55,NORMAL
S08492,97.04,1,3.88,0.0,5,63.04,32.33,4.63,NORMAL
S08493,99.77,1,1.77,0.0,6,68.09,21.97,9.94,NORMAL
S08494,99.66,1,0.54,0.0,2,86.95,0.35,12.7,NORMAL
S08495,100.0,1,0.0,0.0,1,89.81,1.35,8.84,NORMAL
S08496,100.0,1,0.0,0.0,1,90.33,9.56,0.11,NORMAL
S08497,100.0,1,0.0,0.0,3,80.5,5.93,13.57,NORMAL
S08498,100.0,1,0.0,0.0,1,32.26,8.88,58.86,LOOKING_RIGHT
S08499,42.58,1,43.81,0.0,2,79.97,11.8,8.23,NO_FACE
S08500,59.25,1,75.19,0.0,1,97.04,1.1,1.86,NO_FACE
S08501,100.0,2,0.0,302.47,7,84.84,0.31,14.85,MULTIPLE_FACES
S08502,99.22,1,9.89,0.0,1,76.65,12.88,10.47,NORMAL
S08503,72.59,1,49.33,0.0,0,84.8,2.82,12.38,NO_FACE
S08504,100.0,1,0.0,0.0,4,13.19,52.18,34.63,LOOKING_LEFT
S08505,99.9,1,0.41,0.0,1,71.44,10.63,17.93,NORMAL
S08506,100.0,1,0.0,0.0,0,89.69,2.16,8.15,NORMAL
S08507,99.2,1,10.42,0.0,5,67.81,10.47,21.72,NORMAL
S08508,100.0,1,0.0,0.0,4,40.84,48.75,10.41,LOOKING_LEFT
S08509,99.98,1,0.21,0.0,11,2.0,16.56,81.44,LOOKING_AWAY
S08510,99.89,1,1.16,0.0,5,35.36,19.62,45.02,LOOKING_AWAY
S08511,100.0,1,0.0,0.0,4,83.59,5.36,11.05,NORMAL
S08512,0.0,0,215.39,0.0,0,100.0,0.0,0.0,NO_FACE
S08513,98.5,1,2.9,0.0,5,67.84,21.11,11.05,NORMAL
S08514,98.16,1,1.74,0.0,3,68.66,11.45,19.89,NORMAL
S08515,100.0,1,0.0,0.0,4,28.94,16.86,54.2,LOOKING_RIGHT
S08516,39.59,1,237.53,0.0,2,94.39,4.51,1.1,NO_FACE
S08517,99.01,1,4.47,0.0,1,78.96,16.47,4.57,NORMAL
S08518,99.74,1,1.92,0.0,2,27.88,18.07,54.05,LOOKING_RIGHT
S08519,99.45,1,3.56,0.0,8,39.94,56.51,3.55,LOOKING_LEFT
S08520,100.0,1,0.0,0.0,2,55.11,28.19,16.7,NORMAL
S08521,100.0,1,0.0,0.0,4,38.3,35.12,26.58,LOOKING_LEFT
S08522,99.83,1,1.53,0.0,2,80.39,8.75,10.86,NORMAL
S08523,100.0,1,0.0,0.0,2,41.05,9.56,49.39,LOOKING_RIGHT
S08524,100.0,1,0.0,0.0,6,36.06,42.65,21.29,LOOKING_LEFT
S08525,51.97,1,230.19,0.0,3,81.43,6.16,12.41,NO_FACE
S08526,100.0,1,0.0,0.0,3,37.3,46.62,16.08,LOOKING_AWAY
S08527,68.83,1,193.94,0.0,2,88.09,3.75,8.16,NO_FACE
S08528,100.0,1,0.0,0.0,6,26.64,52.05,21.31,LOOKING_AWAY
S08529,58.06,1,189.79,0.0,4,72.58,6.3,21.12,NO_FACE
S08530,99.84,1,0.59,0.0,0,97.27,1.79,0.94,NORMAL
S08531,100.0,1,0.0,0.0,2,82.22,10.23,7.55,NORMAL
S08532,86.54,1,82.38,0.0,1,75.71,3.91,20.38,NO_FACE
S08533,100.0,1,0.0,0.0,7,28.3,41.01,30.69,LOOKING_AWAY
S08534,98.51,1,13.3,0.0,2,90.36,0.97,8.67,NORMAL
S08535,99.72,2,3.37,165.9,2,60.7,31.45,7.85,MULTIPLE_FACES
S08536,99.99,1,0.08,0.0,1,12.03,60.4,27.57,LOOKING_LEFT
S08537,100.0,1,0.0,0.0,5,46.29,10.13,43.58,LOOKING_RIGHT
S08538,100.0,1,0.0,0.0,8,17.93,36.94,45.13,LOOKING_AWAY
S08539,99.42,1,2.26,0.0,3,58.24,5.21,36.55,LOOKING_RIGHT
S08540,99.9,2,1.02,135.61,2,86.23,9.66,4.11,MULTIPLE_FACES
S08541,0.0,0,697.2,0.0,0,100.0,0.0,0.0,NO_FACE
S08542,98.8,1,12.62,0.0,3,83.08,4.75,12.17,NORMAL
S08543,99.94,1,0.22,0.0,7,54.67,8.77,36.56,LOOKING_AWAY
S08544,98.6,1,2.3,0.0,12,2.0,81.13,16.87,LOOKING_AWAY
S08545,99.96,1,0.18,0.0,0,85.74,7.88,6.38,NORMAL
S08546,99.67,1,1.84,0.0,6,20.36,60.6,19.04,LOOKING_LEFT
S08547,100.0,1,0.0,0.0,9,34.2,36.22,29.58,LOOKING_AWAY
S08548,99.51,1,2.61,0.0,13,31.31,32.74,35.95,LOOKING_AWAY
S08549,100.0,1,0.0,0.0,7,38.76,20.7,40.54,LOOKING_AWAY
S08550,100.0,1,0.0,0.0,7,74.39,15.39,10.22,NORMAL
S08551,98.97,1,2.96,0.0,1,81.38,13.27,5.35,NORMAL
S08552,15.87,1,478.65,0.0,2,80.44,3.63,15.93,NO_FACE
S08553,99.95,1,0.45,0.0,3,84.34,4.33,11.33,NORMAL
S08554,99.93,1,0.65,0.0,6,50.8,0.93,48.27,LOOKING_RIGHT
S08555,17.73,1,89.41,0.0,2,21.36,56.23,22.41,NO_FACE
S08556,99.76,2,3.38,230.83,5,62.35,23.34,14.31,MULTIPLE_FACES
S08557,100.0,1,0.0,0.0,4,64.27,30.92,4.81,LOOKING_LEFT
S08558,100.0,1,0.0,0.0,3,39.54,31.73,28.73,LOOKING_LEFT
S08559,100.0,1,0.0,0.0,3,76.35,7.35,16.3,NORMAL
S08560,100.0,1,0.0,0.0,2,63.13,26.29,10.58,LOOKING_LEFT
S08561,28.51,1,108.01,0.0,0,93.56,0.59,5.85,NO_FACE
S08562,100.0,1,0.0,0.0,2,85.4,14.32,0.28,NORMAL
S08563,8.17,1,5.65,0.0,3,93.51,4.59,1.9,NO_FACE
S08564,19.4,1,279.24,0.0,0,78.76,12.93,8.31,NO_FACE
S08565,99.27,1,6.98,0.0,6,3.92,49.54,46.54,LOOKING_LEFT
S08566,99.52,1,2.86,0.0,11,30.39,30.3,39.31,LOOKING_AWAY
S08567,100.0,1,0.0,0.0,10,0.0,67.72,32.28,LOOKING_LEFT
S08568,99.46,3,0.84,61.87,3,79.62,3.38,17.0,MULTIPLE_FACES
S08569,98.37,1,9.73,0.0,2,85.63,9.27,5.1,NORMAL
S08570,34.04,1,411.1,0.0,1,78.29,14.63,7.08,NO_FACE
S08571,97.4,1,5.77,0.0,11,49.55,36.6,13.85,LOOKING_AWAY
S08572,99.97,1,0.22,0.0,4,44.0,43.42,12.58,LOOKING_LEFT
S08573,99.81,1,1.62,0.0,10,37.63,41.25,21.12,LOOKING_AWAY
S08574,99.25,1,9.65,0.0,2,70.79,25.42,3.79,NORMAL
S08575,28.81,1,23.29,0.0,1,72.16,22.64,5.2,NO_FACE
S08576,100.0,1,0.0,0.0,7,59.69,10.12,30.19,NORMAL
S08577,46.18,1,374.65,0.0,0,78.73,11.35,9.92,NO_FACE
S08578,99.58,1,5.7,0.0,4,83.29,11.33,5.38,NORMAL
S08579,99.93,1,0.56,0.0,6,5.83,18.6,75.57,LOOKING_RIGHT
S08580,99.97,1,0.23,0.0,6,35.19,60.9,3.91,LOOKING_LEFT
S08581,100.0,1,0.0,0.0,3,84.91,13.89,1.2,NORMAL
S08582,99.99,2,0.1,299.0,1,62.36,18.07,19.57,MULTIPLE_FACES
S08583,100.0,1,0.0,0.0,1,0.0,64.02,35.98,LOOKING_LEFT
S08584,100.0,2,0.0,70.47,3,72.28,14.29,13.43,MULTIPLE_FACES
S08585,99.98,1,0.24,0.0,2,94.31,3.62,2.07,NORMAL
S08586,22.55,1,185.55,0.0,0,62.65,7.98,29.37,NO_FACE
S08587,56.87,1,307.57,0.0,0,71.56,20.37,8.07,NO_FACE
S08588,100.0,1,0.0,0.0,10,1.37,67.29,31.34,LOOKING_LEFT
S08589,67.09,1,143.28,0.0,8,10.19,55.25,34.56,NO_FACE
S08590,8.21,1,910.57,0.0,0,83.88,14.59,1.53,NO_FACE
S08591,99.94,1,0.34,0.0,2,64.58,13.96,21.46,NORMAL
S08592,100.0,1,0.0,0.0,13,28.03,35.26,36.71,LOOKING_AWAY
S08593,99.76,1,1.76,0.0,1,92.05,4.3,3.65,NORMAL
S08594,0.0,0,176.14,0.0,0,100.0,0.0,0.0,NO_FACE
S08595,21.38,1,396.45,0.0,0,71.51,25.41,3.08,NO_FACE
S08596,99.4,1,2.6,0.0,5,65.28,27.47,7.25,NORMAL
S08597,100.0,1,0.0,0.0,6,52.66,43.68,3.66,LOOKING_LEFT
S08598,99.91,1,0.67,0.0,8,26.89,20.02,53.09,LOOKING_AWAY
S08599,77.58,1,35.37,0.0,3,66.19,11.57,22.24,NO_FACE
S08600,99.69,1,1.97,0.0,3,64.0,4.33,31.67,LOOKING_RIGHT
S08601,99.85,1,1.05,0.0,5,47.71,9.77,42.52,LOOKING_RIGHT
S08602,99.91,1,0.77,0.0,8,11.69,49.46,38.85,LOOKING_AWAY
S08603,99.8,1,1.14,0.0,2,78.81,15.05,6.14,NORMAL
S08604,99.76,2,2.76,447.8,5,70.89,4.75,24.36,MULTIPLE_FACES
S08605,99.65,2,1.89,86.07,4,78.02,16.03,5.95,MULTIPLE_FACES
S08606,99.99,4,0.06,41.96,3,72.53,11.81,15.66,MULTIPLE_FACES
S08607,99.68,1,1.05,0.0,5,21.41,19.05,59.54,LOOKING_RIGHT
S08608,100.0,1,0.0,0.0,4,65.71,13.52,20.77,NORMAL
S08609,100.0,2,0.0,2.28,0,85.92,10.98,3.1,MULTIPLE_FACES
S08610,99.97,1,0.15,0.0,4,51.34,9.45,39.21,LOOKING_RIGHT
S08611,99.84,1,0.22,0.0,2,75.05,24.63,0.32,NORMAL
S08612,98.99,1,7.88,0.0,5,33.4,43.38,23.22,LOOKING_LEFT
S08613,100.0,2,0.0,104.8,6,81.59,9.36,9.05,MULTIPLE_FACES
S08614,97.0,1,17.96,0.0,6,26.66,6.87,66.47,LOOKING_RIGHT
S08615,14.64,1,117.05,0.0,2,61.08,10.65,28.27,NO_FACE
S08616,99.67,1,0.66,0.0,1,56.64,8.96,34.4,LOOKING_RIGHT
S08617,99.8,1,0.81,0.0,1,90.13,5.99,3.88,NORMAL
S08618,100.0,1,0.0,0.0,7,18.05,18.77,63.18,LOOKING_RIGHT
S08619,100.0,1,0.0,0.0,3,45.25,15.32,39.43,NORMAL
S08620,100.0,1,0.0,0.0,10,4.02,48.53,47.45,LOOKING_AWAY
S08621,100.0,1,0.0,0.0,3,53.05,2.59,44.36,LOOKING_RIGHT
S08622,99.86,1,2.23,0.0,2,64.6,15.09,20.31,NORMAL
S08623,99.19,2,1.39,2.8,2,94.81,1.66,3.53,MULTIPLE_FACES
S08624,99.97,1,0.36,0.0,3,77.28,13.51,9.21,NORMAL
S08625,99.89,1,0.73,0.0,2,87.46,4.87,7.67,NORMAL
S08626,99.21,1,5.04,0.0,1,89.81,5.76,4.43,NORMAL
S08627,99.91,2,0.21,158.53,3,84.93,11.19,3.88,MULTIPLE_FACES
S08628,100.0,3,0.0,296.68,1,90.37,4.78,4.85,MULTIPLE_FACES
S08629,99.7,1,4.81,0.0,2,86.17,5.31,8.52,NORMAL
S08630,94.06,2,6.93,25.17,9,44.57,24.63,30.8,MULTIPLE_FACES
S08631,99.78,1,2.01,0.0,9,41.04,12.04,46.92,LOOKING_AWAY
S08632,99.97,1,0.28,0.0,2,72.5,11.61,15.89,NORMAL
S08633,99.86,2,0.61,0.48,3,84.22,7.75,8.03,NORMAL
S08634,98.4,3,6.07,123.77,2,76.07,18.49,5.44,MULTIPLE_FACES
S08635,100.0,1,0.0,0.0,2,87.8,5.54,6.66,NORMAL
S08636,100.0,1,0.0,0.0,3,65.35,29.28,5.37,NORMAL
S08637,64.86,1,37.43,0.0,0,81.75,14.37,3.88,NO_FACE
S08638,64.59,1,20.46,0.0,1,70.56,25.56,3.88,NO_FACE
S08639,100.0,1,0.0,0.0,3,25.92,25.14,48.94,LOOKING_AWAY
S08640,25.75,1,144.47,0.0,3,58.07,2.37,39.56,NO_FACE
S08641,99.99,2,0.03,1.34,7,30.0,17.56,52.44,LOOKING_AWAY
S08642,99.95,2,0.7,205.38,8,68.07,19.77,12.16,MULTIPLE_FACES
S08643,58.67,1,25.59,0.0,2,70.97,24.06,4.97,NO_FACE
S08644,100.0,2,0.0,0.33,2,93.33,4.52,2.15,NORMAL
S08645,99.65,1,1.28,0.0,10,51.23,32.86,15.91,LOOKING_AWAY
S08646,100.0,2,0.0,2.78,0,90.48,7.03,2.49,MULTIPLE_FACES
S08647,99.71,1,2.12,0.0,5,66.15,23.76,10.09,NORMAL
S08648,8.6,1,429.19,0.0,2,68.73,9.02,22.25,NO_FACE
S08649,71.57,3,39.51,24.88,4,54.32,4.25,41.43,MULTIPLE_FACES
S08650,54.61,1,144.16,0.0,2,81.03,10.97,8.0,NO_FACE
S08651,99.66,1,0.28,0.0,1,93.17,3.94,2.89,NORMAL
S08652,99.32,1,4.48,0.0,7,27.81,59.73,12.46,LOOKING_LEFT
S08653,97.41,1,12.33,0.0,1,93.31,5.23,1.46,NORMAL
S08654,99.98,1,0.26,0.0,0,81.28,12.73,5.99,NORMAL
S08655,0.0,0,344.08,0.0,0,100.0,0.0,0.0,NO_FACE
S08656,99.56,1,1.22,0.0,0,90.1,1.44,8.46,NORMAL
S08657,93.64,1,15.36,0.0,3,25.68,1.22,73.1,LOOKING_RIGHT
S08658,100.0,2,0.0,18.33,4,74.4,7.26,18.34,MULTIPLE_FACES
S08659,100.0,1,0.0,0.0,2,63.09,25.87,11.04,NORMAL
S08660,81.86,1,23.71,0.0,1,63.55,23.74,12.71,NO_FACE
S08661,99.9,1,0.44,0.0,2,26.21,66.13,7.66,LOOKING_LEFT
S08662,99.86,1,2.15,0.0,5,75.36,22.53,2.11,NORMAL
S08663,99.59,1,0.58,0.0,11,27.59,37.67,34.74,LOOKING_AWAY
S08664,99.89,1,0.22,0.0,0,94.37,1.92,3.71,NORMAL
S08665,99.86,1,2.11,0.0,1,90.23,1.01,8.76,NORMAL
S08666,100.0,1,0.0,0.0,0,88.53,3.27,8.2,NORMAL
S08667,61.67,2,323.65,176.4,7,76.6,5.73,17.67,MULTIPLE_FACES
S08668,99.89,2,1.11,104.98,6,54.47,21.81,23.72,MULTIPLE_FACES
S08669,100.0,3,0.0,365.01,2,82.59,4.43,12.98,MULTIPLE_FACES
S08670,70.15,1,115.05,0.0,4,14.67,82.83,2.5,NO_FACE
S08671,99.94,1,0.59,0.0,6,33.25,0.27,66.48,LOOKING_RIGHT
S08672,98.02,4,6.08,31.56,2,85.72,2.97,11.31,MULTIPLE_FACES
S08673,0.0,0,1220.11,0.0,0,100.0,0.0,0.0,NO_FACE
S08674,100.0,2,0.0,61.35,6,73.32,20.04,6.64,MULTIPLE_FACES
S08675,65.15,2,8.51,35.15,1,87.94,6.75,5.31,MULTIPLE_FACES
S08676,99.92,1,0.65,0.0,3,72.3,24.82,2.88,NORMAL
S08677,94.13,1,8.55,0.0,1,39.88,18.25,41.87,LOOKING_RIGHT
S08678,100.0,1,0.0,0.0,4,80.44,4.98,14.58,NORMAL
S08679,99.96,1,0.47,0.0,9,18.88,50.99,30.13,LOOKING_AWAY
S08680,100.0,2,0.0,26.44,2,77.31,2.72,19.97,MULTIPLE_FACES
S08681,100.0,1,0.0,0.0,15,25.69,11.89,62.42,LOOKING_AWAY
S08682,99.05,1,4.9,0.0,4,0.47,29.81,69.72,LOOKING_RIGHT
S08683,100.0,1,0.0,0.0,4,83.97,2.19,13.84,NORMAL
S08684,100.0,2,0.0,1.83,3,62.66,28.16,9.18,NORMAL
S08685,100.0,1,0.0,0.0,0,82.14,6.15,11.71,NORMAL
S08686,96.55,1,3.62,0.0,3,88.0,8.52,3.48,NORMAL
S08687,100.0,2,0.0,266.46,3,82.84,5.67,11.49,MULTIPLE_FACES
S08688,100.0,1,0.0,0.0,3,94.33,2.99,2.68,NORMAL
S08689,99.93,1,0.54,0.0,3,53.03,21.91,25.06,LOOKING_RIGHT
S08690,99.79,2,3.12,159.27,2,79.59,15.04,5.37,MULTIPLE_FACES
S08691,99.46,1,0.46,0.0,7,33.25,19.31,47.44,LOOKING_RIGHT
S08692,100.0,1,0.0,0.0,3,38.87,20.61,40.52,LOOKING_RIGHT
S08693,99.92,1,0.6,0.0,8,46.35,26.89,26.76,LOOKING_AWAY
S08694,99.05,1,4.96,0.0,2,69.44,19.9,10.66,NORMAL
S08695,99.98,1,0.3,0.0,4,48.2,24.4,27.4,LOOKING_RIGHT
S08696,99.7,1,0.88,0.0,1,74.87,21.16,3.97,NORMAL
S08697,13.89,1,141.77,0.0,1,83.83,0.87,15.3,NO_FACE
S08698,100.0,1,0.0,0.0,0,84.62,3.28,12.1,NORMAL
S08699,99.89,1,0.26,0.0,7,21.36,17.08,61.56,LOOKING_RIGHT
S08700,100.0,1,0.0,0.0,7,15.49,26.02,58.49,LOOKING_RIGHT
S08701,100.0,1,0.0,0.0,4,62.01,16.42,21.57,NORMAL
S08702,0.0,0,482.41,0.0,0,100.0,0.0,0.0,NO_FACE
S08703,100.0,1,0.0,0.0,3,53.74,43.14,3.12,LOOKING_LEFT
S08704,100.0,2,0.0,1.44,5,45.93,22.86,31.21,NORMAL
S08705,99.9,1,1.15,0.0,5,50.53,39.32,10.15,NORMAL
S08706,100.0,1,0.0,0.0,1,86.23,9.47,4.3,NORMAL
S08707,99.59,1,2.27,0.0,2,47.07,1.37,51.56,LOOKING_RIGHT
S08708,99.57,1,3.31,0.0,5,92.72,3.42,3.86,NORMAL
S08709,76.69,1,95.06,0.0,2,62.66,15.13,22.21,NO_FACE
S08710,72.51,2,134.44,1.5,2,80.9,9.32,9.78,MULTIPLE_FACES
S08711,99.77,1,3.19,0.0,3,41.59,21.18,37.23,LOOKING_RIGHT
S08712,100.0,1,0.0,0.0,1,65.27,25.77,8.96,LOOKING_LEFT
S08713,98.62,1,5.35,0.0,1,69.55,1.23,29.22,LOOKING_RIGHT
S08714,97.5,1,1.79,0.0,0,78.94,11.3,9.76,NORMAL
S08715,99.65,1,1.57,0.0,1,59.89,4.25,35.86,LOOKING_RIGHT
S08716,99.9,1,1.12,0.0,1,41.13,15.17,43.7,LOOKING_RIGHT
S08717,100.0,1,0.0,0.0,3,93.31,4.4,2.29,NORMAL
S08718,73.56,2,61.62,74.26,2,84.52,9.63,5.85,MULTIPLE_FACES
S08719,99.9,1,0.63,0.0,13,5.02,41.89,53.09,LOOKING_AWAY
S08720,99.9,1,1.05,0.0,3,48.61,5.25,46.14,LOOKING_RIGHT
S08721,100.0,1,0.0,0.0,6,42.54,10.44,47.02,LOOKING_RIGHT
S08722,100.0,2,0.0,112.46,7,62.72,2.04,35.24,MULTIPLE_FACES
S08723,0.0,0,1226.0,0.0,0,100.0,0.0,0.0,NO_FACE
S08724,99.71,1,1.19,0.0,7,47.35,26.7,25.95,LOOKING_AWAY
S08725,99.99,1,0.11,0.0,6,26.54,34.09,39.37,LOOKING_AWAY
S08726,100.0,1,0.0,0.0,4,0.48,28.02,71.5,LOOKING_RIGHT
S08727,100.0,2,0.0,128.53,4,68.67,2.75,28.58,MULTIPLE_FACES
S08728,100.0,1,0.0,0.0,2,85.26,9.66,5.08,NORMAL
S08729,100.0,1,0.0,0.0,7,56.24,37.78,5.98,LOOKING_LEFT
S08730,97.01,1,8.93,0.0,5,63.88,29.43,6.69,NORMAL
S08731,99.68,1,0.6,0.0,12,44.85,19.51,35.64,LOOKING_AWAY
S08732,99.84,1,0.94,0.0,3,57.42,11.27,31.31,NORMAL
S08733,100.0,1,0.0,0.0,3,64.33,6.52,29.15,NORMAL
S08734,85.32,1,12.22,0.0,1,67.86,23.06,9.08,NO_FACE
S08735,99.99,2,0.1,201.79,5,78.73,5.62,15.65,MULTIPLE_FACES
S08736,71.25,1,77.99,0.0,0,88.04,9.04,2.92,NO_FACE
S08737,100.0,1,0.0,0.0,5,20.19,11.31,68.5,LOOKING_RIGHT
S08738,99.72,1,3.26,0.0,6,30.03,23.74,46.23,LOOKING_AWAY
S08739,100.0,1,0.0,0.0,2,39.66,7.36,52.98,LOOKING_RIGHT
S08740,99.52,2,2.87,1.51,5,74.28,3.36,22.36,MULTIPLE_FACES
S08741,99.97,1,0.32,0.0,5,82.44,6.29,11.27,NORMAL
S08742,79.1,1,136.88,0.0,3,11.23,80.05,8.72,NO_FACE
S08743,99.26,1,2.83,0.0,2,72.87,4.27,22.86,NORMAL
S08744,100.0,1,0.0,0.0,4,57.89,9.63,32.48,LOOKING_RIGHT
S08745,100.0,1,0.0,0.0,3,80.86,6.42,12.72,NORMAL
S08746,99.76,1,2.11,0.0,10,24.45,55.68,19.87,LOOKING_AWAY
S08747,0.0,0,352.8,0.0,0,100.0,0.0,0.0,NO_FACE
S08748,99.96,2,0.44,257.6,7,68.91,28.15,2.94,MULTIPLE_FACES
S08749,99.26,1,1.0,0.0,1,90.27,6.99,2.74,NORMAL
S08750,0.0,0,360.22,0.0,0,100.0,0.0,0.0,NO_FACE
S08751,100.0,1,0.0,0.0,14,48.19,18.24,33.57,LOOKING_AWAY
S08752,100.0,1,0.0,0.0,4,34.83,52.94,12.23,LOOKING_AWAY
S08753,99.95,1,0.34,0.0,6,45.84,25.58,28.58,LOOKING_RIGHT
S08754,100.0,1,0.0,0.0,3,87.93,4.86,7.21,NORMAL
S08755,100.0,1,0.0,0.0,8,35.56,38.68,25.76,LOOKING_AWAY
S08756,100.0,1,0.0,0.0,4,11.03,64.59,24.38,LOOKING_LEFT
S08757,99.28,1,3.45,0.0,2,41.82,21.66,36.52,LOOKING_RIGHT
S08758,100.0,1,0.0,0.0,3,51.13,1.07,47.8,LOOKING_RIGHT
S08759,99.63,1,3.02,0.0,8,12.79,21.31,65.9,LOOKING_RIGHT
S08760,100.0,2,0.0,285.17,2,87.25,1.95,10.8,MULTIPLE_FACES
S08761,83.25,1,63.44,0.0,1,68.02,19.24,12.74,NO_FACE
S08762,99.58,1,2.36,0.0,2,91.49,3.77,4.74,NORMAL
S08763,100.0,1,0.0,0.0,4,40.35,3.03,56.62,LOOKING_RIGHT
S08764,56.6,1,233.94,0.0,7,43.21,19.05,37.74,NO_FACE
S08765,100.0,1,0.0,0.0,6,23.84,5.14,71.02,LOOKING_RIGHT
S08766,0.0,0,1541.38,0.0,0,100.0,0.0,0.0,NO_FACE
S08767,99.52,1,2.56,0.0,2,58.51,18.67,22.82,LOOKING_RIGHT
S08768,100.0,2,0.0,123.07,4,77.39,16.2,6.41,MULTIPLE_FACES
S08769,100.0,1,0.0,0.0,1,95.65,2.15,2.2,NORMAL
S08770,99.87,1,1.27,0.0,9,35.42,25.61,38.97,LOOKING_AWAY
S08771,99.12,1,1.85,0.0,1,77.52,12.72,9.76,NORMAL
S08772,67.09,2,35.69,45.15,1,77.51,15.6,6.89,MULTIPLE_FACES
S08773,88.39,1,16.02,0.0,6,31.02,5.68,63.3,NO_FACE
S08774,99.89,1,0.78,0.0,1,56.02,18.55,25.43,NORMAL
S08775,99.87,2,1.08,345.45,5,90.21,4.28,5.51,MULTIPLE_FACES
S08776,58.59,1,62.54,0.0,3,63.88,28.37,7.75,NO_FACE
S08777,99.98,1,0.27,0.0,3,46.85,51.14,2.01,LOOKING_LEFT
S08778,99.66,1,4.12,0.0,4,83.66,4.21,12.13,NORMAL
S08779,99.61,1,1.81,0.0,4,85.08,13.14,1.78,NORMAL
S08780,99.8,1,0.74,0.0,10,4.86,49.97,45.17,LOOKING_AWAY
S08781,100.0,3,0.0,285.94,5,82.49,2.67,14.84,MULTIPLE_FACES
S08782,99.91,1,0.46,0.0,6,44.87,14.13,41.0,LOOKING_RIGHT
S08783,100.0,3,0.0,53.17,3,79.06,0.83,20.11,MULTIPLE_FACES
S08784,100.0,1,0.0,0.0,2,91.83,3.09,5.08,NORMAL
S08785,99.79,1,0.82,0.0,7,36.16,22.39,41.45,LOOKING_AWAY
S08786,99.83,1,0.37,0.0,3,42.53,15.33,42.14,LOOKING_RIGHT
S08787,99.87,1,0.84,0.0,1,68.71,26.94,4.35,LOOKING_LEFT
S08788,99.92,1,0.62,0.0,14,27.31,62.29,10.4,LOOKING_AWAY
S08789,99.95,2,0.44,464.52,8,65.83,29.97,4.2,MULTIPLE_FACES
S08790,99.68,1,1.72,0.0,12,54.84,19.69,25.47,LOOKING_AWAY
S08791,100.0,1,0.0,0.0,2,54.71,14.66,30.63,LOOKING_RIGHT
S08792,99.98,1,0.14,0.0,3,42.63,26.08,31.29,LOOKING_RIGHT
S08793,100.0,1,0.0,0.0,5,40.73,31.8,27.47,LOOKING_AWAY
S08794,29.37,1,175.11,0.0,1,72.07,14.65,13.28,NO_FACE
S08795,99.93,1,0.68,0.0,7,33.43,40.18,26.39,LOOKING_AWAY
S08796,100.0,1,0.0,0.0,5,45.57,50.42,4.01,LOOKING_LEFT
S08797,98.92,2,2.95,2.38,5,69.15,8.77,22.08,MULTIPLE_FACES
S08798,100.0,2,0.0,0.45,4,40.44,10.52,49.04,LOOKING_RIGHT
S08799,100.0,1,0.0,0.0,1,91.0,0.9,8.1,NORMAL
S08800,98.05,1,13.26,0.0,3,62.54,26.32,11.14,LOOKING_LEFT
S08801,100.0,1,0.0,0.0,1,68.13,7.68,24.19,NORMAL
S08802,99.19,1,4.94,0.0,14,24.06,25.31,50.63,LOOKING_AWAY
S08803,100.0,1,0.0,0.0,9,43.03,44.17,12.8,LOOKING_AWAY
S08804,100.0,1,0.0,0.0,2,80.93,6.01,13.06,NORMAL
S08805,100.0,1,0.0,0.0,5,26.93,6.39,66.68,LOOKING_RIGHT
S08806,99.74,1,1.24,0.0,3,86.54,8.92,4.54,NORMAL
S08807,90.32,1,10.92,0.0,12,25.37,61.12,13.51,LOOKING_AWAY
S08808,100.0,1,0.0,0.0,4,30.1,17.81,52.09,LOOKING_RIGHT
S08809,11.79,1,261.36,0.0,3,76.85,5.13,18.02,NO_FACE
S08810,99.92,1,1.04,0.0,2,71.99,13.48,14.53,NORMAL
S08811,99.89,1,0.32,0.0,10,22.08,56.54,21.38,LOOKING_AWAY
S08812,10.4,1,97.34,0.0,1,85.13,13.38,1.49,NO_FACE
S08813,99.77,1,0.84,0.0,4,43.18,39.23,17.59,LOOKING_LEFT
S08814,100.0,2,0.0,64.45,3,76.09,14.63,9.28,MULTIPLE_FACES
S08815,86.66,1,10.73,0.0,2,74.5,0.76,24.74,NORMAL
S08816,99.67,1,2.34,0.0,1,54.37,36.21,9.42,LOOKING_LEFT
S08817,100.0,1,0.0,0.0,1,34.19,31.04,34.77,LOOKING_RIGHT
S08818,78.49,3,89.47,199.47,5,69.15,6.61,24.24,MULTIPLE_FACES
S08819,8.89,1,197.36,0.0,2,45.43,31.06,23.51,NO_FACE
S08820,100.0,1,0.0,0.0,3,35.28,0.8,63.92,LOOKING_RIGHT
S08821,99.91,4,0.89,72.03,2,87.91,2.86,9.23,MULTIPLE_FACES
S08822,99.39,1,1.9,0.0,10,47.58,18.77,33.65,LOOKING_AWAY
S08823,100.0,1,0.0,0.0,9,31.15,19.01,49.84,LOOKING_AWAY
S08824,97.09,1,2.78,0.0,6,44.19,50.01,5.8,LOOKING_LEFT
S08825,100.0,1,0.0,0.0,2,92.0,4.59,3.41,NORMAL
S08826,100.0,1,0.0,0.0,2,88.94,10.71,0.35,NORMAL
S08827,100.0,1,0.0,0.0,6,81.65,14.74,3.61,NORMAL
S08828,100.0,1,0.0,0.0,5,29.49,56.85,13.66,LOOKING_LEFT
S08829,66.52,3,103.11,1.16,2,53.39,22.78,23.83,MULTIPLE_FACES
S08830,100.0,1,0.0,0.0,0,80.85,8.48,10.67,NORMAL
S08831,98.79,1,13.08,0.0,3,60.99,26.51,12.5,NORMAL
S08832,100.0,1,0.0,0.0,1,91.46,0.4,8.14,NORMAL
S08833,100.0,1,0.0,0.0,2,27.64,11.99,60.37,LOOKING_RIGHT
S08834,99.95,1,0.2,0.0,2,91.19,6.23,2.58,NORMAL
S08835,99.95,1,0.08,0.0,0,94.04,1.02,4.94,NORMAL
S08836,97.58,1,11.03,0.0,5,38.76,57.22,4.02,LOOKING_LEFT
S08837,100.0,1,0.0,0.0,5,8.82,10.95,80.23,LOOKING_RIGHT
S08838,99.95,1,0.26,0.0,8,28.64,25.43,45.93,LOOKING_RIGHT
S08839,99.99,1,0.05,0.0,4,85.41,3.73,10.86,NORMAL
S08840,100.0,1,0.0,0.0,6,34.9,21.33,43.77,LOOKING_RIGHT
S08841,100.0,1,0.0,0.0,9,43.43,41.7,14.87,LOOKING_AWAY
S08842,99.58,1,1.37,0.0,3,47.52,2.77,49.71,LOOKING_RIGHT
S08843,100.0,1,0.0,0.0,0,31.11,40.13,28.76,LOOKING_LEFT
S08844,100.0,3,0.0,1.51,2,78.93,9.39,11.68,MULTIPLE_FACES
S08845,0.0,0,671.26,0.0,0,100.0,0.0,0.0,NO_FACE
S08846,99.74,1,0.74,0.0,2,48.01,30.3,21.69,LOOKING_LEFT
S08847,100.0,2,0.0,384.26,5,58.24,25.53,16.23,MULTIPLE_FACES
S08848,100.0,1,0.0,0.0,2,84.07,8.84,7.09,NORMAL
S08849,99.62,1,3.34,0.0,2,28.9,8.25,62.85,LOOKING_RIGHT
S08850,100.0,1,0.0,0.0,14,23.07,15.28,61.65,LOOKING_AWAY
S08851,99.92,1,1.06,0.0,10,36.49,27.85,35.66,LOOKING_AWAY
S08852,100.0,1,0.0,0.0,12,11.2,41.47,47.33,LOOKING_AWAY
S08853,31.1,1,298.85,0.0,2,17.99,46.03,35.98,NO_FACE
S08854,99.95,1,0.47,0.0,4,24.56,36.22,39.22,LOOKING_RIGHT
S08855,98.21,3,1.73,1.76,2,87.34,12.21,0.45,MULTIPLE_FACES
S08856,100.0,1,0.0,0.0,11,27.94,34.12,37.94,LOOKING_AWAY
S08857,100.0,4,0.0,27.39,4,74.03,7.53,18.44,MULTIPLE_FACES
S08858,52.48,1,118.72,0.0,1,17.31,40.63,42.06,NO_FACE
S08859,100.0,1,0.0,0.0,2,86.98,11.99,1.03,NORMAL
S08860,100.0,1,0.04,0.0,4,31.42,55.7,12.88,LOOKING_LEFT
S08861,79.78,1,27.31,0.0,3,42.59,13.95,43.46,NO_FACE
S08862,100.0,1,0.0,0.0,12,41.25,38.04,20.71,LOOKING_AWAY
S08863,81.22,1,85.86,0.0,1,88.02,10.21,1.77,NO_FACE
S08864,100.0,1,0.0,0.0,11,21.7,44.06,34.24,LOOKING_AWAY
S08865,100.0,1,0.0,0.0,8,58.26,21.39,20.35,LOOKING_AWAY
S08866,47.35,1,342.36,0.0,5,84.71,12.95,2.34,NO_FACE
S08867,81.85,1,164.35,0.0,1,98.24,1.44,0.32,NO_FACE
S08868,99.96,1,0.43,0.0,5,42.94,4.25,52.81,LOOKING_AWAY
S08869,99.95,1,0.36,0.0,3,52.39,37.46,10.15,LOOKING_LEFT
S08870,99.92,1,0.21,0.0,12,30.48,30.81,38.71,LOOKING_AWAY
S08871,99.55,3,1.37,119.99,5,57.96,26.55,15.49,MULTIPLE_FACES
S08872,99.98,1,0.11,0.0,2,78.92,13.54,7.54,NORMAL
S08873,99.77,1,1.6,0.0,14,15.26,28.85,55.89,LOOKING_AWAY
S08874,100.0,1,0.0,0.0,3,75.87,23.41,0.72,NORMAL
S08875,100.0,1,0.0,0.0,4,74.09,21.94,3.97,NORMAL
S08876,99.54,1,0.82,0.0,1,36.32,13.63,50.05,LOOKING_RIGHT
S08877,100.0,1,0.0,0.0,2,80.83,8.41,10.76,NORMAL
S08878,95.53,1,6.1,0.0,1,10.24,43.38,46.38,LOOKING_RIGHT
S08879,99.73,1,3.53,0.0,9,20.22,71.79,7.99,LOOKING_LEFT
S08880,100.0,1,0.0,0.0,4,41.22,17.75,41.03,LOOKING_RIGHT
S08881,98.78,1,19.5,0.0,3,46.72,25.14,28.14,LOOKING_RIGHT
S08882,99.59,2,2.15,133.94,0,68.68,21.29,10.03,MULTIPLE_FACES
S08883,100.0,2,0.02,1.83,5,30.85,57.51,11.64,LOOKING_AWAY
S08884,100.0,1,0.0,0.0,3,87.65,7.7,4.65,NORMAL
S08885,100.0,1,0.0,0.0,8,44.81,52.26,2.93,LOOKING_AWAY
S08886,99.95,1,0.81,0.0,10,15.72,46.1,38.18,LOOKING_AWAY
S08887,100.0,1,0.0,0.0,2,76.29,17.03,6.68,NORMAL
S08888,0.0,0,371.64,0.0,0,100.0,0.0,0.0,NO_FACE
S08889,98.72,1,4.98,0.0,2,83.66,6.64,9.7,NORMAL
S08890,99.13,1,2.93,0.0,7,51.86,47.41,0.73,LOOKING_LEFT
S08891,100.0,1,0.0,0.0,2,66.04,6.98,26.98,LOOKING_RIGHT
S08892,100.0,1,0.0,0.0,1,88.6,4.81,6.59,NORMAL
S08893,99.77,1,3.15,0.0,5,21.88,26.1,52.02,LOOKING_RIGHT
S08894,99.81,1,2.38,0.0,9,36.13,52.22,11.65,LOOKING_AWAY
S08895,43.62,1,112.54,0.0,2,86.31,7.18,6.51,NO_FACE
S08896,23.59,1,194.81,0.0,4,88.87,4.22,6.91,NO_FACE
S08897,59.44,1,11.82,0.0,5,26.98,24.21,48.81,NO_FACE
S08898,25.57,1,55.15,0.0,2,92.14,1.98,5.88,NO_FACE
S08899,99.66,2,1.89,115.26,3,79.53,9.9,10.57,MULTIPLE_FACES
S08900,99.99,2,0.21,485.96,1,64.0,23.06,12.94,MULTIPLE_FACES
S08901,100.0,1,0.0,0.0,7,29.59,37.25,33.16,LOOKING_AWAY
S08902,98.49,1,9.59,0.0,2,73.6,20.62,5.78,NORMAL
S08903,32.92,1,380.08,0.0,1,78.5,7.47,14.03,NO_FACE
S08904,99.76,1,2.68,0.0,1,66.56,11.03,22.41,NORMAL
S08905,100.0,1,0.0,0.0,14,40.45,16.92,42.63,LOOKING_AWAY
S08906,100.0,1,0.0,0.0,6,21.33,26.33,52.34,LOOKING_AWAY
S08907,99.97,1,0.26,0.0,7,62.36,2.34,35.3,LOOKING_RIGHT
S08908,100.0,1,0.0,0.0,3,46.96,22.26,30.78,NORMAL
S08909,99.96,1,0.28,0.0,3,64.75,10.05,25.2,NORMAL
S08910,99.94,1,0.37,0.0,6,67.2,22.59,10.21,NORMAL
S08911,100.0,1,0.0,0.0,2,30.14,41.56,28.3,LOOKING_AWAY
S08912,99.53,2,0.95,26.71,3,50.26,42.02,7.72,MULTIPLE_FACES
S08913,99.63,1,4.63,0.0,8,19.1,21.53,59.37,LOOKING_AWAY
S08914,100.0,3,0.0,119.74,4,90.91,5.17,3.92,MULTIPLE_FACES
S08915,80.84,1,181.45,0.0,3,65.09,17.55,17.36,NO_FACE
S08916,99.72,1,1.88,0.0,2,25.29,57.98,16.73,LOOKING_LEFT
S08917,99.93,1,0.75,0.0,9,21.87,66.03,12.1,LOOKING_LEFT
S08918,100.0,1,0.0,0.0,9,31.3,61.19,7.51,LOOKING_AWAY
S08919,99.94,3,0.27,2.31,3,76.76,13.96,9.28,MULTIPLE_FACES
S08920,98.79,1,2.76,0.0,2,81.75,2.93,15.32,NORMAL
S08921,0.0,0,390.69,0.0,0,100.0,0.0,0.0,NO_FACE
S08922,0.0,0,718.82,0.0,0,100.0,0.0,0.0,NO_FACE
S08923,100.0,4,0.0,146.78,4,65.65,24.89,9.46,MULTIPLE_FACES
S08924,100.0,1,0.0,0.0,5,85.09,2.32,12.59,NORMAL
S08925,70.83,2,258.73,145.72,4,75.32,3.88,20.8,MULTIPLE_FACES
S08926,100.0,1,0.0,0.0,5,33.58,50.78,15.64,LOOKING_LEFT
S08927,99.96,1,0.38,0.0,7,60.69,21.92,17.39,NORMAL
S08928,100.0,1,0.0,0.0,0,74.84,21.6,3.56,NORMAL
S08929,99.82,2,1.42,132.38,4,57.58,18.89,23.53,MULTIPLE_FACES
S08930,99.95,1,0.32,0.0,4,41.32,42.03,16.65,LOOKING_LEFT
S08931,96.64,1,5.13,0.0,2,56.94,8.25,34.81,LOOKING_RIGHT
S08932,99.84,1,1.1,0.0,7,37.15,57.05,5.8,LOOKING_LEFT
S08933,99.5,2,0.96,58.28,5,52.77,28.84,18.39,MULTIPLE_FACES
S08934,69.33,1,253.16,0.0,2,70.83,3.6,25.57,NO_FACE
S08935,99.98,2,0.06,102.81,5,84.25,4.26,11.49,MULTIPLE_FACES
S08936,100.0,1,0.0,0.0,7,36.12,12.57,51.31,LOOKING_AWAY
S08937,99.91,1,0.75,0.0,6,44.15,5.85,50.0,LOOKING_AWAY
S08938,30.17,1,222.89,0.0,2,82.09,7.83,10.08,NO_FACE
S08939,83.99,1,19.51,0.0,5,18.28,44.88,36.84,NO_FACE
S08940,99.97,1,0.14,0.0,3,3.14,29.23,67.63,LOOKING_RIGHT
S08941,100.0,1,0.0,0.0,4,46.17,1.39,52.44,LOOKING_RIGHT
S08942,99.82,1,0.82,0.0,5,27.6,65.65,6.75,LOOKING_LEFT
S08943,40.38,1,371.79,0.0,1,88.85,1.21,9.94,NO_FACE
S08944,33.58,1,332.99,0.0,3,1.03,7.33,91.64,NO_FACE
S08945,99.99,1,0.09,0.0,2,57.24,3.8,38.96,LOOKING_RIGHT
S08946,98.8,1,7.62,0.0,8,4.4,57.59,38.01,LOOKING_AWAY
S08947,100.0,1,0.0,0.0,6,28.79,61.73,9.48,LOOKING_LEFT
S08948,99.69,1,3.41,0.0,4,92.82,3.39,3.79,NORMAL
S08949,0.0,0,236.13,0.0,0,100.0,0.0,0.0,NO_FACE
S08950,100.0,1,0.0,0.0,4,58.12,1.34,40.54,LOOKING_RIGHT
S08951,100.0,1,0.0,0.0,3,81.17,10.48,8.35,NORMAL
S08952,84.2,1,44.66,0.0,5,41.49,24.21,34.3,NO_FACE
S08953,99.29,1,0.97,0.0,2,60.59,36.6,2.81,LOOKING_LEFT
S08954,98.52,1,4.83,0.0,0,88.42,0.24,11.34,NORMAL
S08955,100.0,2,0.0,311.46,3,82.68,13.57,3.75,MULTIPLE_FACES
S08956,99.81,1,0.51,0.0,4,29.15,13.85,57.0,LOOKING_RIGHT
S08957,0.0,0,916.32,0.0,0,100.0,0.0,0.0,NO_FACE
S08958,100.0,1,0.0,0.0,3,17.6,57.23,25.17,LOOKING_LEFT
S08959,95.84,2,13.21,11.8,2,85.89,7.74,6.37,MULTIPLE_FACES
S08960,100.0,1,0.0,0.0,3,48.39,45.56,6.05,LOOKING_LEFT
S08961,99.94,1,0.35,0.0,6,51.88,14.93,33.19,LOOKING_AWAY
S08962,99.37,3,2.15,71.31,3,75.91,2.59,21.5,MULTIPLE_FACES
S08963,100.0,1,0.0,0.0,1,52.13,37.22,10.65,LOOKING_LEFT
S08964,100.0,2,0.0,138.83,3,93.01,0.36,6.63,MULTIPLE_FACES
S08965,99.83,1,0.3,0.0,3,73.27,20.35,6.38,NORMAL
S08966,100.0,1,0.0,0.0,4,64.63,18.39,16.98,NORMAL
S08967,100.0,1,0.0,0.0,8,18.69,24.84,56.47,LOOKING_AWAY
S08968,100.0,1,0.0,0.0,0,58.43,15.26,26.31,LOOKING_RIGHT
S08969,100.0,1,0.0,0.0,3,29.69,14.32,55.99,LOOKING_RIGHT
S08970,79.23,3,102.57,328.59,2,69.96,2.9,27.14,MULTIPLE_FACES
S08971,69.65,1,129.06,0.0,3,54.66,33.15,12.19,NO_FACE
S08972,100.0,1,0.0,0.0,6,72.63,19.88,7.49,NORMAL
S08973,92.66,1,8.9,0.0,8,27.7,43.65,28.65,LOOKING_AWAY
S08974,100.0,1,0.0,0.0,4,81.09,13.24,5.67,NORMAL
S08975,100.0,1,0.0,0.0,5,30.85,19.07,50.08,LOOKING_RIGHT
S08976,99.32,1,1.6,0.0,3,75.13,4.78,20.09,NORMAL
S08977,99.95,1,0.57,0.0,0,92.17,6.22,1.61,NORMAL
S08978,99.64,3,4.28,502.08,5,67.52,27.73,4.75,MULTIPLE_FACES
S08979,97.51,1,1.91,0.0,7,31.07,66.63,2.3,LOOKING_LEFT
S08980,100.0,2,0.0,312.65,2,81.05,3.76,15.19,MULTIPLE_FACES
S08981,99.09,1,6.7,0.0,7,37.37,33.66,28.97,LOOKING_AWAY
S08982,0.0,0,786.1,0.0,0,100.0,0.0,0.0,NO_FACE
S08983,100.0,2,0.0,133.18,4,73.11,3.92,22.97,MULTIPLE_FACES
S08984,99.07,1,13.76,0.0,4,67.8,19.14,13.06,NORMAL
S08985,54.82,1,39.41,0.0,1,55.73,12.87,31.4,NO_FACE
S08986,100.0,2,0.0,325.17,4,59.45,38.0,2.55,MULTIPLE_FACES
S08987,100.0,1,0.0,0.0,2,62.13,16.81,21.06,NORMAL
S08988,99.75,1,0.48,0.0,14,11.35,21.82,66.83,LOOKING_AWAY
S08989,0.0,0,1029.0,0.0,0,100.0,0.0,0.0,NO_FACE
S08990,100.0,2,0.0,61.89,1,89.0,1.94,9.06,MULTIPLE_FACES
S08991,99.21,1,1.02,0.0,10,23.76,49.42,26.82,LOOKING_AWAY
S08992,99.93,1,0.69,0.0,8,14.42,63.87,21.71,LOOKING_LEFT
S08993,99.7,1,1.55,0.0,5,51.62,41.71,6.67,LOOKING_LEFT
S08994,14.88,1,423.22,0.0,5,78.48,10.38,11.14,NO_FACE
S08995,99.97,2,0.29,52.17,6,58.99,9.82,31.19,MULTIPLE_FACES
S08996,99.94,1,0.23,0.0,3,86.48,11.2,2.32,NORMAL
S08997,100.0,1,0.0,0.0,1,72.16,26.26,1.58,NORMAL
S08998,100.0,3,0.0,217.91,3,84.28,6.03,9.69,MULTIPLE_FACES
S08999,100.0,1,0.0,0.0,7,0.0,67.93,32.07,LOOKING_LEFT
S09000,11.6,1,89.67,0.0,2,74.65,23.11,2.24,NO_FACE
S09001,100.0,1,0.0,0.0,2,26.11,46.15,27.74,LOOKING_LEFT
S09002,99.87,1,0.74,0.0,10,18.95,20.53,60.52,LOOKING_AWAY
S09003,99.98,1,0.01,0.0,8,2.0,58.03,39.97,LOOKING_AWAY
S09004,98.35,1,4.32,0.0,4,56.08,6.17,37.75,LOOKING_RIGHT
S09005,99.96,2,0.26,1.93,12,35.61,37.41,26.98,LOOKING_AWAY
S09006,98.04,1,9.85,0.0,2,47.1,14.34,38.56,LOOKING_RIGHT
S09007,100.0,1,0.0,0.0,5,62.19,24.31,13.5,NORMAL
S09008,99.95,1,0.59,0.0,5,76.3,8.0,15.7,NORMAL
S09009,99.97,1,0.03,0.0,12,34.45,61.16,4.39,LOOKING_AWAY
S09010,98.92,1,12.14,0.0,5,18.6,12.92,68.48,LOOKING_RIGHT
S09011,100.0,2,0.0,417.67,2,73.6,14.21,12.19,MULTIPLE_FACES
S09012,100.0,1,0.0,0.0,2,48.49,39.27,12.24,LOOKING_LEFT
S09013,22.57,1,135.43,0.0,2,79.76,5.88,14.36,NO_FACE
S09014,99.13,1,2.69,0.0,4,32.27,13.03,54.7,LOOKING_RIGHT
S09015,100.0,1,0.0,0.0,4,27.46,34.77,37.77,LOOKING_RIGHT
S09016,74.23,1,76.78,0.0,1,75.67,10.52,13.81,NO_FACE
S09017,100.0,2,0.0,308.42,2,74.09,22.28,3.63,MULTIPLE_FACES
S09018,99.99,1,0.06,0.0,6,38.68,36.35,24.97,LOOKING_LEFT
S09019,100.0,3,0.0,156.0,9,57.8,20.61,21.59,MULTIPLE_FACES
S09020,100.0,2,0.0,16.45,4,65.85,18.62,15.53,MULTIPLE_FACES
S09021,100.0,1,0.0,0.0,0,89.59,7.27,3.14,NORMAL
S09022,99.76,1,1.14,0.0,5,16.64,38.44,44.92,LOOKING_AWAY
S09023,19.17,1,14.79,0.0,3,88.54,3.66,7.8,NO_FACE
S09024,6.18,1,1046.02,0.0,2,56.57,25.01,18.42,NO_FACE
S09025,99.95,1,0.3,0.0,1,86.85,4.72,8.43,NORMAL
S09026,84.18,1,102.42,0.0,0,60.78,25.92,13.3,NO_FACE
S09027,72.15,1,37.73,0.0,4,71.9,14.76,13.34,NO_FACE
S09028,100.0,1,0.0,0.0,10,38.78,29.42,31.8,LOOKING_AWAY
S09029,100.0,1,0.0,0.0,5,49.87,18.8,31.33,NORMAL
S09030,23.6,1,484.64,0.0,7,23.06,66.15,10.79,NO_FACE
S09031,33.23,1,466.47,0.0,4,26.0,46.49,27.51,NO_FACE
S09032,100.0,1,0.0,0.0,1,42.09,23.08,34.83,LOOKING_RIGHT
S09033,100.0,1,0.0,0.0,5,24.97,22.21,52.82,LOOKING_AWAY
S09034,100.0,3,0.0,80.94,3,77.13,19.3,3.57,MULTIPLE_FACES
S09035,100.0,1,0.0,0.0,5,40.91,52.41,6.68,LOOKING_LEFT
S09036,92.94,1,14.97,0.0,5,34.88,34.29,30.83,LOOKING_AWAY
S09037,99.92,1,0.71,0.0,8,37.78,48.12,14.1,LOOKING_AWAY
S09038,99.95,1,0.39,0.0,2,89.71,6.65,3.64,NORMAL
S09039,99.63,1,2.58,0.0,3,51.68,40.8,7.52,LOOKING_LEFT
S09040,59.23,1,172.26,0.0,8,7.24,90.12,2.64,NO_FACE
S09041,100.0,2,0.0,246.77,2,56.69,36.78,6.53,MULTIPLE_FACES
S09042,100.0,1,0.0,0.0,4,13.07,20.21,66.72,LOOKING_RIGHT
S09043,0.0,0,337.16,0.0,0,100.0,0.0,0.0,NO_FACE
S09044,99.01,1,5.3,0.0,4,56.75,17.93,25.32,NORMAL
S09045,100.0,1,0.0,0.0,4,29.81,2.31,67.88,LOOKING_RIGHT
S09046,98.46,1,12.57,0.0,3,67.15,19.68,13.17,NORMAL
S09047,99.81,1,2.24,0.0,5,43.63,5.43,50.94,LOOKING_RIGHT
S09048,100.0,1,0.0,0.0,2,79.55,9.4,11.05,NORMAL
S09049,99.98,1,0.11,0.0,7,44.33,29.07,26.6,LOOKING_AWAY
S09050,99.59,1,0.7,0.0,0,74.56,18.91,6.53,NORMAL
S09051,99.78,1,1.33,0.0,3,73.62,14.12,12.26,NORMAL
S09052,100.0,1,0.0,0.0,1,15.41,76.86,7.73,LOOKING_LEFT
S09053,100.0,1,0.0,0.0,1,55.5,30.25,14.25,LOOKING_LEFT
S09054,100.0,1,0.0,0.0,1,80.29,15.11,4.6,NORMAL
S09055,91.74,1,13.49,0.0,4,85.32,11.53,3.15,NORMAL
S09056,99.27,1,1.41,0.0,4,44.39,43.58,12.03,LOOKING_LEFT
S09057,81.92,1,120.33,0.0,0,66.66,25.61,7.73,NO_FACE
S09058,100.0,1,0.0,0.0,4,73.92,21.84,4.24,NORMAL
S09059,100.0,3,0.0,52.43,3,71.19,14.67,14.14,MULTIPLE_FACES
S09060,80.82,1,82.74,0.0,0,91.6,5.17,3.23,NO_FACE
S09061,0.0,0,131.21,0.0,0,100.0,0.0,0.0,NO_FACE
S09062,99.26,1,7.69,0.0,0,80.14,2.15,17.71,NORMAL
S09063,99.93,1,0.44,0.0,6,40.26,34.24,25.5,LOOKING_AWAY
S09064,54.33,1,754.94,0.0,4,40.34,10.13,49.53,NO_FACE
S09065,100.0,1,0.0,0.0,1,44.1,6.08,49.82,LOOKING_RIGHT
S09066,99.91,1,0.98,0.0,5,66.6,24.89,8.51,LOOKING_LEFT
S09067,100.0,1,0.0,0.0,6,19.59,25.73,54.68,LOOKING_AWAY
S09068,100.0,1,0.0,0.0,2,50.2,4.05,45.75,LOOKING_RIGHT
S09069,100.0,1,0.0,0.0,8,14.78,74.31,10.91,LOOKING_LEFT
S09070,97.37,1,7.5,0.0,1,85.98,3.5,10.52,NORMAL
S09071,99.99,2,0.12,202.51,3,59.79,19.69,20.52,MULTIPLE_FACES
S09072,53.76,1,244.65,0.0,2,18.59,33.49,47.92,NO_FACE
S09073,100.0,1,0.0,0.0,2,90.42,4.75,4.83,NORMAL
S09074,100.0,2,0.0,46.19,2,86.21,7.54,6.25,MULTIPLE_FACES
S09075,98.49,1,19.62,0.0,0,86.28,2.16,11.56,NORMAL
S09076,100.0,1,0.0,0.0,3,85.25,13.2,1.55,NORMAL
S09077,98.85,1,18.69,0.0,2,77.43,1.14,21.43,NORMAL
S09078,100.0,1,0.0,0.0,1,83.7,7.24,9.06,NORMAL
S09079,100.0,1,0.0,0.0,4,58.19,24.43,17.38,NORMAL
S09080,100.0,1,0.0,0.0,0,91.79,3.95,4.26,NORMAL
S09081,100.0,1,0.0,0.0,4,38.54,25.93,35.53,LOOKING_AWAY
S09082,68.18,2,224.59,263.28,3,57.39,18.88,23.73,MULTIPLE_FACES
S09083,99.99,1,0.07,0.0,3,49.23,47.87,2.9,LOOKING_LEFT
S09084,97.02,1,14.59,0.0,5,43.24,54.58,2.18,LOOKING_LEFT
S09085,99.85,1,1.75,0.0,3,41.53,3.6,54.87,LOOKING_RIGHT
S09086,99.82,1,0.34,0.0,4,31.81,56.93,11.26,LOOKING_LEFT
S09087,99.5,1,3.42,0.0,3,39.23,17.95,42.82,LOOKING_RIGHT
S09088,99.91,1,0.56,0.0,7,73.08,25.29,1.63,NORMAL
S09089,99.32,1,3.69,0.0,3,18.17,49.1,32.73,LOOKING_LEFT
S09090,99.95,2,0.75,1.32,5,41.08,6.29,52.63,LOOKING_RIGHT
S09091,99.58,1,1.97,0.0,4,70.37,28.02,1.61,NORMAL
S09092,96.79,3,7.15,97.15,8,59.5,29.84,10.66,MULTIPLE_FACES
S09093,28.95,1,266.66,0.0,4,53.65,35.89,10.46,NO_FACE
S09094,99.8,1,1.47,0.0,1,71.72,24.96,3.32,NORMAL
S09095,100.0,2,0.0,301.55,2,75.23,17.61,7.16,MULTIPLE_FACES
S09096,100.0,1,0.0,0.0,2,85.91,6.54,7.55,NORMAL
S09097,100.0,1,0.0,0.0,3,69.86,17.46,12.68,NORMAL
S09098,85.64,1,21.11,0.0,3,49.56,45.75,4.69,NO_FACE
S09099,99.83,1,0.99,0.0,9,53.73,30.28,15.99,NORMAL
S09100,98.36,3,6.68,20.04,7,56.13,34.69,9.18,MULTIPLE_FACES
S09101,100.0,2,0.0,93.84,3,94.2,4.6,1.2,MULTIPLE_FACES
S09102,99.82,1,0.55,0.0,7,33.82,57.69,8.49,LOOKING_LEFT
S09103,99.72,1,1.98,0.0,3,42.19,43.69,14.12,LOOKING_LEFT
S09104,100.0,1,0.0,0.0,2,32.13,17.28,50.59,LOOKING_RIGHT
S09105,99.83,1,0.87,0.0,4,59.38,28.6,12.02,LOOKING_LEFT
S09106,99.93,1,1.12,0.0,0,94.11,4.09,1.8,NORMAL
S09107,100.0,1,0.0,0.0,5,75.83,1.89,22.28,NORMAL
S09108,100.0,1,0.0,0.0,4,86.23,3.6,10.17,NORMAL
S09109,99.07,2,1.2,13.24,3,56.46,8.36,35.18,MULTIPLE_FACES
S09110,100.0,1,0.0,0.0,6,64.95,6.78,28.27,LOOKING_RIGHT
S09111,99.94,1,0.42,0.0,2,97.89,1.05,1.06,NORMAL
S09112,99.7,1,1.76,0.0,2,38.56,5.51,55.93,LOOKING_RIGHT
S09113,30.43,2,151.84,1.86,3,63.08,3.41,33.51,NO_FACE
S09114,99.83,2,1.44,555.85,5,55.8,4.16,40.04,MULTIPLE_FACES
S09115,100.0,1,0.0,0.0,9,41.98,10.37,47.65,LOOKING_AWAY
S09116,100.0,1,0.0,0.0,7,24.78,60.85,14.37,LOOKING_LEFT
S09117,100.0,1,0.0,0.0,6,37.58,18.9,43.52,LOOKING_AWAY
S09118,100.0,1,0.0,0.0,2,39.34,14.4,46.26,LOOKING_RIGHT
S09119,99.1,2,9.29,132.96,1,88.51,11.27,0.22,MULTIPLE_FACES
S09120,100.0,1,0.0,0.0,5,59.91,34.72,5.37,LOOKING_LEFT
S09121,72.67,1,55.99,0.0,2,19.9,29.96,50.14,NO_FACE
S09122,99.91,2,0.41,1.34,2,86.65,3.99,9.36,MULTIPLE_FACES
S09123,67.43,1,57.67,0.0,6,18.96,61.0,20.04,NO_FACE
S09124,99.56,1,2.58,0.0,8,37.51,1.13,61.36,LOOKING_RIGHT
S09125,0.0,0,1677.49,0.0,0,100.0,0.0,0.0,NO_FACE
S09126,100.0,2,0.0,132.94,12,71.31,23.83,4.86,MULTIPLE_FACES
S09127,27.13,1,393.28,0.0,1,73.47,23.67,2.86,NO_FACE
S09128,99.54,1,2.6,0.0,7,41.16,5.53,53.31,LOOKING_AWAY
S09129,100.0,1,0.0,0.0,2,81.45,3.02,15.53,NORMAL
S09130,100.0,1,0.0,0.0,4,75.57,5.15,19.28,NORMAL
S09131,100.0,1,0.0,0.0,0,69.52,3.52,26.96,NORMAL
S09132,100.0,1,0.0,0.0,4,55.57,10.51,33.92,LOOKING_RIGHT
S09133,0.0,0,1468.97,0.0,0,100.0,0.0,0.0,NO_FACE
S09134,100.0,1,0.0,0.0,1,80.07,2.67,17.26,NORMAL
S09135,29.04,1,224.98,0.0,2,97.34,1.59,1.07,NO_FACE
S09136,100.0,1,0.0,0.0,4,28.83,15.86,55.31,LOOKING_AWAY
S09137,99.93,1,0.36,0.0,3,67.17,12.81,20.02,NORMAL
S09138,99.98,1,0.13,0.0,15,21.33,37.12,41.55,LOOKING_AWAY
S09139,100.0,1,0.0,0.0,3,69.07,24.57,6.36,NORMAL
S09140,64.15,2,64.04,224.81,3,67.77,30.12,2.11,MULTIPLE_FACES
S09141,99.86,1,0.82,0.0,3,53.91,38.59,7.5,NORMAL
S09142,100.0,1,0.0,0.0,13,29.35,11.15,59.5,LOOKING_AWAY
S09143,99.78,1,1.29,0.0,7,46.19,16.54,37.27,NORMAL
S09144,100.0,1,0.0,0.0,6,73.28,22.0,4.72,LOOKING_LEFT
S09145,99.93,1,0.35,0.0,0,97.81,0.34,1.85,NORMAL
S09146,99.13,1,4.14,0.0,5,31.67,47.42,20.91,LOOKING_AWAY
S09147,100.0,1,0.0,0.0,8,14.25,69.5,16.25,LOOKING_AWAY
S09148,40.83,2,710.3,0.32,0,78.25,11.3,10.45,NO_FACE
S09149,99.86,1,1.32,0.0,0,95.4,2.17,2.43,NORMAL
S09150,100.0,1,0.0,0.0,4,47.32,40.02,12.66,LOOKING_LEFT
S09151,100.0,2,0.0,254.08,6,64.94,23.17,11.89,MULTIPLE_FACES
S09152,100.0,1,0.0,0.0,1,93.19,5.2,1.61,NORMAL
S09153,99.93,1,0.87,0.0,1,71.2,23.69,5.11,NORMAL
S09154,99.84,1,0.94,0.0,4,58.6,34.74,6.66,LOOKING_LEFT
S09155,100.0,1,0.0,0.0,1,62.0,17.03,20.97,LOOKING_AWAY
S09156,100.0,1,0.0,0.0,4,59.47,33.57,6.96,LOOKING_LEFT
S09157,100.0,2,0.0,28.82,2,72.11,20.61,7.28,MULTIPLE_FACES
S09158,100.0,1,0.0,0.0,2,80.66,3.68,15.66,NORMAL
S09159,98.56,1,14.87,0.0,11,7.62,30.39,61.99,LOOKING_AWAY
S09160,100.0,1,0.0,0.0,12,1.7,73.05,25.25,LOOKING_LEFT
S09161,100.0,1,0.0,0.0,9,10.97,55.27,33.76,LOOKING_AWAY
S09162,100.0,1,0.0,0.0,3,75.79,12.82,11.39,NORMAL
S09163,99.98,2,0.05,196.72,2,71.74,8.52,19.74,MULTIPLE_FACES
S09164,100.0,1,0.0,0.0,5,64.98,31.71,3.31,LOOKING_LEFT
S09165,41.62,1,168.34,0.0,3,79.64,18.36,2.0,NO_FACE
S09166,99.98,1,0.17,0.0,4,53.86,27.64,18.5,NORMAL
S09167,100.0,1,0.0,0.0,12,30.69,39.23,30.08,LOOKING_AWAY
S09168,99.84,1,0.93,0.0,2,35.77,43.84,20.39,LOOKING_LEFT
S09169,100.0,1,0.0,0.0,4,15.76,15.45,68.79,LOOKING_RIGHT
S09170,100.0,1,0.0,0.0,11,2.0,57.04,40.96,LOOKING_AWAY
S09171,99.95,1,0.13,0.0,5,38.04,4.88,57.08,LOOKING_RIGHT
S09172,100.0,1,0.0,0.0,1,73.66,13.17,13.17,NORMAL
S09173,99.97,2,0.18,245.04,4,69.77,8.25,21.98,MULTIPLE_FACES
S09174,85.7,1,18.34,0.0,8,18.81,36.6,44.59,LOOKING_AWAY
S09175,93.62,2,13.21,82.14,7,40.77,32.65,26.58,MULTIPLE_FACES
S09176,99.91,1,0.74,0.0,4,74.28,4.13,21.59,NORMAL
S09177,29.74,1,690.39,0.0,4,79.24,3.87,16.89,NO_FACE
S09178,100.0,1,0.0,0.0,4,18.42,17.74,63.84,LOOKING_RIGHT
S09179,29.0,1,28.23,0.0,1,57.93,15.34,26.73,NO_FACE
S09180,68.63,1,278.82,0.0,3,78.18,20.16,1.66,NO_FACE
S09181,100.0,1,0.0,0.0,4,35.02,59.14,5.84,LOOKING_LEFT
S09182,99.28,1,4.03,0.0,8,20.34,57.68,21.98,LOOKING_LEFT
S09183,99.65,1,2.56,0.0,7,24.14,70.3,5.56,LOOKING_LEFT
S09184,100.0,1,0.0,0.0,2,84.48,12.46,3.06,NORMAL
S09185,99.59,1,3.08,0.0,5,72.77,11.57,15.66,NORMAL
S09186,100.0,1,0.0,0.0,8,28.21,28.95,42.84,LOOKING_AWAY
S09187,81.97,1,33.12,0.0,2,95.25,2.39,2.36,NO_FACE
S09188,99.97,1,0.12,0.0,5,57.64,17.6,24.76,LOOKING_AWAY
S09189,99.89,1,0.85,0.0,4,81.85,16.49,1.66,NORMAL
S09190,100.0,4,0.0,374.56,8,77.43,11.94,10.63,MULTIPLE_FACES
S09191,55.75,1,42.13,0.0,3,63.96,9.6,26.44,NO_FACE
S09192,97.91,1,13.37,0.0,1,79.27,15.29,5.44,NORMAL
S09193,99.94,1,0.59,0.0,4,24.6,55.83,19.57,LOOKING_LEFT
S09194,99.97,1,0.45,0.0,5,39.35,35.41,25.24,LOOKING_LEFT
S09195,100.0,1,0.0,0.0,4,53.76,1.23,45.01,LOOKING_RIGHT
S09196,99.7,2,1.57,73.04,3,87.83,5.9,6.27,MULTIPLE_FACES
S09197,100.0,1,0.0,0.0,2,45.61,45.84,8.55,LOOKING_LEFT
S09198,99.38,1,0.89,0.0,0,96.99,0.82,2.19,NORMAL
S09199,100.0,1,0.0,0.0,6,25.82,15.3,58.88,LOOKING_RIGHT
S09200,98.58,1,17.54,0.0,5,0.0,23.92,76.08,LOOKING_RIGHT
S09201,99.95,1,0.35,0.0,6,43.06,50.03,6.91,LOOKING_LEFT
S09202,10.99,1,124.25,0.0,0,78.69,17.4,3.91,NO_FACE
S09203,99.42,1,3.76,0.0,7,29.12,57.29,13.59,LOOKING_LEFT
S09204,99.86,2,0.3,60.56,5,80.48,13.13,6.39,MULTIPLE_FACES
S09205,100.0,1,0.0,0.0,3,85.26,10.91,3.83,NORMAL
S09206,99.53,1,4.35,0.0,5,24.48,20.35,55.17,LOOKING_RIGHT
S09207,99.6,1,5.23,0.0,2,38.43,59.67,1.9,LOOKING_LEFT
S09208,99.73,1,0.4,0.0,4,45.0,44.94,10.06,NORMAL
S09209,100.0,1,0.0,0.0,2,69.58,19.5,10.92,NORMAL
S09210,100.0,1,0.0,0.0,5,34.27,18.89,46.84,LOOKING_AWAY
S09211,100.0,1,0.0,0.0,4,21.39,61.49,17.12,LOOKING_AWAY
S09212,99.79,1,1.36,0.0,8,49.9,40.96,9.14,LOOKING_LEFT
S09213,99.92,1,0.74,0.0,5,30.57,23.11,46.32,LOOKING_RIGHT
S09214,68.64,1,30.04,0.0,1,68.87,11.97,19.16,NO_FACE
S09215,100.0,1,0.0,0.0,8,15.65,34.61,49.74,LOOKING_AWAY
S09216,100.0,1,0.0,0.0,3,39.38,44.23,16.39,LOOKING_LEFT
S09217,100.0,1,0.0,0.0,5,22.28,42.72,35.0,LOOKING_AWAY
S09218,100.0,1,0.0,0.0,6,23.07,29.66,47.27,LOOKING_RIGHT
S09219,83.63,1,60.6,0.0,2,19.1,55.3,25.6,NO_FACE
S09220,99.93,1,0.36,0.0,7,11.96,29.86,58.18,LOOKING_RIGHT
S09221,100.0,1,0.0,0.0,9,47.45,29.98,22.57,LOOKING_AWAY
S09222,100.0,1,0.0,0.0,3,9.53,64.43,26.04,LOOKING_LEFT
S09223,98.64,1,4.22,0.0,6,23.43,60.44,16.13,LOOKING_LEFT
S09224,54.66,1,61.19,0.0,1,71.85,11.4,16.75,NO_FACE
S09225,99.71,1,2.43,0.0,2,84.6,6.07,9.33,NORMAL
S09226,99.96,1,0.45,0.0,1,77.21,16.35,6.44,NORMAL
S09227,99.94,3,0.19,123.87,3,87.97,7.08,4.95,MULTIPLE_FACES
S09228,97.61,2,9.34,105.32,3,68.91,26.59,4.5,MULTIPLE_FACES
S09229,99.91,2,0.58,178.49,1,89.29,1.72,8.99,MULTIPLE_FACES
S09230,100.0,1,0.0,0.0,3,44.47,54.24,1.29,LOOKING_LEFT
S09231,100.0,1,0.0,0.0,7,63.46,22.13,14.41,NORMAL
S09232,97.47,1,17.04,0.0,6,85.72,4.61,9.67,NORMAL
S09233,100.0,1,0.0,0.0,7,56.36,8.19,35.45,LOOKING_RIGHT
S09234,99.85,1,1.18,0.0,7,32.79,17.99,49.22,LOOKING_AWAY
S09235,100.0,1,0.0,0.0,5,70.89,16.8,12.31,NORMAL
S09236,100.0,1,0.0,0.0,6,57.09,40.58,2.33,NORMAL
S09237,100.0,1,0.0,0.0,4,77.16,3.18,19.66,NORMAL
S09238,99.27,2,6.12,1.83,6,3.28,79.26,17.46,LOOKING_LEFT
S09239,99.81,1,0.97,0.0,0,95.19,2.58,2.23,NORMAL
S09240,99.84,2,0.18,45.35,2,68.38,12.32,19.3,MULTIPLE_FACES
S09241,85.79,1,43.64,0.0,3,80.92,1.92,17.16,NO_FACE
S09242,99.6,3,4.86,447.53,2,98.09,0.37,1.54,MULTIPLE_FACES
S09243,74.41,1,72.38,0.0,1,51.72,18.5,29.78,NO_FACE
S09244,100.0,1,0.0,0.0,10,17.87,74.98,7.15,LOOKING_LEFT
S09245,64.85,2,129.49,63.65,5,72.81,0.49,26.7,MULTIPLE_FACES
S09246,100.0,1,0.0,0.0,9,22.25,37.81,39.94,LOOKING_AWAY
S09247,99.9,1,0.64,0.0,4,38.82,52.54,8.64,LOOKING_LEFT
S09248,99.54,1,3.18,0.0,4,29.18,8.25,62.57,LOOKING_RIGHT
S09249,68.68,1,316.85,0.0,2,84.26,2.62,13.12,NO_FACE
S09250,97.76,1,1.78,0.0,4,48.29,26.46,25.25,NORMAL
S09251,100.0,1,0.0,0.0,7,80.98,3.64,15.38,NORMAL
S09252,99.99,1,0.11,0.0,2,41.56,48.0,10.44,LOOKING_LEFT
S09253,99.7,1,1.5,0.0,1,15.05,57.35,27.6,LOOKING_LEFT
S09254,100.0,1,0.0,0.0,8,38.32,61.22,0.46,LOOKING_LEFT
S09255,51.09,1,171.96,0.0,1,92.61,6.13,1.26,NO_FACE
S09256,100.0,1,0.0,0.0,7,23.28,58.37,18.35,LOOKING_AWAY
S09257,100.0,1,0.0,0.0,4,70.41,22.0,7.59,LOOKING_LEFT
S09258,99.87,1,0.69,0.0,9,24.75,49.5,25.75,LOOKING_AWAY
S09259,100.0,1,0.0,0.0,3,47.89,19.52,32.59,LOOKING_RIGHT
S09260,99.99,1,0.18,0.0,3,59.4,5.07,35.53,LOOKING_RIGHT
S09261,99.15,1,4.35,0.0,6,44.07,55.39,0.54,LOOKING_LEFT
S09262,99.76,1,0.29,0.0,1,91.45,4.89,3.66,NORMAL
S09263,100.0,2,0.0,21.67,5,44.08,43.63,12.29,MULTIPLE_FACES
S09264,100.0,1,0.0,0.0,3,85.65,9.73,4.62,NORMAL
S09265,28.42,1,177.84,0.0,3,69.58,8.91,21.51,NO_FACE
S09266,99.91,1,0.39,0.0,1,90.31,3.69,6.0,NORMAL
S09267,100.0,1,0.0,0.0,5,59.43,18.57,22.0,LOOKING_RIGHT
S09268,100.0,1,0.0,0.0,9,13.46,54.47,32.07,LOOKING_AWAY
S09269,100.0,1,0.0,0.0,3,38.22,0.08,61.7,LOOKING_RIGHT
S09270,99.01,1,13.1,0.0,5,39.51,45.2,15.29,LOOKING_LEFT
S09271,100.0,1,0.0,0.0,5,35.9,52.56,11.54,LOOKING_LEFT
S09272,100.0,1,0.0,0.0,5,65.43,32.81,1.76,LOOKING_LEFT
S09273,100.0,1,0.0,0.0,6,0.0,26.02,73.98,LOOKING_RIGHT
S09274,99.92,1,0.56,0.0,5,52.32,22.34,25.34,LOOKING_RIGHT
S09275,99.7,1,0.79,0.0,1,61.79,9.12,29.09,NORMAL
S09276,99.78,1,0.18,0.0,3,29.1,66.63,4.27,LOOKING_LEFT
S09277,100.0,1,0.0,0.0,2,87.47,8.52,4.01,NORMAL
S09278,8.58,1,100.59,0.0,3,84.81,12.5,2.69,NO_FACE
S09279,99.58,1,4.14,0.0,5,54.22,42.4,3.38,LOOKING_LEFT
S09280,99.93,2,0.76,314.46,4,75.46,4.57,19.97,MULTIPLE_FACES
S09281,100.0,1,0.0,0.0,4,0.0,86.0,14.0,LOOKING_LEFT
S09282,99.62,1,4.22,0.0,2,36.23,15.58,48.19,LOOKING_RIGHT
S09283,99.98,2,0.19,337.27,3,82.94,14.56,2.5,MULTIPLE_FACES
S09284,100.0,1,0.0,0.0,4,43.34,50.54,6.12,LOOKING_LEFT
S09285,45.9,1,540.16,0.0,5,26.43,14.52,59.05,NO_FACE
S09286,84.4,1,86.2,0.0,1,61.75,6.58,31.67,NO_FACE
S09287,66.5,2,69.01,36.26,5,81.83,5.57,12.6,MULTIPLE_FACES
S09288,54.85,1,64.4,0.0,1,94.62,0.59,4.79,NO_FACE
S09289,99.2,1,4.3,0.0,7,23.15,48.44,28.41,LOOKING_LEFT
S09290,99.86,1,0.26,0.0,0,93.74,3.37,2.89,NORMAL
S09291,100.0,1,0.0,0.0,5,42.72,8.98,48.3,LOOKING_RIGHT
S09292,100.0,3,0.0,210.23,5,49.05,20.25,30.7,MULTIPLE_FACES
S09293,99.83,1,0.41,0.0,1,78.65,1.02,20.33,NORMAL
S09294,100.0,1,0.0,0.0,5,48.62,8.4,42.98,LOOKING_RIGHT
S09295,0.0,0,626.54,0.0,0,100.0,0.0,0.0,NO_FACE
S09296,67.31,2,88.96,133.91,6,67.18,15.14,17.68,MULTIPLE_FACES
S09297,100.0,2,0.0,104.64,3,67.11,10.21,22.68,MULTIPLE_FACES
S09298,99.96,2,0.21,2.62,3,69.7,6.99,23.31,MULTIPLE_FACES
S09299,99.99,1,0.06,0.0,2,55.76,10.56,33.68,LOOKING_RIGHT
S09300,99.66,2,0.66,18.89,2,78.49,14.82,6.69,MULTIPLE_FACES
S09301,99.83,1,0.18,0.0,0,84.28,3.08,12.64,NORMAL
S09302,100.0,1,0.0,0.0,4,42.44,4.53,53.03,LOOKING_RIGHT
S09303,99.97,1,0.14,0.0,6,14.51,57.24,28.25,LOOKING_LEFT
S09304,99.85,1,0.97,0.0,3,46.9,6.52,46.58,LOOKING_RIGHT
S09305,99.47,1,1.31,0.0,4,39.44,37.5,23.06,LOOKING_LEFT
S09306,99.94,1,0.25,0.0,11,17.13,22.06,60.81,LOOKING_AWAY
S09307,99.92,1,0.42,0.0,5,46.95,28.48,24.57,LOOKING_LEFT
S09308,65.32,2,77.25,61.42,7,46.43,33.08,20.49,MULTIPLE_FACES
S09309,99.94,2,0.4,457.49,1,69.04,21.53,9.43,MULTIPLE_FACES
S09310,98.51,1,5.88,0.0,3,34.63,35.91,29.46,LOOKING_LEFT
S09311,100.0,1,0.0,0.0,2,73.1,26.45,0.45,NORMAL
S09312,64.21,1,92.11,0.0,2,81.21,5.6,13.19,NO_FACE
S09313,36.62,1,136.88,0.0,3,40.09,49.83,10.08,NO_FACE
S09314,70.89,2,220.26,35.1,4,77.92,19.65,2.43,MULTIPLE_FACES
S09315,99.71,1,0.77,0.0,0,36.48,33.26,30.26,LOOKING_LEFT
S09316,98.94,2,6.88,376.33,2,45.11,45.78,9.11,MULTIPLE_FACES
S09317,99.94,1,0.53,0.0,1,47.86,13.33,38.81,LOOKING_RIGHT
S09318,100.0,1,0.0,0.0,8,41.25,41.22,17.53,LOOKING_AWAY
S09319,99.98,1,0.03,0.0,4,2.31,26.1,71.59,LOOKING_RIGHT
S09320,100.0,1,0.0,0.0,0,81.21,15.63,3.16,NORMAL
S09321,97.76,2,12.65,2.59,6,48.17,26.6,25.23,MULTIPLE_FACES
S09322,99.55,1,0.78,0.0,2,77.4,3.37,19.23,NORMAL
S09323,99.72,1,0.8,0.0,11,44.85,18.4,36.75,LOOKING_AWAY
S09324,99.86,1,0.91,0.0,4,75.03,3.81,21.16,NORMAL
S09325,99.25,1,6.58,0.0,4,35.02,29.33,35.65,LOOKING_RIGHT
S09326,42.96,1,394.43,0.0,2,69.69,27.71,2.6,NO_FACE
S09327,100.0,2,0.0,27.63,5,95.58,2.2,2.22,MULTIPLE_FACES
S09328,100.0,2,0.0,143.47,4,89.23,6.46,4.31,MULTIPLE_FACES
S09329,99.67,1,2.65,0.0,5,1.85,68.73,29.42,LOOKING_LEFT
S09330,100.0,1,0.0,0.0,6,36.94,10.78,52.28,LOOKING_RIGHT
S09331,99.59,1,3.03,0.0,3,78.64,12.27,9.09,NORMAL
S09332,99.91,1,1.33,0.0,10,25.96,24.78,49.26,LOOKING_AWAY
S09333,100.0,1,0.0,0.0,4,67.57,8.54,23.89,NORMAL
S09334,99.59,1,2.35,0.0,3,43.33,39.32,17.35,LOOKING_LEFT
S09335,99.93,1,0.43,0.0,5,35.5,36.55,27.95,LOOKING_LEFT
S09336,100.0,1,0.0,0.0,6,54.27,13.15,32.58,LOOKING_RIGHT
S09337,63.45,2,173.51,161.51,8,59.69,3.58,36.73,MULTIPLE_FACES
S09338,100.0,2,0.0,49.44,12,36.11,31.92,31.97,MULTIPLE_FACES
S09339,100.0,1,0.03,0.0,8,46.07,20.61,33.32,LOOKING_AWAY
S09340,100.0,1,0.0,0.0,4,44.24,11.78,43.98,LOOKING_RIGHT
S09341,99.99,1,0.01,0.0,0,58.21,7.81,33.98,LOOKING_RIGHT
S09342,100.0,1,0.0,0.0,1,84.77,14.13,1.1,NORMAL
S09343,99.89,1,1.19,0.0,8,23.4,60.29,16.31,LOOKING_LEFT
S09344,94.23,1,17.0,0.0,4,84.83,11.72,3.45,NORMAL
S09345,99.95,1,0.83,0.0,4,44.28,3.24,52.48,LOOKING_RIGHT
S09346,100.0,1,0.0,0.0,7,57.37,10.5,32.13,NORMAL
S09347,99.88,1,0.67,0.0,3,93.22,1.0,5.78,NORMAL
S09348,100.0,1,0.0,0.0,6,28.49,46.5,25.01,LOOKING_AWAY
S09349,99.46,1,0.81,0.0,2,28.64,17.58,53.78,LOOKING_AWAY
S09350,100.0,1,0.0,0.0,5,56.38,24.91,18.71,NORMAL
S09351,100.0,1,0.0,0.0,10,52.97,18.11,28.92,LOOKING_AWAY
S09352,100.0,2,0.0,203.99,9,57.53,18.75,23.72,MULTIPLE_FACES
S09353,100.0,1,0.0,0.0,7,26.42,33.0,40.58,LOOKING_AWAY
S09354,100.0,1,0.0,0.0,7,30.73,47.23,22.04,LOOKING_LEFT
S09355,15.93,1,635.25,0.0,3,84.99,7.84,7.17,NO_FACE
S09356,99.97,2,0.17,352.29,5,46.08,30.95,22.97,MULTIPLE_FACES
S09357,99.74,1,1.5,0.0,6,0.08,27.8,72.12,LOOKING_RIGHT
S09358,100.0,1,0.0,0.0,3,58.76,7.33,33.91,LOOKING_RIGHT
S09359,99.96,1,0.35,0.0,2,91.71,2.86,5.43,NORMAL
S09360,100.0,1,0.0,0.0,1,78.34,12.29,9.37,NORMAL
S09361,99.75,2,1.53,278.72,4,77.28,12.6,10.12,MULTIPLE_FACES
S09362,100.0,1,0.01,0.0,6,42.74,21.51,35.75,LOOKING_RIGHT
S09363,100.0,1,0.0,0.0,7,29.22,7.37,63.41,LOOKING_RIGHT
S09364,100.0,1,0.0,0.0,10,36.1,52.37,11.53,LOOKING_AWAY
S09365,11.02,1,298.04,0.0,4,34.47,28.64,36.89,NO_FACE
S09366,99.92,1,0.85,0.0,5,74.08,5.36,20.56,NORMAL
S09367,96.15,1,7.46,0.0,1,89.64,6.16,4.2,NORMAL
S09368,100.0,2,0.0,83.57,3,34.0,22.79,43.21,MULTIPLE_FACES
S09369,100.0,1,0.0,0.0,5,61.1,10.37,28.53,NORMAL
S09370,99.62,1,3.25,0.0,4,28.05,5.15,66.8,LOOKING_RIGHT
S09371,99.96,1,0.25,0.0,1,54.38,34.75,10.87,LOOKING_LEFT
S09372,44.74,1,208.74,0.0,0,90.99,1.96,7.05,NO_FACE
S09373,100.0,1,0.0,0.0,5,21.11,24.61,54.28,LOOKING_RIGHT
S09374,99.05,1,2.21,0.0,1,92.55,4.44,3.01,NORMAL
S09375,99.37,1,0.61,0.0,2,67.83,21.7,10.47,NORMAL
S09376,22.83,1,236.63,0.0,1,68.21,2.65,29.14,NO_FACE
S09377,100.0,1,0.0,0.0,3,29.42,19.57,51.01,LOOKING_RIGHT
S09378,100.0,1,0.0,0.0,7,49.96,39.93,10.11,LOOKING_LEFT
S09379,99.19,4,7.78,342.24,2,78.92,14.08,7.0,MULTIPLE_FACES
S09380,99.53,1,1.31,0.0,4,44.93,4.33,50.74,LOOKING_RIGHT
S09381,99.94,1,0.86,0.0,3,51.09,15.44,33.47,LOOKING_RIGHT
S09382,99.38,1,3.99,0.0,3,52.56,46.96,0.48,LOOKING_LEFT
S09383,0.0,0,796.89,0.0,0,100.0,0.0,0.0,NO_FACE
S09384,97.9,3,19.43,224.51,2,70.9,10.87,18.23,MULTIPLE_FACES
S09385,99.98,2,0.06,126.46,5,76.23,14.08,9.69,MULTIPLE_FACES
S09386,99.91,1,1.32,0.0,0,73.68,1.96,24.36,NORMAL
S09387,99.91,1,0.19,0.0,2,38.12,7.32,54.56,LOOKING_RIGHT
S09388,37.65,1,54.78,0.0,5,69.58,9.86,20.56,NO_FACE
S09389,6.56,1,89.07,0.0,4,69.74,6.01,24.25,NO_FACE
S09390,100.0,1,0.0,0.0,4,36.21,48.51,15.28,LOOKING_LEFT
S09391,100.0,1,0.0,0.0,6,32.12,28.77,39.11,LOOKING_AWAY
S09392,100.0,2,0.0,24.69,4,55.56,11.4,33.04,MULTIPLE_FACES
S09393,100.0,1,0.0,0.0,1,91.29,6.81,1.9,NORMAL
S09394,99.97,1,0.25,0.0,0,66.84,2.62,30.54,LOOKING_RIGHT
S09395,100.0,1,0.0,0.0,8,25.54,54.86,19.6,LOOKING_AWAY
S09396,99.98,3,0.16,211.23,4,92.43,7.04,0.53,MULTIPLE_FACES
S09397,100.0,1,0.0,0.0,0,87.55,1.26,11.19,NORMAL
S09398,99.83,1,0.54,0.0,2,50.47,6.67,42.86,LOOKING_RIGHT
S09399,99.96,1,0.29,0.0,4,37.62,27.46,34.92,LOOKING_AWAY
S09400,99.98,1,0.32,0.0,10,49.84,27.36,22.8,LOOKING_AWAY
S09401,64.8,1,88.77,0.0,0,85.65,13.14,1.21,NO_FACE
S09402,66.12,1,307.96,0.0,2,84.21,7.56,8.23,NO_FACE
S09403,99.51,1,3.14,0.0,3,60.41,10.71,28.88,LOOKING_RIGHT
S09404,79.45,1,104.44,0.0,5,4.23,26.84,68.93,NO_FACE
S09405,100.0,1,0.0,0.0,4,11.35,43.72,44.93,LOOKING_AWAY
S09406,100.0,1,0.0,0.0,2,68.12,26.46,5.42,LOOKING_LEFT
S09407,74.56,1,86.79,0.0,1,80.42,12.17,7.41,NO_FACE
S09408,99.8,1,0.61,0.0,4,78.59,7.25,14.16,NORMAL
S09409,100.0,1,0.0,0.0,8,38.02,32.49,29.49,LOOKING_LEFT
S09410,99.93,2,0.45,260.21,0,81.02,10.94,8.04,MULTIPLE_FACES
S09411,96.98,2,11.26,219.63,3,73.53,2.63,23.84,MULTIPLE_FACES
S09412,100.0,4,0.0,164.54,4,84.29,6.87,8.84,MULTIPLE_FACES
S09413,99.53,1,1.15,0.0,5,67.88,9.3,22.82,NORMAL
S09414,98.5,1,3.57,0.0,3,26.45,49.24,24.31,LOOKING_LEFT
S09415,99.93,1,0.54,0.0,8,19.83,33.53,46.64,LOOKING_AWAY
S09416,99.34,1,0.56,0.0,6,72.77,18.88,8.35,NORMAL
S09417,100.0,1,0.0,0.0,2,74.82,17.01,8.17,NORMAL
S09418,100.0,2,0.0,20.42,9,46.0,35.01,18.99,MULTIPLE_FACES
S09419,100.0,1,0.0,0.0,4,70.17,17.1,12.73,NORMAL
S09420,99.82,1,0.33,0.0,4,82.15,5.69,12.16,NORMAL
S09421,95.05,1,13.93,0.0,2,31.05,6.65,62.3,LOOKING_RIGHT
S09422,99.63,1,1.77,0.0,4,89.77,6.08,4.15,NORMAL
S09423,99.98,1,0.1,0.0,2,69.47,21.26,9.27,NORMAL
S09424,100.0,1,0.0,0.0,2,61.47,6.63,31.9,NORMAL
S09425,100.0,1,0.0,0.0,3,28.6,47.96,23.44,LOOKING_LEFT
S09426,60.26,1,118.18,0.0,5,16.89,20.65,62.46,NO_FACE
S09427,100.0,1,0.0,0.0,4,41.13,5.23,53.64,LOOKING_AWAY
S09428,100.0,1,0.0,0.0,8,21.37,44.25,34.38,LOOKING_AWAY
S09429,100.0,1,0.0,0.0,5,45.2,42.86,11.94,LOOKING_LEFT
S09430,100.0,1,0.0,0.0,13,29.82,22.26,47.92,LOOKING_AWAY
S09431,45.9,1,174.46,0.0,2,40.96,39.45,19.59,NO_FACE
S09432,96.41,2,10.6,157.33,1,91.1,7.48,1.42,MULTIPLE_FACES
S09433,70.44,2,114.15,52.67,2,72.47,9.04,18.49,MULTIPLE_FACES
S09434,100.0,3,0.0,114.21,3,97.05,0.47,2.48,MULTIPLE_FACES
S09435,98.21,1,9.97,0.0,8,49.37,16.56,34.07,LOOKING_AWAY
S09436,100.0,1,0.0,0.0,8,17.64,19.58,62.78,LOOKING_AWAY
S09437,99.91,2,0.5,61.03,1,82.4,9.04,8.56,MULTIPLE_FACES
S09438,99.57,3,0.82,11.33,2,64.12,29.76,6.12,MULTIPLE_FACES
S09439,39.78,1,369.81,0.0,4,70.24,19.28,10.48,NO_FACE
S09440,100.0,1,0.0,0.0,4,36.91,55.73,7.36,LOOKING_LEFT
S09441,99.82,1,0.41,0.0,3,82.33,2.23,15.44,NORMAL
S09442,63.92,2,189.73,0.88,1,86.1,5.26,8.64,NO_FACE
S09443,100.0,1,0.0,0.0,1,60.08,4.5,35.42,LOOKING_RIGHT
S09444,15.83,1,350.35,0.0,1,80.71,11.02,8.27,NO_FACE
S09445,100.0,1,0.0,0.0,8,17.65,32.73,49.62,LOOKING_AWAY
S09446,100.0,1,0.0,0.0,0,78.77,9.64,11.59,NORMAL
S09447,99.81,2,2.55,474.09,3,78.23,3.01,18.76,MULTIPLE_FACES
S09448,100.0,1,0.0,0.0,8,45.71,1.32,52.97,LOOKING_RIGHT
S09449,100.0,1,0.0,0.0,11,62.0,24.58,13.42,LOOKING_AWAY
S09450,99.99,1,0.06,0.0,8,26.87,48.24,24.89,LOOKING_AWAY
S09451,99.9,1,1.22,0.0,8,22.02,49.33,28.65,LOOKING_AWAY
S09452,99.47,1,5.14,0.0,3,17.58,51.17,31.25,LOOKING_LEFT
S09453,99.96,1,0.42,0.0,1,59.82,35.28,4.9,LOOKING_LEFT
S09454,99.72,1,1.84,0.0,2,91.64,0.85,7.51,NORMAL
S09455,100.0,1,0.0,0.0,8,50.28,37.3,12.42,LOOKING_AWAY
S09456,14.53,1,170.89,0.0,3,89.2,10.49,0.31,NO_FACE
S09457,99.71,1,2.34,0.0,5,41.01,37.62,21.37,LOOKING_AWAY
S09458,99.98,1,0.16,0.0,5,34.72,49.14,16.14,LOOKING_LEFT
S09459,99.98,1,0.19,0.0,4,82.05,4.91,13.04,NORMAL
S09460,99.54,2,1.69,106.01,4,78.21,4.08,17.71,MULTIPLE_FACES
S09461,100.0,1,0.0,0.0,4,66.41,24.06,9.53,NORMAL
S09462,100.0,1,0.0,0.0,2,18.48,9.44,72.08,LOOKING_RIGHT
S09463,6.31,1,383.87,0.0,5,61.17,29.95,8.88,NO_FACE
S09464,99.9,1,0.52,0.0,3,52.64,25.6,21.76,NORMAL
S09465,100.0,1,0.0,0.0,6,53.96,11.38,34.66,LOOKING_RIGHT
S09466,100.0,1,0.0,0.0,10,32.09,66.3,1.61,LOOKING_LEFT
S09467,100.0,3,0.0,54.37,3,78.16,11.81,10.03,MULTIPLE_FACES
S09468,98.45,1,17.19,0.0,6,26.31,49.23,24.46,LOOKING_LEFT
S09469,100.0,1,0.0,0.0,9,37.09,16.59,46.32,LOOKING_RIGHT
S09470,66.87,2,203.41,0.81,4,53.24,34.84,11.92,MULTIPLE_FACES
S09471,100.0,1,0.0,0.0,7,43.56,30.57,25.87,LOOKING_AWAY
S09472,98.78,2,3.79,116.58,5,74.79,8.16,17.05,MULTIPLE_FACES
S09473,99.98,1,0.05,0.0,5,18.36,14.16,67.48,LOOKING_RIGHT
S09474,100.0,1,0.0,0.0,11,32.77,22.49,44.74,LOOKING_AWAY
S09475,100.0,2,0.0,369.25,2,81.08,13.5,5.42,MULTIPLE_FACES
S09476,99.47,1,1.71,0.0,6,61.07,30.29,8.64,LOOKING_LEFT
S09477,87.47,3,19.09,25.94,3,72.17,6.09,21.74,MULTIPLE_FACES
S09478,100.0,4,0.0,1.33,2,96.03,0.17,3.8,MULTIPLE_FACES
S09479,98.0,1,22.05,0.0,6,51.15,5.75,43.1,LOOKING_RIGHT
S09480,99.88,1,1.04,0.0,1,81.79,6.53,11.68,NORMAL
S09481,100.0,1,0.0,0.0,0,72.91,11.75,15.34,NORMAL
S09482,99.6,1,1.11,0.0,4,77.85,15.31,6.84,NORMAL
S09483,38.5,1,168.85,0.0,4,57.51,15.51,26.98,NO_FACE
S09484,100.0,1,0.0,0.0,9,0.0,8.4,91.6,LOOKING_RIGHT
S09485,99.53,1,1.79,0.0,4,63.88,27.16,8.96,LOOKING_LEFT
S09486,100.0,1,0.0,0.0,6,28.32,20.36,51.32,LOOKING_RIGHT
S09487,100.0,2,0.0,239.16,3,91.63,4.99,3.38,MULTIPLE_FACES
S09488,98.39,1,1.46,0.0,5,41.33,19.22,39.45,LOOKING_RIGHT
S09489,99.48,2,1.68,49.65,1,95.51,1.57,2.92,MULTIPLE_FACES
S09490,100.0,1,0.0,0.0,4,21.5,7.44,71.06,LOOKING_RIGHT
S09491,100.0,1,0.0,0.0,3,30.41,12.56,57.03,LOOKING_AWAY
S09492,99.9,2,1.17,466.13,6,51.11,7.7,41.19,MULTIPLE_FACES
S09493,54.39,1,155.04,0.0,5,89.21,7.33,3.46,NO_FACE
S09494,99.99,1,0.13,0.0,1,69.96,10.27,19.77,NORMAL
S09495,76.08,1,125.58,0.0,1,78.34,1.26,20.4,NO_FACE
S09496,96.06,2,10.57,115.99,3,90.44,3.67,5.89,MULTIPLE_FACES
S09497,100.0,2,0.0,285.63,6,69.54,8.34,22.12,MULTIPLE_FACES
S09498,100.0,1,0.0,0.0,6,54.22,1.67,44.11,LOOKING_RIGHT
S09499,99.96,1,0.48,0.0,10,15.22,34.55,50.23,LOOKING_AWAY
S09500,100.0,1,0.0,0.0,5,68.42,8.03,23.55,NORMAL
S09501,99.76,1,0.22,0.0,7,0.0,24.93,75.07,LOOKING_RIGHT
S09502,99.74,1,1.19,0.0,11,43.3,15.48,41.22,LOOKING_AWAY
S09503,66.01,2,29.34,75.45,0,77.18,9.19,13.63,MULTIPLE_FACES
S09504,100.0,1,0.0,0.0,4,64.68,12.99,22.33,NORMAL
S09505,99.82,1,2.78,0.0,11,34.45,32.05,33.5,LOOKING_AWAY
S09506,98.82,1,6.37,0.0,6,13.66,23.66,62.68,LOOKING_AWAY
S09507,100.0,1,0.0,0.0,3,36.26,49.82,13.92,LOOKING_LEFT
S09508,100.0,2,0.0,302.34,1,75.89,11.96,12.15,MULTIPLE_FACES
S09509,69.71,1,38.27,0.0,3,31.7,45.13,23.17,NO_FACE
S09510,100.0,1,0.0,0.0,6,10.64,65.0,24.36,LOOKING_LEFT
S09511,35.51,1,295.88,0.0,0,77.02,5.72,17.26,NO_FACE
S09512,86.02,1,20.7,0.0,3,78.94,3.88,17.18,NO_FACE
S09513,100.0,1,0.0,0.0,4,54.83,0.32,44.85,LOOKING_RIGHT
S09514,100.0,1,0.0,0.0,4,26.82,40.83,32.35,LOOKING_LEFT
S09515,99.87,1,0.55,0.0,1,88.8,7.63,3.57,NORMAL
S09516,99.57,2,5.12,113.14,1,80.8,13.05,6.15,MULTIPLE_FACES
S09517,100.0,4,0.0,422.59,4,88.53,2.04,9.43,MULTIPLE_FACES
S09518,99.9,1,1.48,0.0,3,84.27,2.46,13.27,NORMAL
S09519,99.94,4,0.9,227.84,7,79.12,1.75,19.13,MULTIPLE_FACES
S09520,99.97,1,0.21,0.0,3,81.48,14.74,3.78,NORMAL
S09521,81.45,1,92.28,0.0,5,31.92,42.25,25.83,NO_FACE
S09522,81.97,1,176.15,0.0,1,60.87,6.36,32.77,NO_FACE
S09523,66.09,1,470.77,0.0,3,79.53,6.57,13.9,NO_FACE
S09524,99.92,1,0.79,0.0,6,34.65,47.88,17.47,LOOKING_LEFT
S09525,100.0,1,0.0,0.0,10,30.87,45.37,23.76,LOOKING_AWAY
S09526,100.0,1,0.0,0.0,6,33.01,10.71,56.28,LOOKING_RIGHT
S09527,99.81,1,1.45,0.0,3,61.22,9.76,29.02,NORMAL
S09528,99.96,1,0.22,0.0,1,34.55,11.04,54.41,LOOKING_RIGHT
S09529,100.0,1,0.0,0.0,3,20.16,19.72,60.12,LOOKING_RIGHT
S09530,99.92,1,0.5,0.0,2,87.57,7.46,4.97,NORMAL
S09531,100.0,1,0.0,0.0,4,37.9,50.96,11.14,LOOKING_LEFT
S09532,96.72,1,14.0,0.0,2,65.05,2.27,32.68,LOOKING_RIGHT
S09533,99.8,1,1.51,0.0,3,78.93,11.88,9.19,NORMAL
S09534,24.92,1,401.26,0.0,7,11.7,76.38,11.92,NO_FACE
S09535,41.13,1,209.94,0.0,3,69.47,27.89,2.64,NO_FACE
S09536,99.61,1,2.41,0.0,7,43.33,32.98,23.69,LOOKING_AWAY
S09537,100.0,1,0.0,0.0,6,43.08,7.2,49.72,LOOKING_RIGHT
S09538,100.0,1,0.03,0.0,2,58.72,29.09,12.19,NORMAL
S09539,100.0,1,0.0,0.0,5,46.33,50.38,3.29,LOOKING_LEFT
S09540,99.84,1,1.3,0.0,11,34.94,50.98,14.08,LOOKING_AWAY
S09541,100.0,1,0.0,0.0,2,81.39,12.06,6.55,NORMAL
S09542,99.92,1,0.7,0.0,6,6.12,67.67,26.21,LOOKING_AWAY
S09543,29.0,1,938.35,0.0,2,86.44,8.68,4.88,NO_FACE
S09544,100.0,1,0.0,0.0,5,34.22,57.39,8.39,LOOKING_LEFT
S09545,100.0,2,0.0,1.8,4,71.32,23.03,5.65,MULTIPLE_FACES
S09546,97.87,2,4.29,62.96,5,70.7,2.82,26.48,MULTIPLE_FACES
S09547,83.51,1,12.88,0.0,5,34.12,0.83,65.05,LOOKING_RIGHT
S09548,99.97,1,0.19,0.0,0,96.37,2.71,0.92,NORMAL
S09549,83.81,1,47.69,0.0,1,43.07,25.05,31.88,NO_FACE
S09550,100.0,1,0.0,0.0,6,6.82,76.65,16.53,LOOKING_LEFT
S09551,99.92,1,0.28,0.0,1,39.76,24.97,35.27,LOOKING_RIGHT
S09552,100.0,3,0.0,250.53,3,82.23,15.01,2.76,MULTIPLE_FACES
S09553,100.0,1,0.0,0.0,5,21.7,56.71,21.59,LOOKING_LEFT
S09554,14.2,1,149.02,0.0,1,71.95,2.13,25.92,NO_FACE
S09555,99.87,2,0.38,5.15,4,49.29,7.14,43.57,MULTIPLE_FACES
S09556,98.89,2,2.67,108.49,6,74.49,22.96,2.55,MULTIPLE_FACES
S09557,100.0,1,0.0,0.0,3,73.28,10.0,16.72,NORMAL
S09558,100.0,1,0.0,0.0,3,53.72,38.0,8.28,LOOKING_LEFT
S09559,100.0,1,0.0,0.0,9,46.24,7.33,46.43,NORMAL
S09560,100.0,1,0.0,0.0,5,64.92,27.36,7.72,NORMAL
S09561,99.86,1,0.75,0.0,5,26.29,71.3,2.41,LOOKING_LEFT
S09562,99.84,1,0.18,0.0,14,15.76,31.27,52.97,LOOKING_AWAY
S09563,100.0,1,0.0,0.0,2,48.32,28.06,23.62,LOOKING_LEFT
S09564,98.67,1,16.7,0.0,9,23.89,24.86,51.25,LOOKING_AWAY
S09565,87.46,1,56.65,0.0,0,93.08,1.33,5.59,NO_FACE
S09566,100.0,2,0.0,23.29,5,78.91,8.21,12.88,MULTIPLE_FACES
S09567,100.0,1,0.0,0.0,8,21.84,13.07,65.09,LOOKING_AWAY
S09568,100.0,1,0.0,0.0,10,34.49,15.09,50.42,LOOKING_AWAY
S09569,99.93,1,0.44,0.0,3,66.25,15.87,17.88,NORMAL
S09570,99.45,1,6.13,0.0,2,63.27,29.53,7.2,LOOKING_LEFT
S09571,99.53,1,0.61,0.0,4,24.45,6.22,69.33,LOOKING_RIGHT
S09572,83.14,1,22.9,0.0,1,81.62,11.11,7.27,NO_FACE
S09573,100.0,1,0.0,0.0,4,26.6,69.68,3.72,LOOKING_LEFT
S09574,99.94,1,0.51,0.0,5,24.93,57.08,17.99,LOOKING_LEFT
S09575,99.74,2,2.28,2.26,2,70.1,5.2,24.7,MULTIPLE_FACES
S09576,100.0,1,0.0,0.0,6,16.08,25.23,58.69,LOOKING_RIGHT
S09577,99.81,1,1.11,0.0,1,74.7,22.93,2.37,LOOKING_LEFT
S09578,99.21,1,4.69,0.0,1,78.17,4.18,17.65,NORMAL
S09579,99.94,2,0.12,1.76,10,31.11,67.65,1.24,LOOKING_LEFT
S09580,99.99,1,0.05,0.0,1,78.25,7.24,14.51,NORMAL
S09581,100.0,3,0.0,26.81,5,68.55,16.27,15.18,MULTIPLE_FACES
S09582,99.94,1,0.59,0.0,3,56.98,27.83,15.19,LOOKING_AWAY
S09583,72.35,1,10.55,0.0,5,55.0,28.25,16.75,NO_FACE
S09584,100.0,1,0.0,0.0,3,3.26,20.43,76.31,LOOKING_RIGHT
S09585,23.99,1,170.41,0.0,3,78.73,8.84,12.43,NO_FACE
S09586,99.46,1,1.23,0.0,5,62.65,9.87,27.48,NORMAL
S09587,99.99,2,0.01,95.23,5,67.28,23.11,9.61,MULTIPLE_FACES
S09588,0.0,0,557.69,0.0,0,100.0,0.0,0.0,NO_FACE
S09589,99.5,1,5.12,0.0,2,48.01,16.58,35.41,LOOKING_RIGHT
S09590,97.0,1,10.63,0.0,4,34.39,8.12,57.49,LOOKING_RIGHT
S09591,99.98,1,0.16,0.0,3,56.47,27.01,16.52,NORMAL
S09592,60.42,2,180.74,164.5,2,95.84,2.12,2.04,MULTIPLE_FACES
S09593,60.31,1,294.87,0.0,4,61.97,17.74,20.29,NO_FACE
S09594,100.0,1,0.0,0.0,2,25.2,6.64,68.16,LOOKING_RIGHT
S09595,81.91,1,37.64,0.0,8,19.66,16.95,63.39,NO_FACE
S09596,98.17,1,23.78,0.0,2,88.04,6.88,5.08,NORMAL
S09597,99.09,2,0.5,12.01,11,53.47,10.21,36.32,MULTIPLE_FACES
S09598,100.0,1,0.0,0.0,4,23.59,6.72,69.69,LOOKING_RIGHT
S09599,99.28,1,1.27,0.0,4,53.18,31.11,15.71,NORMAL
S09600,100.0,1,0.0,0.0,4,71.35,11.98,16.67,NORMAL
S09601,99.73,1,0.48,0.0,0,80.34,14.4,5.26,NORMAL
S09602,100.0,1,0.0,0.0,7,35.92,18.02,46.06,LOOKING_AWAY
S09603,99.68,1,1.58,0.0,4,68.94,10.73,20.33,NORMAL
S09604,98.64,1,17.05,0.0,10,14.62,70.82,14.56,LOOKING_AWAY
S09605,99.92,1,0.4,0.0,0,84.09,8.06,7.85,NORMAL
S09606,85.9,1,65.87,0.0,1,66.79,18.23,14.98,NO_FACE
S09607,98.69,1,10.44,0.0,5,34.29,39.25,26.46,LOOKING_LEFT
S09608,99.14,1,8.33,0.0,1,44.19,0.06,55.75,LOOKING_RIGHT
S09609,100.0,1,0.0,0.0,9,33.01,7.87,59.12,LOOKING_AWAY
S09610,100.0,1,0.0,0.0,8,20.93,64.11,14.96,LOOKING_AWAY
S09611,100.0,2,0.0,2.78,0,76.29,7.01,16.7,MULTIPLE_FACES
S09612,100.0,1,0.0,0.0,5,63.97,20.46,15.57,NORMAL
S09613,97.14,1,9.56,0.0,7,50.37,6.59,43.04,LOOKING_RIGHT
S09614,99.84,2,0.4,88.3,4,34.0,53.4,12.6,MULTIPLE_FACES
S09615,100.0,1,0.0,0.0,7,32.27,25.34,42.39,LOOKING_AWAY
S09616,100.0,1,0.0,0.0,6,57.49,25.5,17.01,NORMAL
S09617,100.0,3,0.0,221.13,4,52.96,37.67,9.37,MULTIPLE_FACES
S09618,100.0,1,0.0,0.0,3,23.04,63.41,13.55,LOOKING_LEFT
S09619,98.78,1,3.35,0.0,5,32.95,8.07,58.98,LOOKING_RIGHT
S09620,100.0,1,0.0,0.0,4,33.8,4.72,61.48,LOOKING_RIGHT
S09621,100.0,1,0.0,0.0,4,40.26,57.96,1.78,LOOKING_LEFT
S09622,76.58,2,137.51,0.59,2,85.65,0.66,13.69,MULTIPLE_FACES
S09623,96.48,1,13.08,0.0,2,66.51,6.99,26.5,LOOKING_RIGHT
S09624,99.96,1,0.34,0.0,11,20.35,7.09,72.56,LOOKING_AWAY
S09625,100.0,1,0.0,0.0,4,62.14,2.79,35.07,NORMAL
S09626,67.76,3,236.22,310.19,2,83.37,15.16,1.47,MULTIPLE_FACES
S09627,99.62,2,1.75,35.23,7,84.05,14.21,1.74,MULTIPLE_FACES
S09628,97.0,2,11.01,55.35,5,71.78,18.11,10.11,MULTIPLE_FACES
S09629,100.0,1,0.0,0.0,4,73.43,23.16,3.41,NORMAL
S09630,46.4,1,321.71,0.0,2,76.95,7.81,15.24,NO_FACE
S09631,99.96,1,0.43,0.0,4,50.27,32.67,17.06,LOOKING_LEFT
S09632,41.9,1,144.2,0.0,2,62.03,20.03,17.94,NO_FACE
S09633,99.22,1,1.11,0.0,0,62.68,29.7,7.62,NORMAL
S09634,74.79,1,108.18,0.0,3,76.97,12.46,10.57,NO_FACE
S09635,100.0,2,0.0,149.13,4,86.49,7.6,5.91,MULTIPLE_FACES
S09636,99.94,1,0.08,0.0,3,42.02,24.03,33.95,LOOKING_RIGHT
S09637,99.63,1,3.9,0.0,10,27.21,68.37,4.42,LOOKING_LEFT
S09638,100.0,1,0.0,0.0,1,28.7,46.5,24.8,LOOKING_LEFT
S09639,99.71,1,0.24,0.0,1,81.37,15.72,2.91,NORMAL
S09640,99.96,1,0.31,0.0,2,81.96,2.02,16.02,NORMAL
S09641,82.13,1,83.42,0.0,4,80.74,9.16,10.1,NO_FACE
S09642,99.9,2,1.57,202.39,2,91.75,7.42,0.83,MULTIPLE_FACES
S09643,99.61,1,3.12,0.0,4,85.45,13.09,1.46,NORMAL
S09644,92.53,1,9.79,0.0,10,30.05,67.1,2.85,LOOKING_LEFT
S09645,100.0,1,0.0,0.0,7,26.68,54.94,18.38,LOOKING_AWAY
S09646,100.0,1,0.0,0.0,3,59.3,36.58,4.12,LOOKING_LEFT
S09647,100.0,1,0.0,0.0,4,39.94,58.78,1.28,LOOKING_LEFT
S09648,99.94,1,0.24,0.0,8,34.26,43.09,22.65,LOOKING_AWAY
S09649,73.83,4,52.71,140.16,2,64.51,32.46,3.03,MULTIPLE_FACES
S09650,100.0,1,0.0,0.0,6,38.19,9.86,51.95,LOOKING_RIGHT
S09651,100.0,1,0.0,0.0,2,68.63,27.07,4.3,LOOKING_LEFT
S09652,85.69,1,16.13,0.0,5,75.94,19.35,4.71,NORMAL
S09653,99.88,2,0.39,85.53,5,71.46,17.07,11.47,MULTIPLE_FACES
S09654,99.05,1,2.9,0.0,3,44.79,1.77,53.44,LOOKING_RIGHT
S09655,32.95,1,270.47,0.0,2,91.87,1.13,7.0,NO_FACE
S09656,99.79,1,1.54,0.0,11,32.06,35.47,32.47,LOOKING_LEFT
S09657,100.0,1,0.0,0.0,3,32.13,57.36,10.51,LOOKING_LEFT
S09658,99.99,1,0.14,0.0,13,29.06,36.38,34.56,LOOKING_AWAY
S09659,100.0,1,0.0,0.0,4,82.71,13.46,3.83,NORMAL
S09660,99.97,1,0.22,0.0,5,49.79,47.14,3.07,LOOKING_LEFT
S09661,100.0,1,0.0,0.0,0,85.72,7.19,7.09,NORMAL
S09662,24.07,1,475.14,0.0,2,86.29,9.79,3.92,NO_FACE
S09663,100.0,1,0.0,0.0,3,39.06,31.97,28.97,LOOKING_LEFT
S09664,99.79,1,2.67,0.0,5,24.68,54.93,20.39,LOOKING_LEFT
S09665,100.0,1,0.0,0.0,5,42.69,12.41,44.9,LOOKING_RIGHT
S09666,99.9,1,0.19,0.0,3,44.79,19.1,36.11,LOOKING_RIGHT
S09667,100.0,1,0.0,0.0,9,6.44,7.83,85.73,LOOKING_RIGHT
S09668,99.79,1,1.33,0.0,2,38.84,15.27,45.89,LOOKING_RIGHT
S09669,100.0,1,0.0,0.0,5,75.74,11.11,13.15,NORMAL
S09670,99.74,1,2.34,0.0,5,81.47,2.77,15.76,NORMAL
S09671,99.76,1,1.5,0.0,8,58.96,29.81,11.23,NORMAL
S09672,100.0,1,0.0,0.0,3,11.55,13.55,74.9,LOOKING_RIGHT
S09673,13.62,1,841.48,0.0,4,68.47,25.25,6.28,NO_FACE
S09674,99.94,1,0.53,0.0,2,84.92,5.03,10.05,NORMAL
S09675,100.0,2,0.0,566.26,4,70.71,15.33,13.96,MULTIPLE_FACES
S09676,99.64,1,1.21,0.0,7,39.42,17.09,43.49,LOOKING_RIGHT
S09677,28.69,1,46.41,0.0,0,70.31,14.02,15.67,NO_FACE
S09678,89.79,1,18.89,0.0,2,61.9,16.34,21.76,NO_FACE
S09679,99.52,1,3.05,0.0,5,73.66,6.97,19.37,NORMAL
S09680,99.95,2,0.3,229.09,3,82.18,12.77,5.05,MULTIPLE_FACES
S09681,99.93,1,0.81,0.0,2,81.14,12.27,6.59,NORMAL
S09682,99.33,1,1.72,0.0,7,33.01,60.31,6.68,LOOKING_LEFT
S09683,100.0,1,0.0,0.0,6,5.63,92.0,2.37,LOOKING_LEFT
S09684,99.65,1,2.15,0.0,0,91.78,4.27,3.95,NORMAL
S09685,100.0,1,0.0,0.0,5,51.3,17.07,31.63,LOOKING_RIGHT
S09686,13.39,1,256.3,0.0,2,77.12,2.1,20.78,NO_FACE
S09687,66.01,1,230.36,0.0,3,17.72,43.55,38.73,NO_FACE
S09688,99.86,1,0.97,0.0,7,45.94,36.11,17.95,LOOKING_AWAY
S09689,100.0,1,0.01,0.0,6,21.58,53.09,25.33,LOOKING_LEFT
S09690,22.04,1,805.0,0.0,7,58.28,34.6,7.12,NO_FACE
S09691,100.0,1,0.0,0.0,3,88.74,6.64,4.62,NORMAL
S09692,99.96,1,0.07,0.0,3,91.76,5.52,2.72,NORMAL
S09693,99.74,1,2.57,0.0,8,17.89,51.33,30.78,LOOKING_AWAY
S09694,76.44,2,182.6,405.29,4,49.79,21.51,28.7,MULTIPLE_FACES
S09695,100.0,1,0.0,0.0,2,86.73,5.73,7.54,NORMAL
S09696,99.99,1,0.03,0.0,3,21.36,17.24,61.4,LOOKING_AWAY
S09697,99.87,1,0.96,0.0,5,60.23,28.4,11.37,NORMAL
S09698,100.0,1,0.0,0.0,4,80.3,6.82,12.88,NORMAL
S09699,74.78,1,35.97,0.0,4,59.57,12.22,28.21,NO_FACE
S09700,100.0,1,0.0,0.0,7,13.29,55.5,31.21,LOOKING_AWAY
S09701,100.0,1,0.0,0.0,3,71.18,26.49,2.33,NORMAL
S09702,35.45,1,377.03,0.0,2,81.71,6.55,11.74,NO_FACE
S09703,100.0,1,0.0,0.0,2,73.45,10.74,15.81,NORMAL
S09704,97.85,1,9.78,0.0,8,49.45,21.9,28.65,NORMAL
S09705,86.11,1,10.65,0.0,12,46.99,32.05,20.96,LOOKING_AWAY
S09706,99.85,1,1.4,0.0,4,70.85,3.96,25.19,LOOKING_RIGHT
S09707,99.73,1,1.26,0.0,4,47.76,12.11,40.13,LOOKING_RIGHT
S09708,99.72,1,1.23,0.0,5,59.07,8.58,32.35,LOOKING_RIGHT
S09709,100.0,2,0.01,232.59,4,77.06,13.39,9.55,MULTIPLE_FACES
S09710,100.0,1,0.0,0.0,4,30.14,26.44,43.42,LOOKING_RIGHT
S09711,100.0,1,0.0,0.0,7,10.47,40.35,49.18,LOOKING_AWAY
S09712,99.94,1,0.41,0.0,5,35.99,21.98,42.03,LOOKING_RIGHT
S09713,99.59,1,2.81,0.0,3,39.43,49.63,10.94,LOOKING_LEFT
S09714,99.8,1,1.9,0.0,10,28.71,67.15,4.14,LOOKING_AWAY
S09715,99.98,1,0.18,0.0,2,38.53,7.32,54.15,LOOKING_RIGHT
S09716,100.0,2,0.0,261.21,5,59.31,19.3,21.39,MULTIPLE_FACES
S09717,100.0,1,0.0,0.0,3,68.64,20.83,10.53,NORMAL
S09718,73.35,1,142.74,0.0,2,18.7,63.49,17.81,NO_FACE
S09719,100.0,1,0.0,0.0,7,21.0,69.83,9.17,LOOKING_LEFT
S09720,100.0,1,0.0,0.0,9,28.74,23.6,47.66,LOOKING_AWAY
S09721,0.0,0,195.08,0.0,0,100.0,0.0,0.0,NO_FACE
S09722,99.82,1,1.85,0.0,2,75.02,9.98,15.0,NORMAL
S09723,99.61,1,0.8,0.0,6,33.96,64.33,1.71,LOOKING_LEFT
S09724,100.0,1,0.0,0.0,7,63.66,25.87,10.47,NORMAL
S09725,43.72,1,129.65,0.0,2,23.53,44.43,32.04,NO_FACE
S09726,100.0,1,0.0,0.0,7,19.92,23.71,56.37,LOOKING_RIGHT
S09727,100.0,1,0.0,0.0,11,18.11,37.93,43.96,LOOKING_AWAY
S09728,100.0,1,0.0,0.0,7,27.2,43.62,29.18,LOOKING_AWAY
S09729,100.0,2,0.0,153.8,0,84.22,2.74,13.04,MULTIPLE_FACES
S09730,62.59,3,82.75,190.09,4,75.31,17.51,7.18,MULTIPLE_FACES
S09731,98.81,1,4.55,0.0,1,88.51,9.69,1.8,NORMAL
S09732,98.85,1,10.78,0.0,5,0.0,66.43,33.57,LOOKING_LEFT
S09733,99.92,1,1.37,0.0,4,51.6,12.07,36.33,LOOKING_AWAY
S09734,22.71,1,278.33,0.0,5,4.76,37.51,57.73,NO_FACE
S09735,99.77,2,2.75,323.6,2,78.47,17.93,3.6,MULTIPLE_FACES
S09736,98.41,1,12.91,0.0,12,18.93,68.27,12.8,LOOKING_AWAY
S09737,68.86,2,200.64,60.08,2,74.82,15.77,9.41,MULTIPLE_FACES
S09738,99.98,1,0.17,0.0,1,32.42,44.2,23.38,LOOKING_LEFT
S09739,99.65,1,3.1,0.0,7,23.81,74.61,1.58,LOOKING_LEFT
S09740,100.0,1,0.0,0.0,3,29.86,24.58,45.56,LOOKING_RIGHT
S09741,100.0,1,0.0,0.0,4,89.78,2.3,7.92,NORMAL
S09742,22.17,1,262.5,0.0,2,65.19,25.56,9.25,NO_FACE
S09743,100.0,2,0.0,170.39,2,80.54,11.46,8.0,MULTIPLE_FACES
S09744,72.55,2,4.76,26.87,7,61.04,24.42,14.54,MULTIPLE_FACES
S09745,72.64,1,64.64,0.0,1,73.98,5.85,20.17,NO_FACE
S09746,99.0,1,1.11,0.0,2,54.67,14.57,30.76,NORMAL
S09747,99.99,1,0.04,0.0,5,74.56,6.58,18.86,NORMAL
S09748,100.0,1,0.0,0.0,9,31.17,9.09,59.74,LOOKING_AWAY
S09749,22.0,1,38.39,0.0,9,19.25,53.29,27.46,NO_FACE
S09750,99.82,1,0.84,0.0,3,31.62,12.02,56.36,LOOKING_RIGHT
S09751,100.0,2,0.0,81.96,7,53.58,35.78,10.64,MULTIPLE_FACES
S09752,99.2,1,4.3,0.0,12,13.29,52.34,34.37,LOOKING_AWAY
S09753,100.0,1,0.0,0.0,5,27.52,71.72,0.76,LOOKING_LEFT
S09754,99.34,1,1.95,0.0,1,85.3,5.89,8.81,NORMAL
S09755,100.0,1,0.0,0.0,3,35.59,39.81,24.6,LOOKING_LEFT
S09756,98.62,1,12.61,0.0,3,26.13,57.58,16.29,LOOKING_LEFT
S09757,63.44,3,172.17,121.19,1,91.69,7.9,0.41,MULTIPLE_FACES
S09758,100.0,1,0.0,0.0,3,63.65,23.54,12.81,NORMAL
S09759,100.0,1,0.0,0.0,0,77.29,18.39,4.32,NORMAL
S09760,0.0,0,856.93,0.0,0,100.0,0.0,0.0,NO_FACE
S09761,99.85,1,1.11,0.0,8,21.75,4.53,73.72,LOOKING_RIGHT
S09762,100.0,1,0.0,0.0,5,38.1,1.42,60.48,LOOKING_RIGHT
S09763,49.2,1,394.56,0.0,4,9.43,46.79,43.78,NO_FACE
S09764,99.92,2,0.55,262.4,1,91.32,2.39,6.29,MULTIPLE_FACES
S09765,76.93,2,74.98,145.37,10,71.56,17.85,10.59,MULTIPLE_FACES
S09766,100.0,1,0.0,0.0,2,78.96,19.5,1.54,NORMAL
S09767,99.76,1,2.47,0.0,9,35.45,24.98,39.57,LOOKING_AWAY
S09768,99.84,1,2.03,0.0,7,2.0,40.58,57.42,LOOKING_AWAY
S09769,100.0,1,0.0,0.0,8,44.04,25.22,30.74,LOOKING_AWAY
S09770,100.0,1,0.0,0.0,1,72.4,17.64,9.96,NORMAL
S09771,64.95,2,153.74,180.47,3,52.2,12.01,35.79,MULTIPLE_FACES
S09772,100.0,1,0.0,0.0,2,36.23,39.3,24.47,LOOKING_LEFT
S09773,91.71,1,5.41,0.0,5,49.63,49.06,1.31,LOOKING_LEFT
S09774,100.0,2,0.0,1.1,3,0.0,35.9,64.1,LOOKING_RIGHT
S09775,99.96,1,0.16,0.0,4,50.57,0.14,49.29,LOOKING_RIGHT
S09776,100.0,1,0.0,0.0,3,82.23,11.36,6.41,NORMAL
S09777,99.38,2,7.9,139.11,3,64.07,14.29,21.64,MULTIPLE_FACES
S09778,99.59,1,2.17,0.0,4,77.03,8.36,14.61,NORMAL
S09779,99.9,1,0.59,0.0,3,38.81,51.28,9.91,LOOKING_LEFT
S09780,100.0,1,0.0,0.0,5,11.39,74.12,14.49,LOOKING_LEFT
S09781,99.63,1,1.97,0.0,1,96.01,2.39,1.6,NORMAL
S09782,0.0,0,1356.59,0.0,0,100.0,0.0,0.0,NO_FACE
S09783,99.88,1,0.22,0.0,6,44.4,12.34,43.26,LOOKING_AWAY
S09784,100.0,1,0.0,0.0,3,78.05,7.01,14.94,NORMAL
S09785,99.7,1,3.7,0.0,4,74.63,15.11,10.26,NORMAL
S09786,0.0,0,912.41,0.0,0,100.0,0.0,0.0,NO_FACE
S09787,100.0,1,0.0,0.0,1,53.89,5.06,41.05,LOOKING_RIGHT
S09788,95.38,1,11.62,0.0,1,87.02,9.79,3.19,NORMAL
S09789,100.0,1,0.0,0.0,7,9.72,55.88,34.4,LOOKING_AWAY
S09790,100.0,1,0.0,0.0,0,57.27,34.07,8.66,LOOKING_LEFT
S09791,99.9,1,0.6,0.0,2,25.67,30.82,43.51,LOOKING_RIGHT
S09792,61.54,1,334.34,0.0,3,59.7,27.49,12.81,NO_FACE
S09793,100.0,1,0.0,0.0,3,81.57,10.25,8.18,NORMAL
S09794,79.87,1,85.96,0.0,3,88.44,2.07,9.49,NO_FACE
S09795,99.86,2,1.15,305.7,1,67.33,14.18,18.49,MULTIPLE_FACES
S09796,99.91,1,0.8,0.0,7,22.3,26.57,51.13,LOOKING_AWAY
S09797,100.0,1,0.0,0.0,9,46.47,27.31,26.22,LOOKING_AWAY
S09798,99.06,1,1.32,0.0,1,52.38,32.81,14.81,LOOKING_LEFT
S09799,99.91,1,0.58,0.0,1,77.47,3.61,18.92,NORMAL
S09800,100.0,1,0.0,0.0,3,24.02,9.64,66.34,LOOKING_RIGHT
S09801,100.0,1,0.0,0.0,2,85.77,9.92,4.31,NORMAL
S09802,99.89,1,0.39,0.0,4,24.54,21.87,53.59,LOOKING_RIGHT
S09803,60.39,1,74.87,0.0,3,90.2,4.08,5.72,NO_FACE
S09804,100.0,1,0.0,0.0,5,21.42,23.11,55.47,LOOKING_RIGHT
S09805,99.97,1,0.29,0.0,3,58.16,26.62,15.22,NORMAL
S09806,99.22,2,2.8,64.4,4,71.3,24.83,3.87,MULTIPLE_FACES
S09807,99.32,1,0.67,0.0,16,3.12,44.56,52.32,LOOKING_AWAY
S09808,97.6,2,10.88,313.92,1,62.03,29.42,8.55,MULTIPLE_FACES
S09809,98.7,1,1.17,0.0,2,77.72,10.68,11.6,NORMAL
S09810,18.01,1,311.11,0.0,2,77.65,6.2,16.15,NO_FACE
S09811,99.85,2,0.41,18.99,5,68.19,25.67,6.14,MULTIPLE_FACES
S09812,99.95,1,0.69,0.0,5,40.84,55.81,3.35,LOOKING_LEFT
S09813,100.0,1,0.0,0.0,2,45.49,38.46,16.05,LOOKING_LEFT
S09814,100.0,1,0.0,0.0,6,71.33,17.44,11.23,NORMAL
S09815,99.99,2,0.17,1.56,5,84.29,0.24,15.47,MULTIPLE_FACES
S09816,99.96,3,0.12,45.64,4,78.85,3.4,17.75,MULTIPLE_FACES
S09817,98.33,1,3.86,0.0,11,49.88,48.72,1.4,LOOKING_LEFT
S09818,100.0,1,0.0,0.0,5,40.42,45.51,14.07,LOOKING_AWAY
S09819,99.94,1,0.64,0.0,4,17.73,52.53,29.74,LOOKING_LEFT
S09820,99.61,1,0.76,0.0,7,63.16,2.41,34.43,LOOKING_RIGHT
S09821,99.88,1,0.68,0.0,6,56.4,4.96,38.64,NORMAL
S09822,100.0,3,0.0,1.99,4,60.21,27.77,12.02,MULTIPLE_FACES
S09823,99.76,1,2.25,0.0,2,60.81,30.53,8.66,NORMAL
S09824,73.24,1,55.68,0.0,1,86.54,7.14,6.32,NO_FACE
S09825,100.0,1,0.0,0.0,0,93.51,1.44,5.05,NORMAL
S09826,100.0,1,0.0,0.0,10,0.0,21.16,78.84,LOOKING_RIGHT
S09827,99.45,1,2.62,0.0,0,59.0,19.0,22.0,LOOKING_RIGHT
S09828,48.36,1,101.53,0.0,5,75.03,20.45,4.52,NO_FACE
S09829,100.0,1,0.0,0.0,1,67.77,12.41,19.82,NORMAL
S09830,99.96,1,0.62,0.0,2,43.45,49.31,7.24,LOOKING_LEFT
S09831,99.97,1,0.31,0.0,8,48.66,32.24,19.1,NORMAL
S09832,100.0,3,0.0,177.88,5,74.34,10.88,14.78,MULTIPLE_FACES
S09833,84.23,1,72.73,0.0,0,83.6,3.45,12.95,NO_FACE
S09834,83.66,1,51.92,0.0,7,14.83,65.71,19.46,NO_FACE
S09835,98.38,1,2.33,0.0,0,71.79,24.73,3.48,NORMAL
S09836,100.0,1,0.0,0.0,1,47.65,0.56,51.79,LOOKING_RIGHT
S09837,100.0,1,0.0,0.0,1,90.76,2.45,6.79,NORMAL
S09838,99.88,1,1.56,0.0,2,80.02,11.35,8.63,NORMAL
S09839,41.72,1,17.86,0.0,4,73.52,17.32,9.16,NO_FACE
S09840,100.0,3,0.0,283.3,3,77.08,9.92,13.0,MULTIPLE_FACES
S09841,100.0,1,0.0,0.0,2,47.87,43.02,9.11,LOOKING_LEFT
S09842,100.0,2,0.0,0.72,5,57.01,26.18,16.81,LOOKING_LEFT
S09843,100.0,1,0.0,0.0,8,39.23,41.9,18.87,LOOKING_AWAY
S09844,100.0,1,0.0,0.0,2,59.0,19.0,22.0,LOOKING_RIGHT
S09845,100.0,1,0.0,0.0,15,18.86,62.13,19.01,LOOKING_AWAY
S09846,100.0,1,0.0,0.0,4,51.36,36.53,12.11,LOOKING_LEFT
S09847,100.0,1,0.0,0.0,5,19.49,76.33,4.18,LOOKING_LEFT
S09848,100.0,1,0.0,0.0,5,78.47,7.54,13.99,NORMAL
S09849,96.32,1,6.19,0.0,7,33.13,31.28,35.59,LOOKING_RIGHT
S09850,97.93,1,11.32,0.0,6,35.36,62.8,1.84,LOOKING_LEFT
S09851,100.0,1,0.01,0.0,9,40.49,34.6,24.91,LOOKING_AWAY
S09852,100.0,1,0.0,0.0,2,81.96,4.28,13.76,NORMAL
S09853,69.86,3,100.82,81.05,2,77.05,8.56,14.39,MULTIPLE_FACES
S09854,99.97,1,0.4,0.0,6,35.53,24.81,39.66,LOOKING_AWAY
S09855,0.0,0,563.41,0.0,0,100.0,0.0,0.0,NO_FACE
S09856,10.98,1,712.91,0.0,1,85.07,12.08,2.85,NO_FACE
S09857,99.34,1,2.67,0.0,8,18.83,20.92,60.25,LOOKING_AWAY
S09858,99.88,1,1.4,0.0,0,55.99,27.48,16.53,LOOKING_LEFT
S09859,69.45,1,132.58,0.0,0,77.43,10.55,12.02,NO_FACE
S09860,100.0,1,0.0,0.0,4,51.24,48.28,0.48,LOOKING_LEFT
S09861,100.0,1,0.0,0.0,1,55.95,12.94,31.11,NORMAL
S09862,100.0,2,0.0,78.96,6,53.74,25.33,20.93,MULTIPLE_FACES
S09863,83.12,1,6.8,0.0,0,81.27,8.6,10.13,NO_FACE
S09864,99.63,1,0.67,0.0,3,83.64,7.8,8.56,NORMAL
S09865,100.0,1,0.0,0.0,3,38.8,58.25,2.95,LOOKING_LEFT
S09866,100.0,1,0.0,0.0,6,21.82,64.7,13.48,LOOKING_LEFT
S09867,100.0,1,0.0,0.0,3,36.08,30.46,33.46,LOOKING_RIGHT
S09868,99.75,1,1.21,0.0,3,79.84,15.45,4.71,NORMAL
S09869,100.0,1,0.0,0.0,1,50.84,37.85,11.31,LOOKING_LEFT
S09870,98.75,2,7.67,386.42,3,93.52,2.95,3.53,MULTIPLE_FACES
S09871,100.0,1,0.0,0.0,5,35.79,27.28,36.93,LOOKING_AWAY
S09872,99.92,1,0.53,0.0,0,54.95,12.82,32.23,LOOKING_RIGHT
S09873,23.99,1,70.17,0.0,2,75.82,14.56,9.62,NO_FACE
S09874,99.82,1,1.65,0.0,2,83.92,11.84,4.24,NORMAL
S09875,99.54,1,7.32,0.0,3,42.91,19.08,38.01,LOOKING_RIGHT
S09876,100.0,1,0.0,0.0,1,91.68,5.78,2.54,NORMAL
S09877,99.95,1,0.5,0.0,1,31.0,9.2,59.8,LOOKING_RIGHT
S09878,100.0,1,0.0,0.0,10,21.59,13.94,64.47,LOOKING_RIGHT
S09879,100.0,1,0.0,0.0,4,56.46,43.08,0.46,LOOKING_LEFT
S09880,100.0,2,0.0,2.87,3,77.74,20.4,1.86,MULTIPLE_FACES
S09881,100.0,1,0.0,0.0,5,72.17,11.16,16.67,NORMAL
S09882,74.44,2,138.52,240.61,5,90.12,2.64,7.24,MULTIPLE_FACES
S09883,100.0,1,0.05,0.0,3,32.42,57.5,10.08,LOOKING_LEFT
S09884,98.02,1,8.32,0.0,7,30.93,32.72,36.35,LOOKING_AWAY
S09885,98.68,1,10.84,0.0,2,49.8,47.59,2.61,LOOKING_LEFT
S09886,98.14,2,1.93,0.26,2,81.19,4.41,14.4,NORMAL
S09887,100.0,1,0.0,0.0,8,16.85,5.51,77.64,LOOKING_RIGHT
S09888,100.0,1,0.0,0.0,2,69.96,12.27,17.77,NORMAL
S09889,6.29,1,47.8,0.0,1,80.33,10.42,9.25,NO_FACE
S09890,100.0,1,0.0,0.0,9,21.14,3.39,75.47,LOOKING_RIGHT
S09891,99.75,2,1.88,18.46,3,65.64,11.14,23.22,MULTIPLE_FACES
S09892,100.0,1,0.0,0.0,11,14.03,44.35,41.62,LOOKING_AWAY
S09893,99.98,1,0.07,0.0,8,27.48,9.73,62.79,LOOKING_RIGHT
S09894,43.21,1,411.7,0.0,0,72.72,17.5,9.78,NO_FACE
S09895,100.0,1,0.0,0.0,11,19.95,40.28,39.77,LOOKING_AWAY
S09896,100.0,1,0.0,0.0,2,91.54,6.5,1.96,NORMAL
S09897,99.97,1,0.19,0.0,4,67.09,8.97,23.94,LOOKING_RIGHT
S09898,38.94,1,343.07,0.0,4,36.04,19.79,44.17,NO_FACE
S09899,94.89,1,6.98,0.0,5,27.23,2.88,69.89,LOOKING_RIGHT
S09900,100.0,1,0.0,0.0,5,51.7,44.18,4.12,LOOKING_LEFT
S09901,30.17,1,624.04,0.0,1,92.17,6.59,1.24,NO_FACE
S09902,99.86,1,0.7,0.0,6,37.06,55.3,7.64,LOOKING_LEFT
S09903,79.4,1,10.71,0.0,5,51.28,23.75,24.97,NO_FACE
S09904,100.0,1,0.0,0.0,3,40.26,49.13,10.61,LOOKING_LEFT
S09905,100.0,1,0.0,0.0,3,87.85,6.04,6.11,NORMAL
S09906,100.0,1,0.0,0.0,4,33.05,59.78,7.17,LOOKING_LEFT
S09907,100.0,1,0.0,0.0,3,54.39,43.95,1.66,LOOKING_LEFT
S09908,100.0,2,0.0,396.0,4,93.23,2.69,4.08,MULTIPLE_FACES
S09909,99.82,1,1.93,0.0,11,25.45,15.26,59.29,LOOKING_AWAY
S09910,60.76,1,289.45,0.0,0,46.97,31.18,21.85,NO_FACE
S09911,99.03,1,1.37,0.0,5,65.62,5.92,28.46,NORMAL
S09912,71.27,3,103.62,162.92,2,85.68,4.27,10.05,MULTIPLE_FACES
S09913,67.59,1,42.06,0.0,2,53.29,34.44,12.27,NO_FACE
S09914,99.66,1,1.86,0.0,2,32.82,10.49,56.69,LOOKING_RIGHT
S09915,99.7,1,1.72,0.0,6,67.23,13.84,18.93,NORMAL
S09916,90.43,1,15.1,0.0,1,80.06,6.92,13.02,NORMAL
S09917,100.0,2,0.0,69.25,6,56.39,22.05,21.56,MULTIPLE_FACES
S09918,100.0,1,0.0,0.0,3,40.71,6.19,53.1,LOOKING_RIGHT
S09919,100.0,1,0.0,0.0,7,2.0,56.9,41.1,LOOKING_AWAY
S09920,100.0,1,0.0,0.0,6,26.32,26.4,47.28,LOOKING_AWAY
S09921,99.75,1,0.99,0.0,6,17.09,64.04,18.87,LOOKING_LEFT
S09922,99.6,2,1.71,39.6,5,52.4,33.1,14.5,MULTIPLE_FACES
S09923,94.55,4,10.1,49.67,3,48.36,39.61,12.03,MULTIPLE_FACES
S09924,100.0,1,0.0,0.0,11,25.3,58.72,15.98,LOOKING_AWAY
S09925,100.0,1,0.0,0.0,5,51.34,35.19,13.47,NORMAL
S09926,99.96,1,0.2,0.0,9,25.17,19.17,55.66,LOOKING_AWAY
S09927,100.0,1,0.0,0.0,8,27.29,21.89,50.82,LOOKING_RIGHT
S09928,98.45,1,6.58,0.0,0,55.08,29.73,15.19,LOOKING_LEFT
S09929,100.0,1,0.0,0.0,4,42.01,1.8,56.19,LOOKING_RIGHT
S09930,100.0,1,0.0,0.0,5,14.27,83.34,2.39,LOOKING_LEFT
S09931,100.0,1,0.0,0.0,9,17.11,26.49,56.4,LOOKING_RIGHT
S09932,100.0,1,0.0,0.0,2,93.4,1.08,5.52,NORMAL
S09933,100.0,1,0.0,0.0,6,11.55,45.71,42.74,LOOKING_AWAY
S09934,99.79,1,1.89,0.0,4,32.75,10.23,57.02,LOOKING_RIGHT
S09935,100.0,1,0.0,0.0,1,89.25,1.92,8.83,NORMAL
S09936,100.0,2,0.0,238.02,2,87.28,1.83,10.89,MULTIPLE_FACES
S09937,100.0,1,0.0,0.0,0,90.88,2.4,6.72,NORMAL
S09938,100.0,1,0.0,0.0,2,69.02,24.88,6.1,LOOKING_LEFT
S09939,100.0,2,0.0,0.94,7,48.78,45.96,5.26,LOOKING_LEFT
S09940,99.81,1,0.29,0.0,11,5.93,80.81,13.26,LOOKING_AWAY
S09941,100.0,1,0.0,0.0,2,51.31,17.34,31.35,LOOKING_RIGHT
S09942,46.47,1,421.14,0.0,6,5.77,57.68,36.55,NO_FACE
S09943,99.84,1,0.85,0.0,1,77.4,16.37,6.23,NORMAL
S09944,0.0,0,1246.29,0.0,0,100.0,0.0,0.0,NO_FACE
S09945,99.88,1,0.74,0.0,1,37.66,17.53,44.81,LOOKING_RIGHT
S09946,38.6,1,465.51,0.0,4,69.87,5.51,24.62,NO_FACE
S09947,100.0,1,0.0,0.0,0,74.59,19.91,5.5,NORMAL
S09948,56.65,1,300.33,0.0,0,73.96,8.12,17.92,NO_FACE
S09949,100.0,1,0.0,0.0,4,5.0,18.92,76.08,LOOKING_RIGHT
S09950,100.0,1,0.0,0.0,4,84.25,6.48,9.27,NORMAL
S09951,98.1,1,9.93,0.0,5,28.36,20.25,51.39,LOOKING_AWAY
S09952,100.0,1,0.0,0.0,4,59.67,3.91,36.42,LOOKING_RIGHT
S09953,100.0,2,0.0,340.0,3,71.24,22.47,6.29,MULTIPLE_FACES
S09954,98.85,1,15.38,0.0,4,25.35,70.42,4.23,LOOKING_LEFT
S09955,100.0,1,0.0,0.0,8,32.05,15.3,52.65,LOOKING_AWAY
S09956,100.0,1,0.0,0.0,2,34.55,8.52,56.93,LOOKING_RIGHT
S09957,34.67,1,487.01,0.0,3,64.03,16.2,19.77,NO_FACE
S09958,100.0,1,0.0,0.0,6,10.53,17.75,71.72,LOOKING_RIGHT
S09959,99.65,1,0.76,0.0,4,39.88,2.71,57.41,LOOKING_RIGHT
S09960,100.0,1,0.0,0.0,13,32.36,22.12,45.52,LOOKING_AWAY
S09961,99.96,3,0.32,295.06,4,57.79,36.37,5.84,MULTIPLE_FACES
S09962,100.0,1,0.0,0.0,12,23.48,35.11,41.41,LOOKING_AWAY
S09963,19.01,1,765.65,0.0,1,86.54,3.77,9.69,NO_FACE
S09964,53.93,1,149.78,0.0,4,7.78,74.58,17.64,NO_FACE
S09965,99.93,1,1.11,0.0,0,92.35,5.94,1.71,NORMAL
S09966,99.98,1,0.21,0.0,3,66.53,22.7,10.77,NORMAL
S09967,100.0,1,0.0,0.0,3,37.08,14.25,48.67,LOOKING_RIGHT
S09968,99.55,1,1.96,0.0,2,79.56,6.6,13.84,NORMAL
S09969,99.88,3,0.81,300.64,5,51.02,27.22,21.76,MULTIPLE_FACES
S09970,0.0,0,1762.84,0.0,0,100.0,0.0,0.0,NO_FACE
S09971,74.2,1,89.51,0.0,1,45.0,19.72,35.28,NO_FACE
S09972,99.87,1,0.22,0.0,4,86.43,1.69,11.88,NORMAL
S09973,99.73,1,3.68,0.0,5,29.31,26.57,44.12,LOOKING_AWAY
S09974,40.07,1,485.66,0.0,2,81.43,10.31,8.26,NO_FACE
S09975,100.0,1,0.0,0.0,1,86.28,10.36,3.36,NORMAL
S09976,99.86,1,1.51,0.0,7,24.43,8.29,67.28,LOOKING_RIGHT
S09977,32.48,1,213.69,0.0,0,84.99,9.77,5.24,NO_FACE
S09978,100.0,1,0.0,0.0,9,35.55,37.89,26.56,LOOKING_AWAY
S09979,98.33,1,1.67,0.0,8,29.98,26.4,43.62,LOOKING_AWAY
S09980,99.98,1,0.12,0.0,3,0.44,77.6,21.96,LOOKING_LEFT
S09981,58.34,1,50.93,0.0,4,69.48,19.22,11.3,NO_FACE
S09982,100.0,2,0.0,30.76,2,85.83,6.9,7.27,MULTIPLE_FACES
S09983,100.0,1,0.0,0.0,2,51.19,42.67,6.14,NORMAL
S09984,97.47,1,1.58,0.0,8,9.73,66.74,23.53,LOOKING_LEFT
S09985,62.61,2,51.9,1.35,2,75.85,11.42,12.73,MULTIPLE_FACES
S09986,100.0,2,0.0,21.8,4,69.76,19.91,10.33,MULTIPLE_FACES
S09987,99.87,1,1.68,0.0,6,70.88,18.1,11.02,NORMAL
S09988,98.38,1,17.83,0.0,5,42.29,51.97,5.74,LOOKING_LEFT
S09989,100.0,1,0.0,0.0,2,89.08,6.13,4.79,NORMAL
S09990,98.75,1,1.15,0.0,7,64.76,10.01,25.23,NORMAL
S09991,100.0,1,0.0,0.0,4,44.17,18.69,37.14,LOOKING_RIGHT
S09992,100.0,1,0.0,0.0,2,61.83,35.09,3.08,LOOKING_LEFT
S09993,99.59,2,2.93,73.13,3,72.05,15.0,12.95,MULTIPLE_FACES
S09994,100.0,1,0.0,0.0,4,73.58,13.53,12.89,NORMAL
S09995,99.86,1,1.03,0.0,6,0.0,72.51,27.49,LOOKING_LEFT
S09996,100.0,1,0.0,0.0,5,9.26,61.7,29.04,LOOKING_LEFT
S09997,95.78,3,13.29,18.93,8,52.14,25.26,22.6,MULTIPLE_FACES
S09998,99.54,2,6.19,436.93,4,56.67,8.78,34.55,MULTIPLE_FACES
S09999,99.95,1,0.45,0.0,4,86.91,2.47,10.62,NORMAL
S10000,99.89,1,0.99,0.0,1,35.82,30.59,33.59,LOOKING_RIGHT
